fecha,orden_trabajo,centro_trabajo,estado_ot,empleado,puesto,departamento,qty_planificada,qty_producida,avance_pct,duracion_esperada_min,duracion_real_min,minutos_empleado_hoy,ot_fecha_inicio,ot_fecha_fin,emp_fecha_inicio,emp_fecha_fin,actualizado
2026-08-17,SEM/MO/00706 - Liberación,LIMPIEZA,Terminada,Sin registro hoy,,,810.0,855.0,105.6,0.5,30.0,0,2026-06-30 15:30,2026-06-30 15:30,,,2026-08-17 23:45:56
2026-08-17,SEM/MO/00775 - Tachos,TACHOS,Terminada,Sin registro hoy,,,1504.0,1744.0,116.0,0.0,147.5,0,2026-07-09 06:28,2026-07-13 08:42,,,2026-08-17 23:45:56
2026-08-17,SEM/MO/00819 - Tachos,TACHOS,Terminada,Sin registro hoy,,,2016.0,2070.0,102.7,0.0,222.4,0,2026-07-13 16:41,2026-07-14 12:08,,,2026-08-17 23:45:56
2026-08-17,SEM/MO/00831 - Calentamiento,CALENTAMIENTO,Terminada,Sin registro hoy,,,9720.0,11298.0,116.2,0.0,215.8,0,2026-07-15 15:55,2026-07-16 09:18,,,2026-08-17 23:45:56
2026-08-17,SEM/MO/00852 - Rallado,RALLADO,Terminada,Sin registro hoy,,,300.0,484.0,161.3,0.0,90.4,0,2026-07-15 16:32,2026-07-16 09:30,,,2026-08-17 23:45:56
2026-08-17,SEM/MO/00001 - Liberación ,LIMPIEZA,Terminada,Sin registro hoy,,,1500.0,1104.0,73.6,66.2,55.0,0,2026-04-07 09:46,2026-04-07 09:46,,,2026-08-17 23:45:56
2026-08-17,SEM/MO/00003 - Liberación ,LIMPIEZA,Terminada,Sin registro hoy,,,11350.0,11571.0,101.9,826.9,155.0,0,2026-04-07 12:13,2026-04-07 12:13,,,2026-08-17 23:45:56
2026-08-17,SEM/MO/00002 - Liberación ,LIMPIEZA,Terminada,Sin registro hoy,,,9750.0,10806.0,110.8,486.3,309.2,0,2026-04-07 12:29,2026-04-07 12:29,,,2026-08-17 23:45:56
2026-08-17,SEM/MO/00009 - Liberación ,LIMPIEZA,Terminada,Sin registro hoy,,,2600.0,2452.0,94.3,220.7,15.0,0,2026-04-07 12:55,2026-04-07 12:55,,,2026-08-17 23:45:56
2026-08-17,SEM/MO/00016 - Liberación ,LIMPIEZA,Terminada,Sin registro hoy,,,120.0,120.0,100.0,10.8,10.8,0,2026-04-07 13:08,2026-04-07 13:08,,,2026-08-17 23:45:56
2026-08-17,SEM/MO/00014 - Liberación ,LIMPIEZA,Terminada,Sin registro hoy,,,28500.0,25703.0,90.2,1156.6,385.0,0,2026-04-07 18:29,2026-04-07 18:29,,,2026-08-17 23:45:56
2026-08-17,SEM/MO/00004 - Liberación ,LIMPIEZA,Terminada,Sin registro hoy,,,600.0,812.0,135.3,73.1,565.7,0,2026-04-07 18:42,2026-04-07 18:42,,,2026-08-17 23:45:56
2026-08-17,SEM/MO/00020 - Liberación ,LIMPIEZA,Terminada,Sin registro hoy,,,1211.0,1211.0,100.0,54.5,54.5,0,2026-04-07 18:51,2026-04-07 18:51,,,2026-08-17 23:45:56
2026-08-17,SEM/MO/00005 - Liberación ,LIMPIEZA,Terminada,Sin registro hoy,,,11000.0,13836.0,125.8,622.6,145.4,0,2026-04-07 18:58,2026-04-07 18:58,,,2026-08-17 23:45:56
2026-08-17,SEM/MO/00022 - Liberación ,LIMPIEZA,Terminada,Sin registro hoy,,,1004.0,1004.0,100.0,45.2,45.2,0,2026-04-07 19:15,2026-04-07 19:15,,,2026-08-17 23:45:56
2026-08-17,SEM/MO/00025 - Liberación ,LIMPIEZA,Terminada,Sin registro hoy,,,2711.0,2711.0,100.0,122.0,122.0,0,2026-04-07 19:22,2026-04-07 19:22,,,2026-08-17 23:45:56
2026-08-17,SEM/MO/00031 - Liberación ,LIMPIEZA,Terminada,Sin registro hoy,,,1040.0,1040.0,100.0,62.4,35.0,0,2026-04-08 18:02,2026-04-08 18:02,,,2026-08-17 23:45:56
2026-08-17,SEM/MO/00023 - Liberación ,LIMPIEZA,Terminada,Sin registro hoy,,,5100.0,5012.0,98.3,358.2,59.0,0,2026-04-08 18:06,2026-04-08 18:06,,,2026-08-17 23:45:56
2026-08-17,SEM/MO/00050 - Liberación ,LIMPIEZA,Terminada,Sin registro hoy,,,812.0,812.0,100.0,73.1,60.0,0,2026-04-10 08:37,2026-04-10 08:37,,,2026-08-17 23:45:56
2026-08-17,SEM/MO/00034 - Liberación ,LIMPIEZA,Terminada,Sin registro hoy,,,504.0,376.0,74.6,22.6,60.0,0,2026-04-10 10:25,2026-04-10 10:25,,,2026-08-17 23:45:56
2026-08-17,SEM/MO/00035 - Liberación ,LIMPIEZA,Terminada,Sin registro hoy,,,10000.0,9980.0,99.8,713.2,120.0,0,2026-04-10 11:02,2026-04-10 11:02,,,2026-08-17 23:45:56
2026-08-17,SEM/MO/00033 - Liberación ,LIMPIEZA,Terminada,Sin registro hoy,,,1000.0,843.0,84.3,50.6,65.0,0,2026-04-10 12:42,2026-04-10 12:42,,,2026-08-17 23:45:56
2026-08-17,SEM/MO/00037 - Liberación ,LIMPIEZA,Terminada,Sin registro hoy,,,1000.0,1264.0,126.4,75.8,75.0,0,2026-04-14 11:00,2026-04-14 11:00,,,2026-08-17 23:45:56
2026-08-17,SEM/MO/00053 - Liberación ,LIMPIEZA,Terminada,Sin registro hoy,,,3000.0,1690.0,56.3,120.8,65.0,0,2026-04-14 12:22,2026-04-14 12:22,,,2026-08-17 23:45:56
2026-08-17,SEM/MO/00036 - Liberación ,LIMPIEZA,Terminada,Sin registro hoy,,,8000.0,3381.0,42.3,241.6,120.0,0,2026-04-14 12:23,2026-04-14 12:23,,,2026-08-17 23:45:56
2026-08-17,SEM/MO/00038 - Liberación ,LIMPIEZA,Terminada,Sin registro hoy,,,10000.0,12311.0,123.1,879.7,160.0,0,2026-04-14 12:26,2026-04-14 12:26,,,2026-08-17 23:45:56
2026-08-17,SEM/MO/00039 - Liberación ,LIMPIEZA,Terminada,Sin registro hoy,,,4000.0,3929.0,98.2,280.8,140.0,0,2026-04-14 12:54,2026-04-14 12:54,,,2026-08-17 23:45:56
2026-08-17,SEM/MO/00051 - Liberación ,LIMPIEZA,Terminada,Sin registro hoy,,,1000.0,1238.0,123.8,74.3,60.0,0,2026-04-14 13:05,2026-04-14 13:05,,,2026-08-17 23:45:56
2026-08-17,SEM/MO/00052 - Liberación ,LIMPIEZA,Terminada,Sin registro hoy,,,16200.0,14577.0,90.0,656.0,390.2,0,2026-04-14 13:11,2026-04-14 13:11,,,2026-08-17 23:45:56
2026-08-17,SEM/MO/00105 - Liberación ,LIMPIEZA,Terminada,Sin registro hoy,,,11000.0,11264.0,102.4,506.9,195.0,0,2026-04-16 10:08,2026-04-16 10:08,,,2026-08-17 23:45:56
2026-08-17,SEM/MO/00061 - Liberación ,LIMPIEZA,Terminada,Sin registro hoy,,,7600.0,7474.0,98.3,534.1,100.0,0,2026-04-16 10:43,2026-04-16 10:43,,,2026-08-17 23:45:56
2026-08-17,SEM/MO/00060 - Liberación ,LIMPIEZA,Terminada,Sin registro hoy,,,600.0,1733.0,288.8,156.0,75.0,0,2026-04-16 11:29,2026-04-16 11:29,,,2026-08-17 23:45:56
2026-08-17,SEM/MO/00055 - Liberación ,LIMPIEZA,Terminada,Sin registro hoy,,,1200.0,1437.0,119.8,129.3,70.4,0,2026-04-16 11:31,2026-04-16 11:31,,,2026-08-17 23:45:56
2026-08-17,SEM/MO/00059 - Liberación ,LIMPIEZA,Terminada,Sin registro hoy,,,6500.0,6672.0,102.6,476.8,185.3,0,2026-04-16 11:44,2026-04-16 11:44,,,2026-08-17 23:45:56
2026-08-17,SEM/MO/00082 - Liberación ,LIMPIEZA,Terminada,Sin registro hoy,,,16200.0,16178.0,99.9,728.0,300.0,0,2026-04-20 09:05,2026-04-20 09:05,,,2026-08-17 23:45:56
2026-08-17,SEM/MO/00120 - Liberación ,LIMPIEZA,Terminada,Sin registro hoy,,,3800.0,4220.0,111.1,301.6,100.0,0,2026-04-20 09:29,2026-04-20 09:29,,,2026-08-17 23:45:56
2026-08-17,SEM/MO/00078 - Liberación ,LIMPIEZA,Terminada,Sin registro hoy,,,900.0,860.0,95.6,77.4,40.0,0,2026-04-20 09:45,2026-04-20 09:45,,,2026-08-17 23:45:56
2026-08-17,SEM/MO/00109 - Liberación ,LIMPIEZA,Terminada,Sin registro hoy,,,1200.0,1220.0,101.7,87.2,50.0,0,2026-04-20 09:47,2026-04-20 09:47,,,2026-08-17 23:45:56
2026-08-17,SEM/MO/00006 - Liberación ,LIMPIEZA,Terminada,Sin registro hoy,,,4000.0,3835.0,95.9,172.6,30.0,0,2026-04-20 09:53,2026-04-20 09:53,,,2026-08-17 23:45:56
2026-08-17,SEM/MO/00028 - Liberación ,LIMPIEZA,Terminada,Sin registro hoy,,,8000.0,6831.0,85.4,488.1,70.0,0,2026-04-20 09:58,2026-04-20 09:58,,,2026-08-17 23:45:56
2026-08-17,SEM/MO/00110 - Liberación ,LIMPIEZA,Terminada,Sin registro hoy,,,1000.0,1617.0,161.7,115.5,90.9,0,2026-04-20 10:16,2026-04-20 10:16,,,2026-08-17 23:45:56
2026-08-17,SEM/MO/00127 - Lavado y desinfección,LAVADO 2,Terminada,Sin registro hoy,,,810.0,855.0,105.6,22.3,50.0,0,2026-04-21 12:19,2026-04-21 12:19,,,2026-08-17 23:45:56
2026-08-17,SEM/MO/00121 - Liberación ,LIMPIEZA,Terminada,Sin registro hoy,,,1498.0,756.0,50.5,45.4,45.0,0,2026-04-21 12:34,2026-04-21 12:34,,,2026-08-17 23:45:56
2026-08-17,SEM/MO/00129 - Liberación ,LIMPIEZA,Terminada,Sin registro hoy,,,12960.0,12400.0,95.7,558.0,85.0,0,2026-04-21 12:44,2026-04-21 12:44,,,2026-08-17 23:45:56
2026-08-17,SEM/MO/00062 - Liberación ,LIMPIEZA,Terminada,Sin registro hoy,,,12000.0,11730.0,97.8,527.9,100.0,0,2026-04-21 12:51,2026-04-21 12:51,,,2026-08-17 23:45:56
2026-08-17,SEM/MO/00115 - Liberación ,LIMPIEZA,Terminada,Sin registro hoy,,,700.0,752.0,107.4,45.1,60.0,0,2026-04-21 14:10,2026-04-21 14:10,,,2026-08-17 23:45:56
2026-08-17,SEM/MO/00128 - Liberación ,LIMPIEZA,Terminada,Sin registro hoy,,,2600.0,3349.0,128.8,239.3,40.0,0,2026-04-21 15:50,2026-04-21 15:50,,,2026-08-17 23:45:56
2026-08-17,SEM/MO/00130 - Liberación ,LIMPIEZA,Terminada,Sin registro hoy,,,336.0,368.0,109.5,22.1,35.0,0,2026-04-21 16:02,2026-04-21 16:02,,,2026-08-17 23:45:56
2026-08-17,SEM/MO/00081 - Liberación ,LIMPIEZA,Terminada,Sin registro hoy,,,4500.0,5044.0,112.1,360.4,105.0,0,2026-04-21 16:23,2026-04-21 16:23,,,2026-08-17 23:45:56
2026-08-17,SEM/MO/00145 - Liberación ,LIMPIEZA,Terminada,Sin registro hoy,,,1300.0,2302.0,177.1,164.5,60.0,0,2026-04-21 17:47,2026-04-21 17:47,,,2026-08-17 23:45:56
2026-08-17,SEM/MO/00146 - Lavado y desinfección,LAVADO 2,Terminada,Sin registro hoy,,,11000.0,12574.0,114.3,722.6,230.0,0,2026-04-21 18:29,2026-04-21 18:29,,,2026-08-17 23:45:56
2026-08-17,SEM/MO/00147 - Liberación ,LIMPIEZA,Terminada,Sin registro hoy,,,800.0,368.0,46.0,33.1,70.2,0,2026-04-21 18:50,2026-04-21 18:50,,,2026-08-17 23:45:56
2026-08-17,SEM/MO/00122 - Liberación ,LIMPIEZA,Terminada,Sin registro hoy,,,650.0,616.0,94.8,37.0,55.0,0,2026-04-21 22:47,2026-04-21 22:47,,,2026-08-17 23:45:56
2026-08-17,SEM/MO/00169 - Liberación ,LIMPIEZA,Terminada,Sin registro hoy,,,516.0,408.0,79.1,24.5,45.0,0,2026-04-22 12:28,2026-04-22 12:28,,,2026-08-17 23:45:56
2026-08-17,SEM/MO/00171 - Liberación ,LIMPIEZA,Terminada,Sin registro hoy,,,10000.0,2578.0,25.8,184.2,85.0,0,2026-04-23 09:05,2026-04-23 09:05,,,2026-08-17 23:45:56
2026-08-17,SEM/MO/00170 - Liberación ,LIMPIEZA,Terminada,Sin registro hoy,,,10300.0,10283.0,99.8,462.7,105.0,0,2026-04-23 09:08,2026-04-23 09:08,,,2026-08-17 23:45:56
2026-08-17,SEM/MO/00173 - Liberación ,LIMPIEZA,Terminada,Sin registro hoy,,,1120.0,1360.0,121.4,81.6,85.0,0,2026-04-24 00:58,2026-04-24 00:58,,,2026-08-17 23:45:56
2026-08-17,SEM/MO/00179 - Liberación ,LIMPIEZA,Terminada,Sin registro hoy,,,2000.0,2012.0,100.6,120.7,45.0,0,2026-04-24 12:10,2026-04-24 12:10,,,2026-08-17 23:45:56
2026-08-17,SEM/MO/00177 - Liberación ,LIMPIEZA,Terminada,Sin registro hoy,,,9000.0,8642.0,96.0,388.9,388.9,0,2026-04-24 12:11,2026-04-24 12:11,,,2026-08-17 23:45:56
2026-08-17,SEM/MO/00203 - Liberación ,LIMPIEZA,Terminada,Sin registro hoy,,,1312.0,1312.0,100.0,78.7,85.0,0,2026-04-24 15:48,2026-04-24 15:48,,,2026-08-17 23:45:56
2026-08-17,SEM/MO/00200 - Liberación ,LIMPIEZA,Terminada,Sin registro hoy,,,4700.0,4257.0,90.6,191.6,191.6,0,2026-04-27 19:53,2026-04-27 19:53,,,2026-08-17 23:45:56
2026-08-17,SEM/MO/00198 - Liberación ,LIMPIEZA,Terminada,Sin registro hoy,,,11500.0,11538.0,100.3,519.2,90.0,0,2026-04-27 20:22,2026-04-27 20:22,,,2026-08-17 23:45:56
2026-08-17,SEM/MO/00209 - Liberación ,LIMPIEZA,Terminada,Sin registro hoy,,,32940.0,32940.0,100.0,1482.3,120.0,0,2026-04-27 23:26,2026-04-27 23:26,,,2026-08-17 23:45:56
2026-08-17,SEM/MO/00221 - Liberación ,LIMPIEZA,Terminada,Sin registro hoy,,,1300.0,1360.0,104.6,81.6,165.1,0,2026-04-30 13:32,2026-04-30 13:32,,,2026-08-17 23:45:56
2026-08-17,SEM/MO/00214 - Liberación ,LIMPIEZA,Terminada,Sin registro hoy,,,14000.0,13966.0,99.8,628.5,160.8,0,2026-04-30 14:21,2026-04-30 14:21,,,2026-08-17 23:45:56
2026-08-17,SEM/MO/00222 - Liberación ,LIMPIEZA,Terminada,Sin registro hoy,,,8000.0,8063.0,100.8,362.8,115.2,0,2026-04-30 15:46,2026-04-30 15:46,,,2026-08-17 23:45:56
2026-08-17,SEM/MO/00218 - Liberación ,LIMPIEZA,Terminada,Sin registro hoy,,,13000.0,13132.0,101.0,590.9,155.0,0,2026-04-30 16:14,2026-04-30 16:14,,,2026-08-17 23:45:56
2026-08-17,SEM/MO/00224 - Liberación ,LIMPIEZA,Terminada,Sin registro hoy,,,10000.0,12069.0,120.7,543.1,65.0,0,2026-04-30 16:30,2026-04-30 16:30,,,2026-08-17 23:45:56
2026-08-17,SEM/MO/00225 - Liberación ,LIMPIEZA,Terminada,Sin registro hoy,,,2800.0,2120.0,75.7,127.2,100.1,0,2026-04-30 16:59,2026-04-30 16:59,,,2026-08-17 23:45:56
2026-08-17,SEM/MO/00180 - Liberación ,LIMPIEZA,Terminada,Sin registro hoy,,,3510.0,2376.0,67.7,142.6,80.0,0,2026-04-30 17:08,2026-04-30 17:08,,,2026-08-17 23:45:56
2026-08-17,SEM/MO/00233 - Liberación ,LIMPIEZA,Terminada,Sin registro hoy,,,6700.0,7302.0,109.0,328.6,120.0,0,2026-05-04 17:03,2026-05-04 17:03,,,2026-08-17 23:45:56
2026-08-17,SEM/MO/00236 - Liberación ,LIMPIEZA,Terminada,Sin registro hoy,,,8000.0,6853.0,85.7,308.4,134.8,0,2026-05-04 17:24,2026-05-04 17:24,,,2026-08-17 23:45:56
2026-08-17,SEM/MO/00230 - Lavado y desinfección,LAVADO 2,Terminada,Sin registro hoy,,,600.0,600.0,100.0,15.7,65.2,0,2026-05-04 17:25,2026-05-04 17:25,,,2026-08-17 23:45:56
2026-08-17,SEM/MO/00254 - Liberación ,LIMPIEZA,Terminada,Sin registro hoy,,,13000.0,12724.0,97.9,572.6,75.0,0,2026-05-05 08:30,2026-05-05 08:30,,,2026-08-17 23:45:56
2026-08-17,SEM/MO/00253 - Lavado y desinfección,LAVADO 2,Terminada,Sin registro hoy,,,450.0,480.0,106.7,12.5,50.0,0,2026-05-05 08:46,2026-05-05 08:46,,,2026-08-17 23:45:56
2026-08-17,SEM/MO/00252 - Liberación ,LIMPIEZA,Terminada,Sin registro hoy,,,9800.0,9794.0,99.9,440.7,165.0,0,2026-05-05 09:11,2026-05-05 09:11,,,2026-08-17 23:45:56
2026-08-17,SEM/MO/00267 - Liberación ,LIMPIEZA,Terminada,Sin registro hoy,,,16500.0,16442.0,99.6,739.9,150.1,0,2026-05-05 12:41,2026-05-05 12:41,,,2026-08-17 23:45:56
2026-08-17,SEM/MO/00266 - Liberación ,LIMPIEZA,Terminada,Sin registro hoy,,,2500.0,889.0,35.6,63.5,150.0,0,2026-05-05 12:42,2026-05-05 12:42,,,2026-08-17 23:45:56
2026-08-17,SEM/MO/00286 - Liberación ,LIMPIEZA,Terminada,Sin registro hoy,,,3000.0,2990.0,99.7,134.6,45.0,0,2026-05-07 14:57,2026-05-07 14:57,,,2026-08-17 23:45:56
2026-08-17,SEM/MO/00305 - Liberación ,LIMPIEZA,Terminada,Sin registro hoy,,,4500.0,4228.0,94.0,302.1,35.0,0,2026-05-11 15:54,2026-05-11 15:54,,,2026-08-17 23:45:56
2026-08-17,SEM/MO/00298 - Liberación ,LIMPIEZA,Terminada,Sin registro hoy,,,1000.0,910.0,91.0,54.6,40.0,0,2026-05-11 16:17,2026-05-11 16:17,,,2026-08-17 23:45:56
2026-08-17,SEM/MO/00312 - Liberación ,LIMPIEZA,Terminada,Sin registro hoy,,,1000.0,1100.0,110.0,66.0,95.0,0,2026-05-12 08:53,2026-05-12 08:53,,,2026-08-17 23:45:56
2026-08-17,SEM/MO/00326 - Liberación ,LIMPIEZA,Terminada,Sin registro hoy,,,3520.0,3520.0,100.0,211.2,80.0,0,2026-05-12 12:24,2026-05-12 12:25,,,2026-08-17 23:45:56
2026-08-17,SEM/MO/00324-001 - Liberación ,LIMPIEZA,Terminada,Sin registro hoy,,,2989.0,2989.0,100.0,134.5,125.0,0,2026-05-12 12:28,2026-05-12 12:28,,,2026-08-17 23:45:56
2026-08-17,SEM/MO/00288 - Liberación ,LIMPIEZA,Terminada,Sin registro hoy,,,1200.0,2256.0,188.0,203.0,45.0,0,2026-05-13 03:51,2026-05-13 03:51,,,2026-08-17 23:45:56
2026-08-17,SEM/MO/00282 - Liberación ,LIMPIEZA,Terminada,Sin registro hoy,,,2520.0,3033.0,120.4,216.7,30.0,0,2026-05-13 04:02,2026-05-13 04:02,,,2026-08-17 23:45:56
2026-08-17,SEM/MO/00297 - Liberación ,LIMPIEZA,Terminada,Sin registro hoy,,,994.0,980.0,98.6,58.8,80.0,0,2026-05-13 04:23,2026-05-13 04:23,,,2026-08-17 23:45:56
2026-08-17,SEM/MO/00317 - Liberación ,LIMPIEZA,Terminada,Sin registro hoy,,,4000.0,1851.0,46.3,132.3,30.0,0,2026-05-13 05:14,2026-05-13 05:14,,,2026-08-17 23:45:56
2026-08-17,SEM/MO/00323 - Liberación ,LIMPIEZA,Terminada,Sin registro hoy,,,10000.0,9105.0,91.0,650.6,75.0,0,2026-05-13 09:10,2026-05-13 09:10,,,2026-08-17 23:45:56
2026-08-17,SEM/MO/00336 - Liberación ,LIMPIEZA,Terminada,Sin registro hoy,,,1600.0,1601.0,100.1,114.4,40.0,0,2026-05-13 13:48,2026-05-13 13:48,,,2026-08-17 23:45:56
2026-08-17,SEM/MO/00311 - Liberación ,LIMPIEZA,Terminada,Sin registro hoy,,,5000.0,3588.0,71.8,161.5,30.0,0,2026-05-13 14:04,2026-05-13 14:04,,,2026-08-17 23:45:56
2026-08-17,SEM/MO/00313 - Liberación ,LIMPIEZA,Terminada,Sin registro hoy,,,10000.0,3519.0,35.2,251.5,50.0,0,2026-05-13 15:24,2026-05-18 14:21,,,2026-08-17 23:45:56
2026-08-17,SEM/MO/00306 - Liberación ,LIMPIEZA,Terminada,Sin registro hoy,,,10000.0,9320.0,93.2,666.0,666.0,0,2026-05-13 15:25,2026-05-15 15:27,,,2026-08-17 23:45:56
2026-08-17,SEM/MO/00310 - Liberación ,LIMPIEZA,Terminada,Sin registro hoy,,,14000.0,12024.0,85.9,859.2,160.0,0,2026-05-13 15:25,2026-05-15 15:44,,,2026-08-17 23:45:56
2026-08-17,SEM/MO/00331 - Liberación ,LIMPIEZA,Terminada,Sin registro hoy,,,320.0,320.0,100.0,19.2,25.0,0,2026-05-14 20:40,2026-05-14 20:40,,,2026-08-17 23:45:56
2026-08-17,SEM/MO/00325 - Liberación ,LIMPIEZA,Terminada,Sin registro hoy,,,600.0,758.0,126.3,68.2,60.0,0,2026-05-18 06:45,2026-05-18 06:45,,,2026-08-17 23:45:56
2026-08-17,SEM/MO/00348 - Liberación ,LIMPIEZA,Terminada,Sin registro hoy,,,1000.0,800.0,80.0,48.0,85.0,0,2026-05-18 06:49,2026-05-18 06:49,,,2026-08-17 23:45:56
2026-08-17,SEM/MO/00353 - Liberación ,LIMPIEZA,Terminada,Sin registro hoy,,,14000.0,9695.0,69.2,692.8,40.0,0,2026-05-18 11:14,2026-05-18 11:14,,,2026-08-17 23:45:56
2026-08-17,SEM/MO/00334 - Lavado y desinfección,LAVADO 2,Terminada,Sin registro hoy,,,4500.0,4556.0,101.2,261.8,125.0,0,2026-05-18 14:28,2026-05-18 14:28,,,2026-08-17 23:45:56
2026-08-17,SEM/MO/00333 - Liberación ,LIMPIEZA,Terminada,Sin registro hoy,,,12000.0,6084.0,50.7,434.8,80.0,0,2026-05-18 22:26,2026-05-18 22:26,,,2026-08-17 23:45:56
2026-08-17,SEM/MO/00366 - Liberación ,LIMPIEZA,Terminada,Sin registro hoy,,,3500.0,2829.0,80.8,202.2,90.0,0,2026-05-18 22:31,2026-05-18 22:31,,,2026-08-17 23:45:56
2026-08-17,SEM/MO/00357 - Liberación ,LIMPIEZA,Terminada,Sin registro hoy,,,6500.0,7677.0,118.1,548.6,54.8,0,2026-05-18 23:20,2026-05-18 23:20,,,2026-08-17 23:45:56
2026-08-17,SEM/MO/00350 - Liberación ,LIMPIEZA,Terminada,Sin registro hoy,,,432.0,432.0,100.0,25.9,105.0,0,2026-05-19 00:30,2026-05-19 00:30,,,2026-08-17 23:45:56
2026-08-17,SEM/MO/00358 - Lavado y desinfección,LAVADO 2,Terminada,Sin registro hoy,,,1050.0,1125.0,107.1,29.4,100.0,0,2026-05-19 11:23,2026-05-19 11:23,,,2026-08-17 23:45:56
2026-08-17,SEM/MO/00332 - Liberación ,LIMPIEZA,Terminada,Sin registro hoy,,,7500.0,7639.0,101.9,545.9,45.0,0,2026-05-19 15:18,2026-05-19 15:18,,,2026-08-17 23:45:56
2026-08-17,SEM/MO/00356 - Liberación ,LIMPIEZA,Terminada,Sin registro hoy,,,1000.0,968.0,96.8,58.1,95.0,0,2026-05-19 15:26,2026-05-19 15:26,,,2026-08-17 23:45:56
2026-08-17,SEM/MO/00380 - Liberación ,LIMPIEZA,Terminada,Sin registro hoy,,,600.0,675.0,112.5,40.5,110.4,0,2026-05-19 15:55,2026-05-19 15:55,,,2026-08-17 23:45:56
2026-08-17,SEM/MO/00379 - Liberación ,LIMPIEZA,Terminada,Sin registro hoy,,,12000.0,13144.0,109.5,939.3,135.1,0,2026-05-19 17:15,2026-05-19 17:15,,,2026-08-17 23:45:56
2026-08-17,SEM/MO/00399 - Liberación ,LIMPIEZA,Terminada,Sin registro hoy,,,8000.0,8000.0,100.0,571.7,214.6,0,2026-05-21 06:17,2026-05-21 08:31,,,2026-08-17 23:45:56
2026-08-17,SEM/MO/00388 - Liberación ,LIMPIEZA,Terminada,Sin registro hoy,,,7500.0,7977.0,106.4,570.0,120.0,0,2026-05-21 11:13,2026-05-22 16:57,,,2026-08-17 23:45:56
2026-08-17,SEM/MO/00382 - Liberación ,LIMPIEZA,Terminada,Sin registro hoy,,,4040.0,4000.0,99.0,240.0,55.0,0,2026-05-21 14:21,2026-05-21 14:21,,,2026-08-17 23:45:56
2026-08-17,SEM/MO/00392 - Lavado y desinfección,LAVADO 2,Terminada,Sin registro hoy,,,315.0,345.0,109.5,9.0,20.0,0,2026-05-21 15:04,2026-05-21 15:04,,,2026-08-17 23:45:56
2026-08-17,SEM/MO/00404 - Liberación ,LIMPIEZA,Terminada,Sin registro hoy,,,404.0,404.0,100.0,24.2,25.0,0,2026-05-21 21:38,2026-05-21 21:38,,,2026-08-17 23:45:56
2026-08-17,SEM/MO/00391 - Liberación ,LIMPIEZA,Terminada,Sin registro hoy,,,1200.0,1320.0,110.0,79.2,20.0,0,2026-05-21 21:41,2026-05-21 21:41,,,2026-08-17 23:45:56
2026-08-17,SEM/MO/00389 - Liberación ,LIMPIEZA,Terminada,Sin registro hoy,,,2016.0,2286.0,113.4,137.2,90.0,0,2026-05-21 21:47,2026-05-21 21:47,,,2026-08-17 23:45:56
2026-08-17,SEM/MO/00396 - Liberación ,LIMPIEZA,Terminada,Sin registro hoy,,,14000.0,9644.0,68.9,689.2,80.5,0,2026-05-22 06:03,2026-05-26 17:33,,,2026-08-17 23:45:56
2026-08-17,SEM/MO/00395 - Liberación ,LIMPIEZA,Terminada,Sin registro hoy,,,400.0,250.0,62.5,15.0,37.4,0,2026-05-22 06:03,2026-05-26 15:06,,,2026-08-17 23:45:56
2026-08-17,SEM/MO/00409 - Liberación ,LIMPIEZA,Terminada,Sin registro hoy,,,11300.0,5238.0,46.4,374.3,195.4,0,2026-05-22 14:38,2026-05-28 15:22,,,2026-08-17 23:45:56
2026-08-17,SEM/MO/00381 - Liberación ,LIMPIEZA,Terminada,Sin registro hoy,,,12000.0,11834.0,98.6,845.7,65.4,0,2026-05-25 17:38,2026-05-25 17:38,,,2026-08-17 23:45:56
2026-08-17,SEM/MO/00418 - Liberación ,LIMPIEZA,Terminada,Sin registro hoy,,,1200.0,1360.0,113.3,81.6,121.4,0,2026-05-26 06:08,2026-05-28 15:32,,,2026-08-17 23:45:56
2026-08-17,SEM/MO/00419 - Liberación ,LIMPIEZA,Terminada,Sin registro hoy,,,14000.0,8345.0,59.6,596.3,191.7,0,2026-05-26 06:08,2026-05-29 05:45,,,2026-08-17 23:45:56
2026-08-17,SEM/MO/00420 - Liberación ,LIMPIEZA,Terminada,Sin registro hoy,,,2000.0,2615.0,130.8,186.9,158.0,0,2026-05-26 13:05,2026-05-28 15:40,,,2026-08-17 23:45:56
2026-08-17,SEM/MO/00410 - Picado,RALLADO,Terminada,Sin registro hoy,,,405.0,330.0,81.5,57.9,105.0,0,2026-05-26 15:53,2026-05-26 15:53,,,2026-08-17 23:45:56
2026-08-17,SEM/MO/00427 - Liberación ,LIMPIEZA,Terminada,Sin registro hoy,,,1760.0,1760.0,100.0,105.6,156.0,0,2026-05-26 17:30,2026-05-26 17:30,,,2026-08-17 23:45:56
2026-08-17,SEM/MO/00444 - Liberación ,LIMPIEZA,Terminada,Sin registro hoy,,,8400.0,7811.0,93.0,558.2,141.2,0,2026-05-27 06:36,2026-05-30 15:26,,,2026-08-17 23:45:56
2026-08-17,SEM/MO/00439 - Lavado y desinfección,LAVADO 2,Terminada,Sin registro hoy,,,6000.0,6575.0,109.6,377.9,327.3,0,2026-05-27 07:30,2026-05-30 14:41,,,2026-08-17 23:45:56
2026-08-17,SEM/MO/00440 - Liberación ,LIMPIEZA,Terminada,Sin registro hoy,,,1504.0,1504.0,100.0,90.2,75.5,0,2026-05-27 16:10,2026-05-30 12:17,,,2026-08-17 23:45:56
2026-08-17,SEM/MO/00450 - Liberación ,LIMPIEZA,Terminada,Sin registro hoy,,,1600.0,1744.0,109.0,104.6,36.9,0,2026-05-29 06:05,2026-05-31 00:24,,,2026-08-17 23:45:56
2026-08-17,SEM/MO/00451 - Liberación ,LIMPIEZA,Terminada,Sin registro hoy,,,7500.0,8369.0,111.6,598.0,94.4,0,2026-05-29 06:06,2026-05-31 16:28,,,2026-08-17 23:45:56
2026-08-17,SEM/MO/00452 - Liberación ,LIMPIEZA,Terminada,Sin registro hoy,,,14000.0,9788.0,69.9,699.5,118.5,0,2026-05-29 13:09,2026-05-31 20:13,,,2026-08-17 23:45:56
2026-08-17,SEM/MO/00446 - Liberación ,LIMPIEZA,Terminada,Sin registro hoy,,,12000.0,14899.0,124.2,1064.7,124.8,0,2026-05-30 08:55,2026-05-31 00:16,,,2026-08-17 23:45:56
2026-08-17,SEM/MO/00466 - Liberación ,LIMPIEZA,Terminada,Sin registro hoy,,,1600.0,2375.0,148.4,142.5,40.0,0,2026-05-31 17:04,2026-05-31 17:04,,,2026-08-17 23:45:56
2026-08-17,SEM/MO/00471 - Liberación ,LIMPIEZA,Terminada,Sin registro hoy,,,704.0,800.0,113.6,48.0,68.0,0,2026-06-01 06:07,2026-06-01 16:49,,,2026-08-17 23:45:56
2026-08-17,SEM/MO/00468 - Liberación ,LIMPIEZA,Terminada,Sin registro hoy,,,13000.0,14164.0,109.0,1012.2,90.7,0,2026-06-01 06:07,2026-06-02 13:56,,,2026-08-17 23:45:56
2026-08-17,SEM/MO/00470 - Lavado y desinfección,LAVADO 2,Terminada,Sin registro hoy,,,6000.0,10090.0,168.2,579.9,379.2,0,2026-06-01 17:46,2026-06-02 17:36,,,2026-08-17 23:45:56
2026-08-17,SEM/MO/00490 - Liberación ,LIMPIEZA,Terminada,Sin registro hoy,,,512.0,512.0,100.0,30.7,80.8,0,2026-06-02 06:22,2026-06-09 08:22,,,2026-08-17 23:45:56
2026-08-17,SEM/MO/00488 - Liberación ,LIMPIEZA,Terminada,Sin registro hoy,,,7600.0,7015.0,92.3,501.3,200.2,0,2026-06-02 11:09,2026-06-03 09:29,,,2026-08-17 23:45:56
2026-08-17,SEM/MO/00496 - Liberación ,LIMPIEZA,Terminada,Sin registro hoy,,,14000.0,14000.0,100.0,1000.4,147.0,0,2026-06-02 13:48,2026-06-03 08:29,,,2026-08-17 23:45:56
2026-08-17,SEM/MO/00497 - Liberación ,LIMPIEZA,Terminada,Sin registro hoy,,,1400.0,1470.0,105.0,88.2,28.7,0,2026-06-03 06:12,2026-06-04 09:29,,,2026-08-17 23:45:56
2026-08-17,SEM/MO/00508 - Liberación ,LIMPIEZA,Terminada,Sin registro hoy,,,14000.0,29161.0,208.3,2083.8,248.0,0,2026-06-03 13:01,2026-06-08 12:56,,,2026-08-17 23:45:56
2026-08-17,SEM/MO/00489 - Liberación ,LIMPIEZA,Terminada,Sin registro hoy,,,24000.0,1345.0,5.6,60.5,54.1,0,2026-06-04 15:16,2026-06-09 08:22,,,2026-08-17 23:45:56
2026-08-17,SEM/MO/00513 - Liberación ,LIMPIEZA,Terminada,Sin registro hoy,,,14000.0,12810.0,91.5,576.5,96.1,0,2026-06-05 06:12,2026-06-08 17:40,,,2026-08-17 23:45:56
2026-08-17,SEM/MO/00511 - Liberación ,LIMPIEZA,Terminada,Sin registro hoy,,,1600.0,1600.0,100.0,96.0,56.1,0,2026-06-05 06:15,2026-06-05 15:22,,,2026-08-17 23:45:56
2026-08-17,SEM/MO/00521 - Liberación ,LIMPIEZA,Terminada,Sin registro hoy,,,300.0,372.0,124.0,22.3,37.2,0,2026-06-05 13:21,2026-06-09 10:23,,,2026-08-17 23:45:56
2026-08-17,SEM/MO/00527 - Liberación ,LIMPIEZA,Terminada,Sin registro hoy,,,7800.0,8276.0,106.1,372.4,164.1,0,2026-06-08 09:07,2026-06-09 14:08,,,2026-08-17 23:45:56
2026-08-17,SEM/MO/00526 - Liberación ,LIMPIEZA,Terminada,Sin registro hoy,,,14000.0,13025.0,93.0,930.8,50.1,0,2026-06-08 10:44,2026-06-09 14:16,,,2026-08-17 23:45:56
2026-08-17,SEM/MO/00525 - Liberación ,LIMPIEZA,Terminada,Sin registro hoy,,,450.0,448.0,99.6,26.9,30.0,0,2026-06-08 15:58,2026-06-08 21:27,,,2026-08-17 23:45:56
2026-08-17,SEM/MO/00537 - Liberación ,LIMPIEZA,Terminada,Sin registro hoy,,,3500.0,3500.0,100.0,157.5,49.9,0,2026-06-09 06:39,2026-06-09 16:10,,,2026-08-17 23:45:56
2026-08-17,SEM/MO/00538 - Liberación ,LIMPIEZA,Terminada,Sin registro hoy,,,11700.0,7560.0,64.6,540.2,68.3,0,2026-06-09 06:39,2026-06-10 09:14,,,2026-08-17 23:45:56
2026-08-17,SEM/MO/00544 - Liberación ,LIMPIEZA,Terminada,Sin registro hoy,,,2020.0,2020.0,100.0,121.2,82.1,0,2026-06-10 06:08,2026-06-10 15:25,,,2026-08-17 23:45:56
2026-08-17,SEM/MO/00550 - Liberación ,LIMPIEZA,Terminada,Sin registro hoy,,,11000.0,10966.0,99.7,493.5,271.0,0,2026-06-10 06:08,2026-06-11 17:17,,,2026-08-17 23:45:56
2026-08-17,SEM/MO/00539 - Liberación ,LIMPIEZA,Terminada,Sin registro hoy,,,2020.0,2120.0,105.0,127.2,160.4,0,2026-06-10 08:37,2026-06-10 08:37,,,2026-08-17 23:45:56
2026-08-17,SEM/MO/00547 - Liberación ,LIMPIEZA,Terminada,Sin registro hoy,,,2600.0,2340.0,90.0,167.2,90.0,0,2026-06-10 10:31,2026-06-10 10:31,,,2026-08-17 23:45:56
2026-08-17,SEM/MO/00561 - Liberación ,LIMPIEZA,Terminada,Sin registro hoy,,,8000.0,7178.0,89.7,323.0,252.2,0,2026-06-11 06:16,2026-06-15 15:50,,,2026-08-17 23:45:56
2026-08-17,SEM/MO/00557 - Lavado y desinfección,LAVADO 2,Terminada,Sin registro hoy,,,1395.0,1455.0,104.3,38.0,154.9,0,2026-06-11 07:09,2026-06-12 09:08,,,2026-08-17 23:45:56
2026-08-17,SEM/MO/00558 - Liberación ,LIMPIEZA,Terminada,Sin registro hoy,,,320.0,320.0,100.0,19.2,103.3,0,2026-06-11 09:45,2026-06-11 15:58,,,2026-08-17 23:45:56
2026-08-17,SEM/MO/00551 - Liberación ,LIMPIEZA,Terminada,Sin registro hoy,,,420.0,770.0,183.3,46.2,20.0,0,2026-06-11 10:40,2026-06-11 10:40,,,2026-08-17 23:45:56
2026-08-17,SEM/MO/00552 - Liberación ,LIMPIEZA,Terminada,Sin registro hoy,,,630.0,666.0,105.7,40.0,20.0,0,2026-06-11 10:41,2026-06-11 10:41,,,2026-08-17 23:45:56
2026-08-17,SEM/MO/00560 - Liberación,LIMPIEZA,Terminada,Sin registro hoy,,,1095.0,1095.0,100.0,65.7,109.0,0,2026-06-11 11:29,2026-06-12 08:53,,,2026-08-17 23:45:56
2026-08-17,SEM/MO/00556 - Liberación ,LIMPIEZA,Terminada,Sin registro hoy,,,9000.0,5516.0,61.3,248.2,248.2,0,2026-06-11 15:00,2026-06-11 17:44,,,2026-08-17 23:45:56
2026-08-17,SEM/MO/00562 - Liberación ,LIMPIEZA,Terminada,Sin registro hoy,,,660.0,660.0,100.0,39.6,39.6,0,2026-06-11 17:44,2026-06-11 17:44,,,2026-08-17 23:45:56
2026-08-17,SEM/MO/00571 - Liberación ,LIMPIEZA,Terminada,Sin registro hoy,,,2000.0,2000.0,100.0,120.0,59.5,0,2026-06-12 06:09,2026-06-12 15:10,,,2026-08-17 23:45:56
2026-08-17,SEM/MO/00570 - Liberación ,LIMPIEZA,Terminada,Sin registro hoy,,,14000.0,17061.0,121.9,1219.2,408.3,0,2026-06-12 06:09,2026-06-15 16:26,,,2026-08-17 23:45:56
2026-08-17,SEM/MO/00572 - Liberación ,LIMPIEZA,Terminada,Sin registro hoy,,,7000.0,7000.0,100.0,315.0,160.3,0,2026-06-12 06:09,2026-06-12 15:11,,,2026-08-17 23:45:56
2026-08-17,SEM/MO/00573 - Liberación ,LIMPIEZA,Terminada,Sin registro hoy,,,340.0,336.0,98.8,20.2,30.0,0,2026-06-12 10:18,2026-06-12 10:18,,,2026-08-17 23:45:56
2026-08-17,SEM/MO/00577 - Liberación ,LIMPIEZA,Terminada,Sin registro hoy,,,15000.0,14897.0,99.3,670.4,187.5,0,2026-06-15 11:37,2026-06-16 18:32,,,2026-08-17 23:45:56
2026-08-17,SEM/MO/00576 - Liberación ,LIMPIEZA,Terminada,Sin registro hoy,,,5000.0,5657.0,113.1,404.2,25.8,0,2026-06-15 20:32,2026-06-19 16:25,,,2026-08-17 23:45:56
2026-08-17,SEM/MO/00579 - Liberación ,LIMPIEZA,Terminada,Sin registro hoy,,,850.0,850.0,100.0,51.0,30.0,0,2026-06-16 07:04,2026-06-16 07:04,,,2026-08-17 23:45:56
2026-08-17,SEM/MO/00591 - Liberación ,LIMPIEZA,Terminada,Sin registro hoy,,,12000.0,11300.0,94.2,508.5,115.3,0,2026-06-16 07:05,2026-06-18 08:44,,,2026-08-17 23:45:56
2026-08-17,SEM/MO/00593 - Liberación ,LIMPIEZA,Terminada,Sin registro hoy,,,3600.0,3600.0,100.0,257.3,284.4,0,2026-06-16 15:10,2026-06-18 09:48,,,2026-08-17 23:45:56
2026-08-17,SEM/MO/00592 - Liberación ,LIMPIEZA,Terminada,Sin registro hoy,,,1500.0,1500.0,100.0,90.0,41.6,0,2026-06-16 17:36,2026-06-18 08:45,,,2026-08-17 23:45:56
2026-08-17,SEM/MO/00598 - Liberación ,LIMPIEZA,Terminada,Sin registro hoy,,,10000.0,9635.0,96.4,688.5,93.3,0,2026-06-17 06:20,2026-06-19 10:18,,,2026-08-17 23:45:56
2026-08-17,SEM/MO/00578 - Liberación ,LIMPIEZA,Terminada,Sin registro hoy,,,1000.0,1027.0,102.7,46.2,100.0,0,2026-06-17 09:00,2026-06-18 10:14,,,2026-08-17 23:45:56
2026-08-17,SEM/MO/00599 - Liberación ,LIMPIEZA,Terminada,Sin registro hoy,,,1504.0,1744.0,116.0,104.6,114.0,0,2026-06-18 06:27,2026-06-19 12:26,,,2026-08-17 23:45:56
2026-08-17,SEM/MO/00602 - Liberación ,LIMPIEZA,Terminada,Sin registro hoy,,,5000.0,5710.0,114.2,256.9,37.5,0,2026-06-18 12:58,2026-06-19 09:20,,,2026-08-17 23:45:56
2026-08-17,SEM/MO/00607 - Liberación ,LIMPIEZA,Terminada,Sin registro hoy,,,13000.0,13000.0,100.0,929.0,236.7,0,2026-06-18 18:37,2026-06-22 16:15,,,2026-08-17 23:45:56
2026-08-17,SEM/MO/00616 - Liberación ,LIMPIEZA,Terminada,Sin registro hoy,,,11500.0,12383.0,107.7,884.9,114.1,0,2026-06-19 06:27,2026-06-22 16:10,,,2026-08-17 23:45:56
2026-08-17,SEM/MO/00617 - Liberación ,LIMPIEZA,Terminada,Sin registro hoy,,,5000.0,4901.0,98.0,350.2,256.2,0,2026-06-19 16:05,2026-06-22 16:25,,,2026-08-17 23:45:56
2026-08-17,SEM/MO/00618 - Liberación ,LIMPIEZA,Terminada,Sin registro hoy,,,512.0,512.0,100.0,30.7,30.7,0,2026-06-19 16:05,2026-06-23 09:12,,,2026-08-17 23:45:56
2026-08-17,SEM/MO/00603 - Liberación ,LIMPIEZA,Terminada,Sin registro hoy,,,5100.0,4018.0,78.8,287.1,70.0,0,2026-06-20 16:32,2026-06-22 16:18,,,2026-08-17 23:45:56
2026-08-17,SEM/MO/00627 - Liberación ,LIMPIEZA,Terminada,Sin registro hoy,,,12000.0,12000.0,100.0,540.0,89.1,0,2026-06-22 08:53,2026-06-23 10:52,,,2026-08-17 23:45:56
2026-08-17,SEM/MO/00628 - Liberación ,LIMPIEZA,Terminada,Sin registro hoy,,,10000.0,10000.0,100.0,714.6,263.6,0,2026-06-22 14:29,2026-06-24 14:34,,,2026-08-17 23:45:56
2026-08-17,SEM/MO/00626 - Liberación ,LIMPIEZA,Terminada,Sin registro hoy,,,1800.0,1800.0,100.0,108.0,60.0,0,2026-06-22 15:43,2026-06-23 10:26,,,2026-08-17 23:45:56
2026-08-17,SEM/MO/00642 - Liberación ,LIMPIEZA,Terminada,Sin registro hoy,,,7000.0,7091.0,101.3,319.1,86.2,0,2026-06-23 06:31,2026-06-24 10:20,,,2026-08-17 23:45:56
2026-08-17,SEM/MO/00625 - Liberación ,LIMPIEZA,Terminada,Sin registro hoy,,,2000.0,1377.0,68.8,98.4,95.0,0,2026-06-23 10:54,2026-06-23 10:54,,,2026-08-17 23:45:56
2026-08-17,SEM/MO/00643 - Liberación ,LIMPIEZA,Terminada,Sin registro hoy,,,2000.0,2000.0,100.0,142.9,6.0,0,2026-06-23 14:45,2026-06-24 10:32,,,2026-08-17 23:45:56
2026-08-17,SEM/MO/00654 - Liberación ,LIMPIEZA,Terminada,Sin registro hoy,,,7000.0,6973.0,99.6,313.8,35.1,0,2026-06-24 06:21,2026-06-25 09:53,,,2026-08-17 23:45:56
2026-08-17,SEM/MO/00656 - Lavado y desinfección,LAVADO 2,Terminada,Sin registro hoy,,,855.0,855.0,100.0,22.3,90.5,0,2026-06-24 07:34,2026-06-24 11:38,,,2026-08-17 23:45:56
2026-08-17,SEM/MO/00640 - Lavado y desinfección,LAVADO 2,Terminada,Sin registro hoy,,,855.0,915.0,107.0,23.9,70.0,0,2026-06-24 11:12,2026-06-24 14:26,,,2026-08-17 23:45:56
2026-08-17,SEM/MO/00667 - Picado,RALLADO,Terminada,Sin registro hoy,,,300.0,330.0,110.0,57.9,68.8,0,2026-06-24 18:38,2026-06-25 08:56,,,2026-08-17 23:45:56
2026-08-17,SEM/MO/00673 - Liberación ,LIMPIEZA,Terminada,Sin registro hoy,,,4000.0,4962.0,124.0,354.6,42.3,0,2026-06-25 06:21,2026-06-26 14:29,,,2026-08-17 23:45:56
2026-08-17,SEM/MO/00674 - Liberación ,LIMPIEZA,Terminada,Sin registro hoy,,,13000.0,13000.0,100.0,585.0,98.0,0,2026-06-25 06:21,2026-06-26 14:34,,,2026-08-17 23:45:56
2026-08-17,SEM/MO/00668 - Liberación ,LIMPIEZA,Terminada,Sin registro hoy,,,300.0,300.0,100.0,18.0,30.0,0,2026-06-25 08:33,2026-06-25 08:33,,,2026-08-17 23:45:56
2026-08-17,SEM/MO/00641 - Liberación ,LIMPIEZA,Terminada,Sin registro hoy,,,10200.0,18612.0,182.5,1330.0,35.0,0,2026-06-25 13:45,2026-06-25 13:45,,,2026-08-17 23:45:56
2026-08-17,SEM/MO/00675 - Liberación ,LIMPIEZA,Terminada,Sin registro hoy,,,1520.0,1520.0,100.0,91.2,131.1,0,2026-06-25 15:18,2026-06-28 18:28,,,2026-08-17 23:45:56
2026-08-17,SEM/MO/00680 - Liberación ,LIMPIEZA,Terminada,Sin registro hoy,,,14000.0,14000.0,100.0,630.0,122.8,0,2026-06-26 06:33,2026-06-28 18:34,,,2026-08-17 23:45:56
2026-08-17,SEM/MO/00681 - Liberación ,LIMPIEZA,Terminada,Sin registro hoy,,,1000.0,1000.0,100.0,60.0,60.0,0,2026-06-26 06:33,2026-06-28 18:36,,,2026-08-17 23:45:56
2026-08-17,SEM/MO/00679 - Liberación ,LIMPIEZA,Terminada,Sin registro hoy,,,14000.0,14000.0,100.0,630.0,65.3,0,2026-06-26 19:55,2026-06-28 18:37,,,2026-08-17 23:45:56
2026-08-17,SEM/MO/00699 - Liberación ,LIMPIEZA,Terminada,Sin registro hoy,,,600.0,1258.0,209.7,113.2,86.0,0,2026-06-29 06:13,2026-06-30 14:55,,,2026-08-17 23:45:56
2026-08-17,SEM/MO/00696 - Lavado y desinfección,LAVADO 2,Terminada,Sin registro hoy,,,7000.0,7000.0,100.0,402.3,473.0,0,2026-06-29 09:52,2026-06-30 15:00,,,2026-08-17 23:45:56
2026-08-17,SEM/MO/00698 - Liberación ,LIMPIEZA,Terminada,Sin registro hoy,,,504.0,504.0,100.0,30.2,61.7,0,2026-06-29 18:03,2026-06-30 14:18,,,2026-08-17 23:45:56
2026-08-17,SEM/MO/00704 - Liberación ,LIMPIEZA,Terminada,Sin registro hoy,,,14000.0,4158.0,29.7,187.1,145.4,0,2026-06-29 18:28,2026-06-30 17:11,,,2026-08-17 23:45:56
2026-08-17,SEM/MO/00707 - Liberación ,LIMPIEZA,Terminada,Sin registro hoy,,,13600.0,17702.0,130.2,796.6,156.8,0,2026-06-30 06:27,2026-06-30 22:23,,,2026-08-17 23:45:56
2026-08-17,SEM/MO/00712 - Liberación ,LIMPIEZA,Terminada,Sin registro hoy,,,600.0,517.0,86.2,46.5,55.8,0,2026-06-30 06:38,2026-06-30 15:58,,,2026-08-17 23:45:56
2026-08-17,SEM/MO/00706 - Lavado y desinfección,LAVADO 2,Terminada,Sin registro hoy,,,810.0,855.0,105.6,22.3,50.4,0,2026-06-30 08:05,2026-06-30 15:20,,,2026-08-17 23:45:56
2026-08-17,SEM/MO/00705 - Liberación ,LIMPIEZA,Terminada,Sin registro hoy,,,1400.0,1498.0,107.0,89.9,43.6,0,2026-06-30 14:20,2026-06-30 22:00,,,2026-08-17 23:45:56
2026-08-17,SEM/MO/00716 - Liberación ,LIMPIEZA,Terminada,Sin registro hoy,,,11000.0,11000.0,100.0,495.0,53.8,0,2026-07-01 06:41,2026-07-01 17:23,,,2026-08-17 23:45:56
2026-08-17,SEM/MO/00743 - Liberación ,LIMPIEZA,Terminada,Sin registro hoy,,,400.0,400.0,100.0,24.0,44.7,0,2026-07-01 06:43,2026-07-02 10:12,,,2026-08-17 23:45:56
2026-08-17,SEM/MO/00723 - Liberación ,LIMPIEZA,Terminada,Sin registro hoy,,,1008.0,1328.0,131.7,79.7,82.1,0,2026-07-02 06:23,2026-07-03 09:49,,,2026-08-17 23:45:56
2026-08-17,SEM/MO/00726 - Liberación ,LIMPIEZA,Terminada,Sin registro hoy,,,13000.0,13000.0,100.0,585.0,144.5,0,2026-07-02 09:36,2026-07-03 09:52,,,2026-08-17 23:45:56
2026-08-17,SEM/MO/00715 - Picado,RALLADO,Terminada,Sin registro hoy,,,375.0,630.0,168.0,110.5,125.0,0,2026-07-02 10:13,2026-07-02 10:13,,,2026-08-17 23:45:56
2026-08-17,SEM/MO/00714 - Liberación ,LIMPIEZA,Terminada,Sin registro hoy,,,1696.0,1696.0,100.0,101.8,30.0,0,2026-07-02 11:13,2026-07-02 11:13,,,2026-08-17 23:45:56
2026-08-17,SEM/MO/00720 - Liberación ,LIMPIEZA,Terminada,Sin registro hoy,,,4000.0,4000.0,100.0,285.8,41.2,0,2026-07-02 18:58,2026-07-03 09:55,,,2026-08-17 23:45:56
2026-08-17,SEM/MO/00725 - Liberación ,LIMPIEZA,Terminada,Sin registro hoy,,,1520.0,1520.0,100.0,91.2,30.9,0,2026-07-03 06:19,2026-07-05 18:57,,,2026-08-17 23:45:56
2026-08-17,SEM/MO/00727 - Liberación ,LIMPIEZA,Terminada,Sin registro hoy,,,13000.0,13000.0,100.0,585.0,74.1,0,2026-07-03 06:50,2026-07-05 19:00,,,2026-08-17 23:45:56
2026-08-17,SEM/MO/00721 - Liberación ,LIMPIEZA,Terminada,Sin registro hoy,,,504.0,648.0,128.6,38.9,30.0,0,2026-07-03 11:22,2026-07-03 11:22,,,2026-08-17 23:45:56
2026-08-17,SEM/MO/00724 - Liberación ,LIMPIEZA,Terminada,Sin registro hoy,,,750.0,750.0,100.0,45.0,41.9,0,2026-07-03 17:52,2026-07-05 19:02,,,2026-08-17 23:45:56
2026-08-17,SEM/MO/00751 - Liberación ,LIMPIEZA,Terminada,Sin registro hoy,,,1000.0,770.0,77.0,46.2,60.0,0,2026-07-05 19:30,2026-07-05 19:30,,,2026-08-17 23:45:56
2026-08-17,SEM/MO/00757 - Liberación ,LIMPIEZA,Terminada,Sin registro hoy,,,5000.0,5000.0,100.0,357.3,100.8,0,2026-07-06 06:26,2026-07-06 12:26,,,2026-08-17 23:45:56
2026-08-17,SEM/MO/00761 - Liberación ,LIMPIEZA,Terminada,Sin registro hoy,,,3000.0,3000.0,100.0,214.4,163.0,0,2026-07-06 06:27,2026-07-07 11:10,,,2026-08-17 23:45:56
2026-08-17,SEM/MO/00759 - Liberación ,LIMPIEZA,Terminada,Sin registro hoy,,,8000.0,3392.0,42.4,152.6,175.8,0,2026-07-06 16:02,2026-07-07 16:17,,,2026-08-17 23:45:56
2026-08-17,SEM/MO/00764 - Liberación ,LIMPIEZA,Terminada,Sin registro hoy,,,600.0,600.0,100.0,54.0,134.1,0,2026-07-07 06:29,2026-07-08 08:14,,,2026-08-17 23:45:56
2026-08-17,SEM/MO/00765 - Liberación ,LIMPIEZA,Terminada,Sin registro hoy,,,12000.0,12000.0,100.0,857.5,83.4,0,2026-07-07 06:29,2026-07-08 08:14,,,2026-08-17 23:45:56
2026-08-17,SEM/MO/00763 - Liberación ,LIMPIEZA,Terminada,Sin registro hoy,,,13000.0,13000.0,100.0,585.0,219.7,0,2026-07-07 15:00,2026-07-08 08:14,,,2026-08-17 23:45:56
2026-08-17,SEM/MO/00770 - Liberación ,LIMPIEZA,Terminada,Sin registro hoy,,,2100.0,2100.0,100.0,126.0,80.0,0,2026-07-08 08:18,2026-07-08 12:03,,,2026-08-17 23:45:56
2026-08-17,SEM/MO/00767 - Liberación ,LIMPIEZA,Terminada,Sin registro hoy,,,250.0,250.0,100.0,15.0,20.0,0,2026-07-08 11:57,2026-07-08 11:57,,,2026-08-17 23:45:56
2026-08-17,SEM/MO/00766 - Picado,RALLADO,Terminada,Sin registro hoy,,,375.0,375.0,100.0,65.8,26.1,0,2026-07-08 15:44,2026-07-10 08:46,,,2026-08-17 23:45:56
2026-08-17,SEM/MO/00769 - Liberación ,LIMPIEZA,Terminada,Sin registro hoy,,,8700.0,11568.0,133.0,826.6,100.0,0,2026-07-08 16:28,2026-07-10 08:52,,,2026-08-17 23:45:56
2026-08-17,SEM/MO/00775 - Liberación ,LIMPIEZA,Terminada,Sin registro hoy,,,1504.0,1744.0,116.0,104.6,81.7,0,2026-07-09 06:24,2026-07-13 08:42,,,2026-08-17 23:45:56
2026-08-17,SEM/MO/00772 - Liberación ,LIMPIEZA,Terminada,Sin registro hoy,,,8000.0,8000.0,100.0,360.0,51.2,0,2026-07-09 06:25,2026-07-13 08:39,,,2026-08-17 23:45:56
2026-08-17,SEM/MO/00777 - Liberación ,LIMPIEZA,Terminada,Sin registro hoy,,,13000.0,13000.0,100.0,585.0,30.0,0,2026-07-10 06:15,2026-07-10 06:15,,,2026-08-17 23:45:56
2026-08-17,SEM/MO/00776 - Liberación ,LIMPIEZA,Terminada,Sin registro hoy,,,5000.0,5000.0,100.0,357.3,60.2,0,2026-07-10 06:28,2026-07-10 10:19,,,2026-08-17 23:45:56
2026-08-17,SEM/MO/00778 - Liberación ,LIMPIEZA,Terminada,Sin registro hoy,,,3000.0,2945.0,98.2,210.4,255.2,0,2026-07-10 10:38,2026-07-13 08:52,,,2026-08-17 23:45:56
2026-08-17,SEM/MO/00813 - Liberación ,LIMPIEZA,Terminada,Sin registro hoy,,,1980.0,1980.0,100.0,118.8,20.0,0,2026-07-10 11:28,2026-07-10 11:28,,,2026-08-17 23:45:56
2026-08-17,SEM/MO/00774 - Liberación ,LIMPIEZA,Terminada,Sin registro hoy,,,2000.0,3395.0,169.8,305.6,35.0,0,2026-07-10 14:57,2026-07-13 09:07,,,2026-08-17 23:45:56
2026-08-17,SEM/MO/00819 - Liberación ,LIMPIEZA,Terminada,Sin registro hoy,,,2016.0,2070.0,102.7,124.2,135.0,0,2026-07-13 15:43,2026-07-14 12:37,,,2026-08-17 23:45:56
2026-08-17,SEM/MO/00820 - Liberación ,LIMPIEZA,Terminada,Sin registro hoy,,,9720.0,9720.0,100.0,437.4,274.7,0,2026-07-13 15:57,2026-07-13 19:40,,,2026-08-17 23:45:56
2026-08-17,SEM/MO/00824 - Liberación ,LIMPIEZA,Terminada,Sin registro hoy,,,720.0,720.0,100.0,64.8,112.0,0,2026-07-14 06:09,2026-07-15 09:02,,,2026-08-17 23:45:56
2026-08-17,SEM/MO/00828 - Liberación ,LIMPIEZA,Terminada,Sin registro hoy,,,5000.0,7728.0,154.6,552.2,161.5,0,2026-07-14 06:10,2026-07-15 09:14,,,2026-08-17 23:45:56
2026-08-17,SEM/MO/00823 - Liberación ,LIMPIEZA,Terminada,Sin registro hoy,,,3240.0,4860.0,150.0,347.3,55.0,0,2026-07-14 11:15,2026-07-14 11:15,,,2026-08-17 23:45:56
2026-08-17,SEM/MO/00822 - Liberación ,LIMPIEZA,Terminada,Sin registro hoy,,,12960.0,12928.0,99.8,581.8,70.0,0,2026-07-14 12:34,2026-07-14 12:34,,,2026-08-17 23:45:56
2026-08-17,SEM/MO/00825 - Liberación ,LIMPIEZA,Terminada,Sin registro hoy,,,3000.0,3504.0,116.8,250.4,69.5,0,2026-07-14 17:56,2026-07-16 09:02,,,2026-08-17 23:45:56
2026-08-17,SEM/MO/00826 - Liberación ,LIMPIEZA,Terminada,Sin registro hoy,,,320.0,326.0,101.9,19.6,19.2,0,2026-07-14 21:57,2026-07-16 09:04,,,2026-08-17 23:45:56
2026-08-17,SEM/MO/00831 - Liberación ,LIMPIEZA,Terminada,Sin registro hoy,,,9720.0,11298.0,116.2,508.4,176.8,0,2026-07-15 09:18,2026-07-16 09:19,,,2026-08-17 23:45:56
2026-08-17,SEM/MO/00832 - Liberación ,LIMPIEZA,Terminada,Sin registro hoy,,,1000.0,1048.0,104.8,62.9,31.4,0,2026-07-15 11:31,2026-07-16 09:26,,,2026-08-17 23:45:56
2026-08-17,SEM/MO/00852 - Liberación ,LIMPIEZA,Terminada,Sin registro hoy,,,300.0,484.0,161.3,29.0,52.2,0,2026-07-15 22:01,2026-07-16 09:30,,,2026-08-17 23:45:56
2026-08-17,SEM/MO/00853 - Liberación ,LIMPIEZA,Terminada,Sin registro hoy,,,13000.0,4983.0,38.3,224.2,54.4,0,2026-07-16 06:21,2026-07-17 09:18,,,2026-08-17 23:45:56
2026-08-17,SEM/MO/00835 - Liberación ,LIMPIEZA,Terminada,Sin registro hoy,,,4000.0,12268.0,306.7,876.7,45.7,0,2026-07-16 06:21,2026-07-17 09:19,,,2026-08-17 23:45:56
2026-08-17,SEM/MO/00829 - Liberación ,LIMPIEZA,Terminada,Sin registro hoy,,,2000.0,2000.0,100.0,180.0,42.6,0,2026-07-16 16:30,2026-07-17 09:56,,,2026-08-17 23:45:56
2026-08-17,SEM/MO/00838 - Liberación ,LIMPIEZA,Terminada,Sin registro hoy,,,12960.0,12960.0,100.0,583.2,74.0,0,2026-07-17 06:14,2026-07-17 16:13,,,2026-08-17 23:45:56
2026-08-17,SEM/MO/00839 - Liberación ,LIMPIEZA,Terminada,Sin registro hoy,,,3240.0,3240.0,100.0,231.5,24.8,0,2026-07-17 07:18,2026-07-17 16:13,,,2026-08-17 23:45:56
2026-08-17,SEM/MO/00837 - Liberación ,LIMPIEZA,Terminada,Sin registro hoy,,,200.0,200.0,100.0,12.0,24.3,0,2026-07-17 15:20,2026-07-17 16:13,,,2026-08-17 23:45:56
2026-08-17,SEM/MO/00884 - Liberación ,LIMPIEZA,Terminada,Sin registro hoy,,,5000.0,3285.0,65.7,0.0,170.1,0,2026-07-17 16:16,2026-07-20 10:30,,,2026-08-17 23:45:56
2026-08-17,SEM/MO/00887 - Liberación ,LIMPIEZA,Terminada,Sin registro hoy,,,1440.0,1440.0,100.0,129.6,108.0,0,2026-07-20 06:31,2026-07-20 14:40,,,2026-08-17 23:45:56
2026-08-17,SEM/MO/00890 - Liberación ,LIMPIEZA,Terminada,Sin registro hoy,,,1200.0,1348.0,112.3,96.3,62.4,0,2026-07-20 06:31,2026-07-21 08:43,,,2026-08-17 23:45:56
2026-08-17,SEM/MO/00886 - Liberación ,LIMPIEZA,Terminada,Sin registro hoy,,,3000.0,4679.0,156.0,334.4,152.6,0,2026-07-20 06:31,2026-07-21 08:53,,,2026-08-17 23:45:56
2026-08-17,SEM/MO/00870 - Picado,RALLADO,Terminada,Sin registro hoy,,,465.0,465.0,100.0,81.6,60.0,0,2026-07-20 16:37,2026-07-21 08:58,,,2026-08-17 23:45:56
2026-08-17,SEM/MO/00904 - Liberación,LIMPIEZA,Terminada,Sin registro hoy,,,1020.0,1020.0,100.0,61.2,118.2,0,2026-07-21 06:10,2026-07-21 14:58,,,2026-08-17 23:45:56
2026-08-17,SEM/MO/00907 - Liberación ,LIMPIEZA,Terminada,Sin registro hoy,,,9720.0,9720.0,100.0,437.4,93.1,0,2026-07-21 06:12,2026-07-23 10:16,,,2026-08-17 23:45:56
2026-08-17,SEM/MO/00903 - Lavado y desinfección,LAVADO 2,Terminada,Sin registro hoy,,,900.0,930.0,103.3,24.3,184.7,0,2026-07-21 07:22,2026-07-22 09:43,,,2026-08-17 23:45:56
2026-08-17,SEM/MO/00888 - Lavado y desinfección,LAVADO 2,Terminada,Sin registro hoy,,,7000.0,7000.0,100.0,402.3,159.4,0,2026-07-21 09:30,2026-07-23 10:02,,,2026-08-17 23:45:56
2026-08-17,SEM/MO/00905 - Liberación ,LIMPIEZA,Terminada,Sin registro hoy,,,2016.0,2106.0,104.5,126.4,207.4,0,2026-07-21 09:36,2026-07-22 10:21,,,2026-08-17 23:45:56
2026-08-17,SEM/MO/00906 - Liberación ,LIMPIEZA,Terminada,Sin registro hoy,,,2000.0,2000.0,100.0,120.0,16.6,0,2026-07-21 15:20,2026-07-22 10:15,,,2026-08-17 23:45:56
2026-08-17,SEM/MO/00911 - Liberación ,LIMPIEZA,Terminada,Sin registro hoy,,,14000.0,14000.0,100.0,630.0,238.0,0,2026-07-22 06:13,2026-07-23 10:25,,,2026-08-17 23:45:56
2026-08-17,SEM/MO/00910 - Liberación ,LIMPIEZA,Terminada,Sin registro hoy,,,13500.0,13500.0,100.0,607.5,90.0,0,2026-07-22 06:13,2026-07-22 16:44,,,2026-08-17 23:45:56
2026-08-17,SEM/MO/00909 - Liberación ,LIMPIEZA,Terminada,Sin registro hoy,,,3000.0,3000.0,100.0,214.4,90.0,0,2026-07-22 06:13,2026-07-22 16:44,,,2026-08-17 23:45:56
2026-08-17,SEM/MO/00912 - Liberación ,LIMPIEZA,Terminada,Sin registro hoy,,,2800.0,2800.0,100.0,252.0,10.4,0,2026-07-23 06:26,2026-07-26 15:53,,,2026-08-17 23:45:56
2026-08-17,SEM/MO/00924 - Liberación ,LIMPIEZA,Terminada,Sin registro hoy,,,6000.0,9133.0,152.2,652.6,117.5,0,2026-07-23 15:36,2026-07-27 09:30,,,2026-08-17 23:45:56
2026-08-17,SEM/MO/00833 - Liberación ,LIMPIEZA,Terminada,Sin registro hoy,,,700.0,974.0,139.1,69.6,20.0,0,2026-07-23 23:11,2026-07-23 23:11,,,2026-08-17 23:45:56
2026-08-17,SEM/MO/00930 - Liberación ,LIMPIEZA,Terminada,Sin registro hoy,,,1400.0,1400.0,100.0,126.0,77.2,0,2026-07-24 06:18,2026-07-27 12:49,,,2026-08-17 23:45:56
2026-08-17,SEM/MO/00927 - Liberación ,LIMPIEZA,Terminada,Sin registro hoy,,,3240.0,3241.0,100.0,145.8,94.6,0,2026-07-24 06:18,2026-07-27 13:07,,,2026-08-17 23:45:56
2026-08-17,SEM/MO/00923 - Liberación ,LIMPIEZA,Terminada,Sin registro hoy,,,4700.0,4471.0,95.1,201.2,51.4,0,2026-07-24 06:18,2026-07-27 11:55,,,2026-08-17 23:45:56
2026-08-17,SEM/MO/00926 - Liberación ,LIMPIEZA,Terminada,Sin registro hoy,,,6480.0,9559.0,147.5,683.1,25.9,0,2026-07-24 16:13,2026-07-27 13:08,,,2026-08-17 23:45:56
2026-08-17,SEM/MO/00922 - Liberación ,LIMPIEZA,Terminada,Sin registro hoy,,,400.0,400.0,100.0,24.0,25.0,0,2026-07-26 15:48,2026-07-26 15:48,,,2026-08-17 23:45:56
2026-08-17,SEM/MO/00949 - Liberación ,LIMPIEZA,Terminada,Sin registro hoy,,,1440.0,1440.0,100.0,129.6,90.0,0,2026-07-27 06:09,2026-07-28 13:59,,,2026-08-17 23:45:56
2026-08-17,SEM/MO/00952 - Liberación ,LIMPIEZA,Terminada,Sin registro hoy,,,600.0,640.0,106.7,38.4,77.5,0,2026-07-28 06:15,2026-07-29 09:33,,,2026-08-17 23:45:56
2026-08-17,SEM/MO/00986 - Liberación ,LIMPIEZA,Terminada,Sin registro hoy,,,2900.0,2900.0,100.0,0.0,86.9,0,2026-07-28 06:29,2026-07-29 09:48,,,2026-08-17 23:45:56
2026-08-17,SEM/MO/00987 - Liberación ,LIMPIEZA,Terminada,Sin registro hoy,,,1050.0,1050.0,100.0,0.0,24.8,0,2026-07-28 06:30,2026-07-29 09:40,,,2026-08-17 23:45:56
2026-08-17,SEM/MO/00989 - Liberación ,LIMPIEZA,Terminada,Sin registro hoy,,,9720.0,11465.0,118.0,0.0,32.8,0,2026-07-28 10:54,2026-07-29 09:13,,,2026-08-17 23:45:56
2026-08-17,SEM/MO/00988 - Liberación ,LIMPIEZA,Terminada,Sin registro hoy,,,2000.0,2016.0,100.8,0.0,82.8,0,2026-07-28 11:15,2026-07-29 09:24,,,2026-08-17 23:45:56
2026-08-17,SEM/MO/01000 - Liberación ,LIMPIEZA,Terminada,Sin registro hoy,,,800.0,800.0,100.0,0.0,40.3,0,2026-07-29 06:27,2026-07-29 12:05,,,2026-08-17 23:45:56
2026-08-17,SEM/MO/01003 - Liberación ,LIMPIEZA,Terminada,Sin registro hoy,,,4000.0,3842.0,96.0,0.0,36.0,0,2026-07-29 06:28,2026-07-30 09:36,,,2026-08-17 23:45:56
2026-08-17,SEM/MO/01001 - Liberación ,LIMPIEZA,Terminada,Sin registro hoy,,,800.0,800.0,100.0,0.0,40.0,0,2026-07-29 06:28,2026-07-29 12:03,,,2026-08-17 23:45:56
2026-08-17,SEM/MO/01004 - Liberación ,LIMPIEZA,Terminada,Sin registro hoy,,,6700.0,6542.0,97.6,0.0,79.7,0,2026-07-29 11:31,2026-07-30 09:40,,,2026-08-17 23:45:56
2026-08-17,SEM/MO/01009 - Liberación ,LIMPIEZA,Terminada,Sin registro hoy,,,1800.0,1800.0,100.0,0.0,32.5,0,2026-07-29 14:02,2026-07-31 14:16,,,2026-08-17 23:45:56
2026-08-17,SEM/MO/01002 - Liberación ,LIMPIEZA,Terminada,Sin registro hoy,,,500.0,500.0,100.0,0.0,32.1,0,2026-07-29 14:45,2026-07-30 14:08,,,2026-08-17 23:45:56
2026-08-17,SEM/MO/01008 - Liberación ,LIMPIEZA,Terminada,Sin registro hoy,,,1300.0,1300.0,100.0,0.0,73.2,0,2026-07-29 14:45,2026-07-31 14:19,,,2026-08-17 23:45:56
2026-08-17,SEM/MO/01022 - Liberación ,LIMPIEZA,Terminada,Sin registro hoy,,,4000.0,4000.0,100.0,285.8,129.8,0,2026-07-30 06:13,2026-07-30 23:39,,,2026-08-17 23:45:56
2026-08-17,SEM/MO/01020 - Liberación ,LIMPIEZA,Terminada,Sin registro hoy,,,1400.0,1400.0,100.0,126.0,68.2,0,2026-07-30 06:13,2026-07-30 23:40,,,2026-08-17 23:45:56
2026-08-17,SEM/MO/01021 - Liberación ,LIMPIEZA,Terminada,Sin registro hoy,,,504.0,512.0,101.6,30.7,45.1,0,2026-07-30 10:58,2026-07-30 23:35,,,2026-08-17 23:45:56
2026-08-17,SEM/MO/01032 - Liberación ,LIMPIEZA,Terminada,Sin registro hoy,,,1286.0,1286.0,100.0,77.2,45.1,0,2026-07-31 06:18,2026-07-31 15:53,,,2026-08-17 23:45:56
2026-08-17,SEM/MO/01029 - Liberación ,LIMPIEZA,Terminada,Sin registro hoy,,,13000.0,13000.0,100.0,585.0,159.1,0,2026-07-31 06:18,2026-08-03 08:55,,,2026-08-17 23:45:56
2026-08-17,SEM/MO/01030 - Liberación ,LIMPIEZA,Terminada,Sin registro hoy,,,1400.0,1400.0,100.0,126.0,43.8,0,2026-07-31 06:18,2026-07-31 19:00,,,2026-08-17 23:45:56
2026-08-17,SEM/MO/01007 - Liberación ,LIMPIEZA,Terminada,Sin registro hoy,,,1800.0,1800.0,100.0,0.0,30.0,0,2026-07-31 14:52,2026-07-31 14:52,,,2026-08-17 23:45:56
2026-08-17,SEM/MO/00955 - Liberación ,LIMPIEZA,Terminada,Sin registro hoy,,,1430.0,1430.0,100.0,102.2,20.0,0,2026-07-31 15:26,2026-07-31 15:26,,,2026-08-17 23:45:56
2026-08-17,SEM/MO/01031 - Liberación ,LIMPIEZA,Terminada,Sin registro hoy,,,460.0,460.0,100.0,27.6,50.4,0,2026-07-31 15:46,2026-07-31 18:32,,,2026-08-17 23:45:56
2026-08-17,SEM/MO/01063 - Liberación ,LIMPIEZA,Terminada,Sin registro hoy,,,1600.0,1600.0,100.0,96.0,47.2,0,2026-07-31 21:18,2026-07-31 21:18,,,2026-08-17 23:45:56
2026-08-17,SEM/MO/01069 - Liberación ,LIMPIEZA,Terminada,Sin registro hoy,,,1300.0,1300.0,100.0,0.0,47.7,0,2026-08-03 06:36,2026-08-03 12:40,,,2026-08-17 23:45:56
2026-08-17,SEM/MO/01070 - Lavado y desinfección,LAVADO 2,Terminada,Sin registro hoy,,,7000.0,8820.0,126.0,0.0,297.5,0,2026-08-03 07:34,2026-08-04 08:36,,,2026-08-17 23:45:56
2026-08-17,SEM/MO/01072 - Liberación ,LIMPIEZA,Terminada,Sin registro hoy,,,1000.0,1353.0,135.3,0.0,57.3,0,2026-08-03 10:17,2026-08-04 08:43,,,2026-08-17 23:45:56
2026-08-17,SEM/MO/01068 - Liberación ,LIMPIEZA,Terminada,Sin registro hoy,,,2000.0,2008.0,100.4,120.5,45.0,0,2026-08-03 10:45,2026-08-03 10:45,,,2026-08-17 23:45:56
2026-08-17,SEM/MO/01071 - Liberación ,LIMPIEZA,Terminada,Sin registro hoy,,,3800.0,3800.0,100.0,0.0,157.9,0,2026-08-03 12:32,2026-08-04 08:48,,,2026-08-17 23:45:56
2026-08-17,SEM/MO/01085 - Liberación ,LIMPIEZA,Terminada,Sin registro hoy,,,13000.0,12359.0,95.1,556.2,72.4,0,2026-08-04 06:09,2026-08-05 09:41,,,2026-08-17 23:45:56
2026-08-17,SEM/MO/01084 - Lavado y desinfección,LAVADO 2,Terminada,Sin registro hoy,,,2010.0,2010.0,100.0,52.5,169.5,0,2026-08-04 07:58,2026-08-05 10:01,,,2026-08-17 23:45:56
2026-08-17,SEM/MO/01083 - Liberación ,LIMPIEZA,Terminada,Sin registro hoy,,,2250.0,2250.0,100.0,101.2,159.6,0,2026-08-04 14:24,2026-08-05 17:31,,,2026-08-17 23:45:56
2026-08-17,SEM/MO/01088 - Liberación ,LIMPIEZA,Terminada,Sin registro hoy,,,13000.0,13000.0,100.0,0.0,91.2,0,2026-08-05 07:07,2026-08-05 17:33,,,2026-08-17 23:45:56
2026-08-17,SEM/MO/01090 - Liberación ,LIMPIEZA,Terminada,Sin registro hoy,,,150.0,150.0,100.0,0.0,19.6,0,2026-08-05 14:21,2026-08-06 09:46,,,2026-08-17 23:45:56
2026-08-17,SEM/MO/01092 - Liberación ,LIMPIEZA,Terminada,Sin registro hoy,,,7000.0,7644.0,109.2,0.0,102.3,0,2026-08-05 15:47,2026-08-06 10:19,,,2026-08-17 23:45:56
2026-08-17,SEM/MO/01089 - Liberación ,LIMPIEZA,Terminada,Sin registro hoy,,,1800.0,1800.0,100.0,0.0,45.0,0,2026-08-05 17:29,2026-08-05 17:29,,,2026-08-17 23:45:56
2026-08-17,SEM/MO/01091 - Rallado,RALLADO,Terminada,Sin registro hoy,,,150.0,150.0,100.0,0.0,20.5,0,2026-08-05 18:27,2026-08-06 10:21,,,2026-08-17 23:45:56
2026-08-17,SEM/MO/01106 - Liberación ,LIMPIEZA,Terminada,Sin registro hoy,,,6500.0,6500.0,100.0,292.5,91.2,0,2026-08-06 06:09,2026-08-06 19:15,,,2026-08-17 23:45:56
2026-08-17,SEM/MO/01093 - Liberación ,LIMPIEZA,Terminada,Sin registro hoy,,,1400.0,1400.0,100.0,0.0,81.7,0,2026-08-06 06:10,2026-08-07 09:18,,,2026-08-17 23:45:56
2026-08-17,SEM/MO/01121 - Liberación ,LIMPIEZA,Terminada,Sin registro hoy,,,3600.0,3600.0,100.0,216.0,151.9,0,2026-08-06 12:29,2026-08-07 09:23,,,2026-08-17 23:45:56
2026-08-17,SEM/MO/01108 - Liberación ,LIMPIEZA,Terminada,Sin registro hoy,,,8100.0,8485.0,104.8,606.3,606.3,0,2026-08-06 17:57,2026-08-07 11:28,,,2026-08-17 23:45:56
2026-08-17,SEM/MO/01123 - Liberación ,LIMPIEZA,Terminada,Sin registro hoy,,,1200.0,1200.0,100.0,72.0,9.7,0,2026-08-07 06:13,2026-08-10 13:03,,,2026-08-17 23:45:56
2026-08-17,SEM/MO/01122 - Liberación ,LIMPIEZA,Terminada,Sin registro hoy,,,6500.0,4522.0,69.6,323.1,68.0,0,2026-08-07 06:14,2026-08-10 13:03,,,2026-08-17 23:45:56
2026-08-17,SEM/MO/01127 - Liberación ,LIMPIEZA,Terminada,Sin registro hoy,,,1300.0,1300.0,100.0,78.0,30.7,0,2026-08-07 15:54,2026-08-10 09:24,,,2026-08-17 23:45:56
2026-08-17,SEM/MO/01137 - Liberación ,LIMPIEZA,Lista,Sin registro hoy,,,1550.0,0.0,0.0,139.5,69.9,0,2026-08-11 08:54,2026-08-11 11:14,,,2026-08-17 23:45:56
2026-08-17,SEM/MO/01136 - Liberación ,LIMPIEZA,Terminada,Sin registro hoy,,,14000.0,13038.0,93.1,931.7,64.4,0,2026-08-11 11:14,2026-08-11 20:25,,,2026-08-17 23:45:56
2026-08-17,SEM/MO/01149 - Liberación ,LIMPIEZA,Terminada,Sin registro hoy,,,320.0,368.0,115.0,22.1,22.6,0,2026-08-11 13:04,2026-08-17 13:19,,,2026-08-17 23:45:56
2026-08-17,SEM/MO/01146 - Liberación ,LIMPIEZA,En progreso,Sin registro hoy,,,9000.0,0.0,0.0,517.9,69.8,0,2026-08-11 16:52,2026-08-13 10:35,,,2026-08-17 23:45:56
2026-08-17,SEM/MO/01150 - Liberación ,LIMPIEZA,Terminada,Sin registro hoy,,,13000.0,13000.0,100.0,585.0,70.4,0,2026-08-12 06:13,2026-08-13 08:48,,,2026-08-17 23:45:56
2026-08-17,SEM/MO/01168 - Liberación ,LIMPIEZA,Terminada,Sin registro hoy,,,5000.0,5000.0,100.0,357.3,503.4,0,2026-08-12 07:22,2026-08-13 15:50,,,2026-08-17 23:45:56
2026-08-17,SEM/MO/01151 - Liberación ,LIMPIEZA,Terminada,Sin registro hoy,,,2512.0,2512.0,100.0,150.7,97.6,0,2026-08-12 13:05,2026-08-12 14:42,,,2026-08-17 23:45:56
2026-08-17,SEM/MO/01173 - Liberación ,LIMPIEZA,Terminada,Sin registro hoy,,,1400.0,1147.0,81.9,103.2,55.0,0,2026-08-12 15:04,2026-08-13 11:18,,,2026-08-17 23:45:56
2026-08-17,SEM/MO/01169 - Liberación ,LIMPIEZA,Terminada,Sin registro hoy,,,2800.0,2800.0,100.0,126.0,131.4,0,2026-08-12 15:05,2026-08-13 11:16,,,2026-08-17 23:45:56
2026-08-17,SEM/MO/01171 - Liberación ,LIMPIEZA,Terminada,Sin registro hoy,,,17820.0,17820.0,100.0,1273.4,212.3,0,2026-08-13 06:07,2026-08-14 06:29,,,2026-08-17 23:45:56
2026-08-17,SEM/MO/01172 - Liberación ,LIMPIEZA,Terminada,Sin registro hoy,,,7000.0,7000.0,100.0,315.0,106.0,0,2026-08-13 06:07,2026-08-14 06:42,,,2026-08-17 23:45:56
2026-08-17,SEM/MO/01175 - Liberación ,LIMPIEZA,Terminada,Sin registro hoy,,,1400.0,1401.0,100.1,126.1,126.0,0,2026-08-13 06:47,2026-08-14 06:27,,,2026-08-17 23:45:56
2026-08-17,SEM/MO/01183 - Liberación ,LIMPIEZA,Terminada,Sin registro hoy,,,192.0,192.0,100.0,11.5,21.3,0,2026-08-13 09:06,2026-08-13 09:06,,,2026-08-17 23:45:56
2026-08-17,SEM/MO/01177 - Liberación ,LIMPIEZA,Terminada,Sin registro hoy,,,3168.0,3168.0,100.0,190.1,95.1,0,2026-08-13 10:05,2026-08-13 10:05,,,2026-08-17 23:45:56
2026-08-17,SEM/MO/01176 - Liberación ,LIMPIEZA,Terminada,Sin registro hoy,,,4100.0,7338.0,179.0,524.4,76.2,0,2026-08-14 06:17,2026-08-17 09:04,,,2026-08-17 23:45:56
2026-08-17,SEM/MO/01174 - Liberación ,LIMPIEZA,Terminada,Sin registro hoy,,,12960.0,10526.0,81.2,752.2,142.3,0,2026-08-14 08:29,2026-08-17 10:08,,,2026-08-17 23:45:56
2026-08-17,SEM/MO/01196 - Liberación ,LIMPIEZA,En progreso,TOGAN MASABANDA ALEX WLADIMIR,OPERADOR DE PRODUCCION,PRODUCCION,1440.0,0.0,0.0,129.6,68.1,67.9,2026-08-17 06:24,2026-08-17 10:09,2026-08-17 06:24,2026-08-17 07:32,2026-08-17 23:45:56
2026-08-17,SEM/MO/01196 - Liberación ,LIMPIEZA,En progreso,UMAQUINGA ANCHAPAXI HIPATIA MARICELA,OPERADOR DE PRODUCCION,PRODUCCION,1440.0,0.0,0.0,129.6,68.1,68.0,2026-08-17 06:24,2026-08-17 10:09,2026-08-17 06:24,2026-08-17 07:32,2026-08-17 23:45:56
2026-08-17,SEM/MO/01195 - Liberación ,LIMPIEZA,En progreso,OJEDA MALUSIN VINICIO ALEXANDER,OPERADOR DE PRODUCCION,PRODUCCION,1000.0,0.0,0.0,60.0,107.6,99.0,2026-08-17 06:24,2026-08-17 09:00,2026-08-17 06:24,2026-08-17 08:03,2026-08-17 23:45:56
2026-08-17,SEM/MO/01195 - Liberación ,LIMPIEZA,En progreso,ESCORZA ALQUINGA BRITHANY ANAHI,OPERADOR DE PRODUCCION,PRODUCCION,1000.0,0.0,0.0,60.0,107.6,68.2,2026-08-17 06:24,2026-08-17 09:00,2026-08-17 06:25,2026-08-17 07:33,2026-08-17 23:45:56
2026-08-17,SEM/MO/01195 - Liberación ,LIMPIEZA,En progreso,LANCHIMBA ESCORZA DAYANA PAOLA,OPERADOR DE PRODUCCION,PRODUCCION,1000.0,0.0,0.0,60.0,107.6,0.0,2026-08-17 06:24,2026-08-17 09:00,2026-08-17 07:32,2026-08-17 07:32,2026-08-17 23:45:56
2026-08-17,SEM/MO/01198 - Liberación ,LIMPIEZA,En progreso,JIMENEZ QUISHPE NATHALY ROSARIO,OPERADOR DE PRODUCCION,PRODUCCION,2000.0,0.0,0.0,142.9,122.5,1.9,2026-08-17 06:25,2026-08-17 10:22,2026-08-17 15:30,2026-08-17 15:32,2026-08-17 23:45:56
2026-08-17,SEM/MO/01198 - Liberación ,LIMPIEZA,En progreso,UMAQUINGA ANCHAPAXI HIPATIA MARICELA,OPERADOR DE PRODUCCION,PRODUCCION,2000.0,0.0,0.0,142.9,122.5,16.3,2026-08-17 06:25,2026-08-17 10:22,2026-08-17 11:37,2026-08-17 11:53,2026-08-17 23:45:56
2026-08-17,SEM/MO/01198 - Liberación ,LIMPIEZA,En progreso,OJEDA MALUSIN VINICIO ALEXANDER,OPERADOR DE PRODUCCION,PRODUCCION,2000.0,0.0,0.0,142.9,122.5,25.6,2026-08-17 06:25,2026-08-17 10:22,2026-08-17 11:11,2026-08-17 11:37,2026-08-17 23:45:56
2026-08-17,SEM/MO/01198 - Liberación ,LIMPIEZA,En progreso,TOGAN MASABANDA ALEX WLADIMIR,OPERADOR DE PRODUCCION,PRODUCCION,2000.0,0.0,0.0,142.9,122.5,10.9,2026-08-17 06:25,2026-08-17 10:22,2026-08-17 10:46,2026-08-17 10:57,2026-08-17 23:45:56
2026-08-17,SEM/MO/01198 - Liberación ,LIMPIEZA,En progreso,LANCHIMBA ESCORZA DAYANA PAOLA,OPERADOR DE PRODUCCION,PRODUCCION,2000.0,0.0,0.0,142.9,122.5,67.8,2026-08-17 06:25,2026-08-17 10:22,2026-08-17 06:25,2026-08-17 07:32,2026-08-17 23:45:56
2026-08-17,SEM/MO/01200 - Liberación ,LIMPIEZA,Terminada,Sin registro hoy,,,800.0,800.0,100.0,48.0,35.0,0,2026-08-17 10:08,2026-08-17 10:08,,,2026-08-17 23:45:56
2026-08-17,SEM/MO/01199 - Liberación ,LIMPIEZA,En progreso,OJEDA MALUSIN VINICIO ALEXANDER,OPERADOR DE PRODUCCION,PRODUCCION,5000.0,0.0,0.0,225.0,30.5,30.4,2026-08-17 11:37,2026-08-17 16:22,2026-08-17 11:37,2026-08-17 12:07,2026-08-17 23:45:56
2026-08-17,SEM/MO/01199 - Liberación ,LIMPIEZA,En progreso,LANCHIMBA ESCORZA DAYANA PAOLA,OPERADOR DE PRODUCCION,PRODUCCION,5000.0,0.0,0.0,225.0,30.5,30.4,2026-08-17 11:37,2026-08-17 16:22,2026-08-17 11:37,2026-08-17 12:07,2026-08-17 23:45:56
2026-08-17,SEM/MO/01197 - Lavado y desinfección,LAVADO 2,En progreso,TOGAN MASABANDA OMAR HERNANDO,OPERADOR DE PRODUCCION,PRODUCCION,5000.0,0.0,0.0,287.4,104.9,51.2,2026-08-17 14:44,2026-08-18 10:31,2026-08-17 14:44,2026-08-17 15:35,2026-08-17 23:45:56
2026-08-17,SEM/MO/01197 - Lavado y desinfección,LAVADO 2,En progreso,ASIPUELA HARO JOEL ASDRUBAL,OPERADOR DE PRODUCCION,PRODUCCION,5000.0,0.0,0.0,287.4,104.9,104.7,2026-08-17 14:44,2026-08-18 10:31,2026-08-17 14:44,2026-08-17 16:29,2026-08-17 23:45:56
2026-08-17,SEM/MO/01170 - Liberación ,LIMPIEZA,Terminada,Sin registro hoy,,,600.0,631.0,105.2,45.1,45.0,0,2026-08-17 16:07,2026-08-17 16:07,,,2026-08-17 23:45:56
2026-08-17,SEM/MO/01157 - Liberación ,LIMPIEZA,Lista,Sin registro hoy,,,800.0,0.0,0.0,72.0,50.0,0,,,,,2026-08-17 23:45:56
2026-08-17,SEM/MO/00001 - Lavado y desinfección,LAVADO 2,Terminada,Sin registro hoy,,,1500.0,1104.0,73.6,97.4,80.0,0,2026-04-07 09:46,2026-04-07 09:46,,,2026-08-17 23:45:56
2026-08-17,SEM/MO/00003 - Escaldado/descongelado,ESCALDADO,Terminada,Sin registro hoy,,,11350.0,11571.0,101.9,1000.8,285.0,0,2026-04-07 12:13,2026-04-07 12:13,,,2026-08-17 23:45:56
2026-08-17,SEM/MO/00002 - Escaldado/descongelado,ESCALDADO,Terminada,Sin registro hoy,,,9750.0,10806.0,110.8,588.6,340.2,0,2026-04-07 12:29,2026-04-07 12:29,,,2026-08-17 23:45:56
2026-08-17,SEM/MO/00009 - Lavado y desinfección,LAVADO 2,Terminada,Sin registro hoy,,,2600.0,2452.0,94.3,155.2,145.0,0,2026-04-07 12:55,2026-04-07 12:55,,,2026-08-17 23:45:56
2026-08-17,SEM/MO/00016 - Lavado y desinfección,LAVADO 2,Terminada,Sin registro hoy,,,120.0,120.0,100.0,7.6,7.6,0,2026-04-07 13:08,2026-04-07 13:08,,,2026-08-17 23:45:56
2026-08-17,SEM/MO/00014 - Proceso Manual ,DESPITONADO,Terminada,Sin registro hoy,,,28500.0,25703.0,90.2,6073.9,459.4,0,2026-04-07 18:29,2026-04-07 18:29,,,2026-08-17 23:45:56
2026-08-17,SEM/MO/00004 - Lavado y desinfección,LAVADO 2,Terminada,Sin registro hoy,,,600.0,812.0,135.3,93.3,45.0,0,2026-04-07 18:42,2026-04-07 18:42,,,2026-08-17 23:45:56
2026-08-17,SEM/MO/00020 - Escaldado/descongelado,ESCALDADO,Terminada,Sin registro hoy,,,1211.0,1211.0,100.0,66.0,66.0,0,2026-04-07 18:51,2026-04-07 18:51,,,2026-08-17 23:45:56
2026-08-17,SEM/MO/00005 - Escaldado/descongelado,ESCALDADO,Terminada,Sin registro hoy,,,11000.0,13836.0,125.8,952.1,480.0,0,2026-04-07 18:58,2026-04-07 18:58,,,2026-08-17 23:45:56
2026-08-17,SEM/MO/00022 - Proceso Manual ,DESPITONADO,Terminada,Sin registro hoy,,,1004.0,1004.0,100.0,237.2,237.2,0,2026-04-07 19:15,2026-04-07 19:15,,,2026-08-17 23:45:56
2026-08-17,SEM/MO/00025 - Escaldado/descongelado,ESCALDADO,Terminada,Sin registro hoy,,,2711.0,2711.0,100.0,186.6,186.6,0,2026-04-07 19:22,2026-04-07 19:22,,,2026-08-17 23:45:56
2026-08-17,SEM/MO/00031 - Escaldado/descongelado,ESCALDADO,Terminada,Sin registro hoy,,,1040.0,1040.0,100.0,183.2,215.0,0,2026-04-08 18:02,2026-04-08 18:02,,,2026-08-17 23:45:56
2026-08-17,SEM/MO/00023 - Lavado y desinfección,LAVADO 2,Terminada,Sin registro hoy,,,5100.0,5012.0,98.3,457.4,360.0,0,2026-04-08 18:06,2026-04-08 18:06,,,2026-08-17 23:45:56
2026-08-17,SEM/MO/00050 - Lavado y desinfección,LAVADO 2,Terminada,Sin registro hoy,,,812.0,812.0,100.0,93.3,45.0,0,2026-04-10 08:37,2026-04-10 08:37,,,2026-08-17 23:45:56
2026-08-17,SEM/MO/00034 - Escaldado/descongelado,ESCALDADO,Terminada,Sin registro hoy,,,504.0,376.0,74.6,64.6,60.0,0,2026-04-10 10:25,2026-04-10 10:25,,,2026-08-17 23:45:56
2026-08-17,SEM/MO/00035 - Escaldado/descongelado,ESCALDADO,Terminada,Sin registro hoy,,,10000.0,9980.0,99.8,698.0,450.0,0,2026-04-10 11:02,2026-04-10 11:02,,,2026-08-17 23:45:56
2026-08-17,SEM/MO/00033 - Escaldado/descongelado,ESCALDADO,Terminada,Sin registro hoy,,,1000.0,843.0,84.3,22.3,22.3,0,2026-04-10 12:42,2026-04-10 12:42,,,2026-08-17 23:45:56
2026-08-17,SEM/MO/00037 - Escaldado/descongelado,ESCALDADO,Terminada,Sin registro hoy,,,1000.0,1264.0,126.4,41.3,40.0,0,2026-04-14 11:00,2026-04-14 11:00,,,2026-08-17 23:45:56
2026-08-17,SEM/MO/00053 - Escaldado/descongelado,ESCALDADO,Terminada,Sin registro hoy,,,3000.0,1690.0,56.3,146.2,115.0,0,2026-04-14 12:22,2026-04-14 12:22,,,2026-08-17 23:45:56
2026-08-17,SEM/MO/00036 - Escaldado/descongelado,ESCALDADO,Terminada,Sin registro hoy,,,8000.0,3381.0,42.3,292.4,110.0,0,2026-04-14 12:23,2026-04-14 12:23,,,2026-08-17 23:45:56
2026-08-17,SEM/MO/00038 - Lavado y desinfección,LAVADO 2,Terminada,Sin registro hoy,,,10000.0,12311.0,123.1,538.7,175.0,0,2026-04-14 12:26,2026-04-14 12:26,,,2026-08-17 23:45:56
2026-08-17,SEM/MO/00039 - Lavado y desinfección,LAVADO 2,Terminada,Sin registro hoy,,,4000.0,3929.0,98.2,197.4,239.1,0,2026-04-14 12:54,2026-04-14 12:54,,,2026-08-17 23:45:56
2026-08-17,SEM/MO/00051 - Proceso Manual ,DESPITONADO,Terminada,Sin registro hoy,,,1000.0,1238.0,123.8,110.5,110.5,0,2026-04-14 13:05,2026-04-14 13:05,,,2026-08-17 23:45:56
2026-08-17,SEM/MO/00052 - Proceso Manual ,DESPITONADO,Terminada,Sin registro hoy,,,16200.0,14577.0,90.0,3444.7,405.0,0,2026-04-14 13:11,2026-04-14 13:11,,,2026-08-17 23:45:56
2026-08-17,SEM/MO/00105 - Escaldado/descongelado,ESCALDADO,Terminada,Sin registro hoy,,,11000.0,11264.0,102.4,775.1,380.0,0,2026-04-16 10:08,2026-04-16 10:08,,,2026-08-17 23:45:56
2026-08-17,SEM/MO/00061 - Homogenizado,HOMOGENIZACIÓN,Terminada,Sin registro hoy,,,7600.0,7474.0,98.3,74.2,80.0,0,2026-04-16 10:43,2026-04-16 10:43,,,2026-08-17 23:45:56
2026-08-17,SEM/MO/00060 - Lavado y desinfección,LAVADO 2,Terminada,Sin registro hoy,,,600.0,1733.0,288.8,199.2,570.0,0,2026-04-16 11:29,2026-04-16 11:29,,,2026-08-17 23:45:56
2026-08-17,SEM/MO/00055 - Lavado y desinfección,LAVADO 2,Terminada,Sin registro hoy,,,1200.0,1437.0,119.8,165.2,155.8,0,2026-04-16 11:31,2026-04-16 11:31,,,2026-08-17 23:45:56
2026-08-17,SEM/MO/00059 - Lavado y desinfección,LAVADO 2,Terminada,Sin registro hoy,,,6500.0,6672.0,102.6,608.9,465.0,0,2026-04-16 11:44,2026-04-16 11:44,,,2026-08-17 23:45:56
2026-08-17,SEM/MO/00082 - Lavado y desinfección,LAVADO 2,Terminada,Sin registro hoy,,,16200.0,16178.0,99.9,445.8,390.0,0,2026-04-20 09:05,2026-04-20 09:05,,,2026-08-17 23:45:56
2026-08-17,SEM/MO/00120 - Escaldado/descongelado,ESCALDADO,Terminada,Sin registro hoy,,,3800.0,4220.0,111.1,295.2,160.0,0,2026-04-20 09:29,2026-04-20 09:29,,,2026-08-17 23:45:56
2026-08-17,SEM/MO/00078 - Lavado y desinfección,LAVADO 2,Terminada,Sin registro hoy,,,900.0,860.0,95.6,54.4,20.0,0,2026-04-20 09:45,2026-04-20 09:45,,,2026-08-17 23:45:56
2026-08-17,SEM/MO/00109 - Lavado y desinfección,LAVADO 2,Terminada,Sin registro hoy,,,1200.0,1220.0,101.7,77.2,20.0,0,2026-04-20 09:47,2026-04-20 09:47,,,2026-08-17 23:45:56
2026-08-17,SEM/MO/00006 - Homogenizado,HOMOGENIZACIÓN,Terminada,Sin registro hoy,,,4000.0,3835.0,95.9,24.0,60.0,0,2026-04-20 09:53,2026-04-20 09:53,,,2026-08-17 23:45:56
2026-08-17,SEM/MO/00028 - Homogenizado,HOMOGENIZACIÓN,Terminada,Sin registro hoy,,,8000.0,6831.0,85.4,67.8,120.0,0,2026-04-20 09:58,2026-04-20 09:58,,,2026-08-17 23:45:56
2026-08-17,SEM/MO/00110 - Proceso Manual ,DESPITONADO,Terminada,Sin registro hoy,,,1000.0,1617.0,161.7,304.7,50.0,0,2026-04-20 10:16,2026-04-20 10:16,,,2026-08-17 23:45:56
2026-08-17,SEM/MO/00127 - Picado,RALLADO,Terminada,Sin registro hoy,,,810.0,855.0,105.6,150.0,70.0,0,2026-04-21 12:19,2026-04-21 12:19,,,2026-08-17 23:45:56
2026-08-17,SEM/MO/00121 - Lavado y desinfección,LAVADO 2,Terminada,Sin registro hoy,,,1498.0,756.0,50.5,19.8,90.8,0,2026-04-21 12:34,2026-04-21 12:34,,,2026-08-17 23:45:56
2026-08-17,SEM/MO/00129 - Proceso Manual ,DESPITONADO,Terminada,Sin registro hoy,,,12960.0,12400.0,95.7,2930.2,304.8,0,2026-04-21 12:44,2026-04-21 12:44,,,2026-08-17 23:45:56
2026-08-17,SEM/MO/00062 - Homogenizado,HOMOGENIZACIÓN,Terminada,Sin registro hoy,,,12000.0,11730.0,97.8,73.3,230.0,0,2026-04-21 12:51,2026-04-21 12:51,,,2026-08-17 23:45:56
2026-08-17,SEM/MO/00115 - Mezclado,MEZCLADO,Terminada,Sin registro hoy,,,700.0,752.0,107.4,95.0,90.0,0,2026-04-21 14:10,2026-04-21 14:10,,,2026-08-17 23:45:56
2026-08-17,SEM/MO/00128 - Lavado y desinfección,LAVADO 2,Terminada,Sin registro hoy,,,2600.0,3349.0,128.8,155.9,130.0,0,2026-04-21 15:50,2026-04-21 15:50,,,2026-08-17 23:45:56
2026-08-17,SEM/MO/00130 - Lavado y desinfección,LAVADO 2,Terminada,Sin registro hoy,,,336.0,368.0,109.5,43.1,25.0,0,2026-04-21 16:02,2026-04-21 16:02,,,2026-08-17 23:45:56
2026-08-17,SEM/MO/00081 - Escaldado/descongelado,ESCALDADO,Terminada,Sin registro hoy,,,4500.0,5044.0,112.1,436.3,465.0,0,2026-04-21 16:23,2026-04-21 16:23,,,2026-08-17 23:45:56
2026-08-17,SEM/MO/00145 - Lavado y desinfección,LAVADO 2,Terminada,Sin registro hoy,,,1300.0,2302.0,177.1,115.7,65.0,0,2026-04-21 17:47,2026-04-21 17:47,,,2026-08-17 23:45:56
2026-08-17,SEM/MO/00146 - Despulpado y refinado,PULPEADO,Terminada,Sin registro hoy,,,11000.0,12574.0,114.3,523.9,360.0,0,2026-04-21 18:29,2026-04-21 18:29,,,2026-08-17 23:45:56
2026-08-17,SEM/MO/00147 - Lavado y desinfección,LAVADO 2,Terminada,Sin registro hoy,,,800.0,368.0,46.0,42.3,75.0,0,2026-04-21 18:50,2026-04-21 18:50,,,2026-08-17 23:45:56
2026-08-17,SEM/MO/00122 - Lavado y desinfección,LAVADO 2,Terminada,Sin registro hoy,,,650.0,616.0,94.8,16.1,115.0,0,2026-04-21 22:47,2026-04-21 22:47,,,2026-08-17 23:45:56
2026-08-17,SEM/MO/00169 - Lavado y desinfección,LAVADO 2,Terminada,Sin registro hoy,,,516.0,408.0,79.1,36.0,25.0,0,2026-04-22 12:28,2026-04-22 12:28,,,2026-08-17 23:45:56
2026-08-17,SEM/MO/00171 - Escaldado/descongelado,ESCALDADO,Terminada,Sin registro hoy,,,10000.0,2578.0,25.8,223.0,95.0,0,2026-04-23 09:05,2026-04-23 09:05,,,2026-08-17 23:45:56
2026-08-17,SEM/MO/00170 - Escaldado/descongelado,ESCALDADO,Terminada,Sin registro hoy,,,10300.0,10283.0,99.8,560.1,190.0,0,2026-04-23 09:08,2026-04-23 09:08,,,2026-08-17 23:45:56
2026-08-17,SEM/MO/00173 - Lavado y desinfección,LAVADO 2,Terminada,Sin registro hoy,,,1120.0,1360.0,121.4,172.2,120.0,0,2026-04-24 00:58,2026-04-24 00:58,,,2026-08-17 23:45:56
2026-08-17,SEM/MO/00179 - Mezclado,MEZCLADO,Terminada,Sin registro hoy,,,2000.0,2012.0,100.6,254.2,180.0,0,2026-04-24 12:10,2026-04-24 12:10,,,2026-08-17 23:45:56
2026-08-17,SEM/MO/00177 - Lavado y desinfección,LAVADO 2,Terminada,Sin registro hoy,,,9000.0,8642.0,96.0,253.3,60.0,0,2026-04-24 12:11,2026-04-24 12:11,,,2026-08-17 23:45:56
2026-08-17,SEM/MO/00144 - Lavado y desinfección,LAVADO 2,Terminada,Sin registro hoy,,,144.0,144.0,100.0,22.9,30.0,0,2026-04-24 15:37,2026-04-24 15:37,,,2026-08-17 23:45:56
2026-08-17,SEM/MO/00203 - Lavado y desinfección,LAVADO 2,Terminada,Sin registro hoy,,,1312.0,1312.0,100.0,166.1,120.0,0,2026-04-24 15:48,2026-04-24 15:48,,,2026-08-17 23:45:56
2026-08-17,SEM/MO/00200 - Lavado y desinfección,LAVADO 2,Terminada,Sin registro hoy,,,4700.0,4257.0,90.6,117.3,70.0,0,2026-04-27 19:53,2026-04-27 19:53,,,2026-08-17 23:45:56
2026-08-17,SEM/MO/00198 - Lavado y desinfección,LAVADO 2,Terminada,Sin registro hoy,,,11500.0,11538.0,100.3,318.0,144.7,0,2026-04-27 20:22,2026-04-27 20:22,,,2026-08-17 23:45:56
2026-08-17,SEM/MO/00209 - Escaldado/descongelado,ESCALDADO,Terminada,Sin registro hoy,,,32940.0,32940.0,100.0,1794.1,755.0,0,2026-04-27 23:26,2026-04-27 23:26,,,2026-08-17 23:45:56
2026-08-17,SEM/MO/00168 - Escaldado/descongelado,ESCALDADO,Terminada,Sin registro hoy,,,11100.0,9813.0,88.4,534.5,235.0,0,2026-04-30 13:40,2026-04-30 13:40,,,2026-08-17 23:45:56
2026-08-17,SEM/MO/00214 - Proceso Manual ,DESPITONADO,Terminada,Sin registro hoy,,,14000.0,13966.0,99.8,3300.3,570.3,0,2026-04-30 14:21,2026-04-30 14:21,,,2026-08-17 23:45:56
2026-08-17,SEM/MO/00222 - Homogenizado,HOMOGENIZACIÓN,Terminada,Sin registro hoy,,,8000.0,8063.0,100.8,50.4,120.0,0,2026-04-30 15:46,2026-04-30 15:46,,,2026-08-17 23:45:56
2026-08-17,SEM/MO/00218 - Escaldado/descongelado,ESCALDADO,Terminada,Sin registro hoy,,,13000.0,13132.0,101.0,903.7,400.1,0,2026-04-30 16:14,2026-04-30 16:14,,,2026-08-17 23:45:56
2026-08-17,SEM/MO/00224 - Proceso Manual ,DESPITONADO,Terminada,Sin registro hoy,,,10000.0,12069.0,120.7,1432.2,215.1,0,2026-04-30 16:30,2026-04-30 16:30,,,2026-08-17 23:45:56
2026-08-17,SEM/MO/00225 - Lavado y desinfección,LAVADO 4,Terminada,Sin registro hoy,,,2800.0,2120.0,75.7,85.8,95.0,0,2026-04-30 16:59,2026-04-30 16:59,,,2026-08-17 23:45:56
2026-08-17,SEM/MO/00180 - Escaldado/descongelado,ESCALDADO,Terminada,Sin registro hoy,,,3510.0,2376.0,67.7,418.6,305.0,0,2026-04-30 17:08,2026-04-30 17:08,,,2026-08-17 23:45:56
2026-08-17,SEM/MO/00231 - Escaldado/descongelado,ESCALDADO,Terminada,Sin registro hoy,,,1080.0,1098.0,101.7,193.4,30.0,0,2026-05-04 04:52,2026-05-04 04:52,,,2026-08-17 23:45:56
2026-08-17,SEM/MO/00232 - Escaldado/descongelado,ESCALDADO,Terminada,Sin registro hoy,,,400.0,592.0,148.0,104.3,60.0,0,2026-05-04 04:53,2026-05-04 04:53,,,2026-08-17 23:45:56
2026-08-17,SEM/MO/00234 - Escaldado/descongelado,ESCALDADO,Terminada,Sin registro hoy,,,6700.0,9700.0,144.8,427.2,200.0,0,2026-05-04 16:57,2026-05-04 16:57,,,2026-08-17 23:45:56
2026-08-17,SEM/MO/00233 - Escaldado/descongelado,ESCALDADO,Terminada,Sin registro hoy,,,6700.0,7302.0,109.0,321.6,210.0,0,2026-05-04 17:03,2026-05-04 17:03,,,2026-08-17 23:45:56
2026-08-17,SEM/MO/00235 - Escaldado/descongelado,ESCALDADO,Terminada,Sin registro hoy,,,3501.0,3501.0,100.0,190.7,220.0,0,2026-05-04 17:12,2026-05-04 17:12,,,2026-08-17 23:45:56
2026-08-17,SEM/MO/00236 - Escaldado/descongelado,ESCALDADO,Terminada,Sin registro hoy,,,8000.0,6853.0,85.7,373.3,105.0,0,2026-05-04 17:24,2026-05-04 17:24,,,2026-08-17 23:45:56
2026-08-17,SEM/MO/00230 - Picado,RALLADO,Terminada,Sin registro hoy,,,600.0,600.0,100.0,105.3,50.0,0,2026-05-04 17:25,2026-05-04 17:25,,,2026-08-17 23:45:56
2026-08-17,SEM/MO/00254 - Lavado y desinfección,LAVADO 2,Terminada,Sin registro hoy,,,13000.0,12724.0,97.9,350.6,115.0,0,2026-05-05 08:30,2026-05-05 08:30,,,2026-08-17 23:45:56
2026-08-17,SEM/MO/00253 - Picado,RALLADO,Terminada,Sin registro hoy,,,450.0,480.0,106.7,84.2,60.0,0,2026-05-05 08:46,2026-05-05 08:46,,,2026-08-17 23:45:56
2026-08-17,SEM/MO/00252 - Proceso Manual ,DESPITONADO,Terminada,Sin registro hoy,,,9800.0,9794.0,99.9,2314.4,375.7,0,2026-05-05 09:11,2026-05-05 09:11,,,2026-08-17 23:45:56
2026-08-17,SEM/MO/00267 - Escaldado/descongelado,ESCALDADO,Terminada,Sin registro hoy,,,16500.0,16442.0,99.6,895.5,315.0,0,2026-05-05 12:41,2026-05-05 12:41,,,2026-08-17 23:45:56
2026-08-17,SEM/MO/00266 - Escaldado/descongelado,ESCALDADO,Terminada,Sin registro hoy,,,2500.0,889.0,35.6,76.9,65.0,0,2026-05-05 12:42,2026-05-05 12:42,,,2026-08-17 23:45:56
2026-08-17,SEM/MO/00265 - Lavado y desinfección,LAVADO 2,Terminada,Sin registro hoy,,,320.0,320.0,100.0,28.2,30.0,0,2026-05-05 12:44,2026-05-05 12:44,,,2026-08-17 23:45:56
2026-08-17,SEM/MO/00278 - Lavado y desinfección,LAVADO 2,Terminada,Sin registro hoy,,,14000.0,6171.0,44.1,270.1,70.0,0,2026-05-07 14:17,2026-05-07 14:17,,,2026-08-17 23:45:56
2026-08-17,SEM/MO/00286 - Escaldado/descongelado,ESCALDADO,Terminada,Sin registro hoy,,,3000.0,2990.0,99.7,205.8,70.0,0,2026-05-07 14:57,2026-05-07 14:57,,,2026-08-17 23:45:56
2026-08-17,SEM/MO/00305 - Escaldado/descongelado,ESCALDADO,Terminada,Sin registro hoy,,,4500.0,4228.0,94.0,295.7,170.0,0,2026-05-11 15:54,2026-05-11 15:54,,,2026-08-17 23:45:56
2026-08-17,SEM/MO/00298 - Mezclado,MEZCLADO,Terminada,Sin registro hoy,,,1000.0,910.0,91.0,115.0,70.0,0,2026-05-11 16:17,2026-05-11 16:17,,,2026-08-17 23:45:56
2026-08-17,SEM/MO/00312 - Lavado y desinfección,LAVADO 2,Terminada,Sin registro hoy,,,1000.0,1100.0,110.0,116.9,50.0,0,2026-05-12 08:53,2026-05-12 08:53,,,2026-08-17 23:45:56
2026-08-17,SEM/MO/00324-001 - Escaldado/descongelado,ESCALDADO,Terminada,Sin registro hoy,,,2989.0,2989.0,100.0,162.8,120.0,0,2026-05-12 12:28,2026-05-13 09:11,,,2026-08-17 23:45:56
2026-08-17,SEM/MO/00313 - Proceso Manual ,DESPITONADO,Terminada,Sin registro hoy,,,10000.0,3519.0,35.2,831.6,274.3,0,2026-05-12 13:11,2026-05-18 14:21,,,2026-08-17 23:45:56
2026-08-17,SEM/MO/00288 - Lavado y desinfección,LAVADO 2,Terminada,Sin registro hoy,,,1200.0,2256.0,188.0,259.3,787.9,0,2026-05-13 03:51,2026-05-13 03:51,,,2026-08-17 23:45:56
2026-08-17,SEM/MO/00282 - Lavado y desinfección,LAVADO 2,Terminada,Sin registro hoy,,,2520.0,3033.0,120.4,276.8,470.0,0,2026-05-13 04:02,2026-05-13 04:02,,,2026-08-17 23:45:56
2026-08-17,SEM/MO/00297 - Lavado y desinfección,LAVADO 2,Terminada,Sin registro hoy,,,994.0,980.0,98.6,25.6,90.0,0,2026-05-13 04:23,2026-05-13 04:23,,,2026-08-17 23:45:56
2026-08-17,SEM/MO/00316 - Lavado y desinfección,LAVADO 2,Terminada,Sin registro hoy,,,150.0,104.0,69.3,5.2,35.0,0,2026-05-13 05:08,2026-05-13 05:08,,,2026-08-17 23:45:56
2026-08-17,SEM/MO/00315 - Lavado y desinfección,LAVADO 2,Terminada,Sin registro hoy,,,64.0,64.0,100.0,10.2,30.0,0,2026-05-13 05:10,2026-05-13 05:10,,,2026-08-17 23:45:56
2026-08-17,SEM/MO/00317 - Lavado y desinfección,LAVADO 2,Terminada,Sin registro hoy,,,4000.0,1851.0,46.3,93.0,45.0,0,2026-05-13 05:14,2026-05-13 05:14,,,2026-08-17 23:45:56
2026-08-17,SEM/MO/00326 - Lavado y desinfección,LAVADO 2,Terminada,Sin registro hoy,,,3520.0,4160.0,118.2,526.6,360.0,0,2026-05-13 08:30,2026-05-13 13:53,,,2026-08-17 23:45:56
2026-08-17,SEM/MO/00323 - Escaldado/descongelado,ESCALDADO,Terminada,Sin registro hoy,,,10000.0,9105.0,91.0,787.5,190.0,0,2026-05-13 09:10,2026-05-13 09:10,,,2026-08-17 23:45:56
2026-08-17,SEM/MO/00336 - Lavado y desinfección,LAVADO 2,Terminada,Sin registro hoy,,,1600.0,1601.0,100.1,101.3,120.0,0,2026-05-13 13:48,2026-05-13 13:48,,,2026-08-17 23:45:56
2026-08-17,SEM/MO/00338 - Proceso Manual ,DESPITONADO,Terminada,Sin registro hoy,,,1700.0,1700.0,100.0,320.4,65.0,0,2026-05-13 14:25,2026-05-13 14:25,,,2026-08-17 23:45:56
2026-08-17,SEM/MO/00331 - Lavado y desinfección,LAVADO 2,Terminada,Sin registro hoy,,,320.0,320.0,100.0,37.5,35.0,0,2026-05-14 20:40,2026-05-14 20:40,,,2026-08-17 23:45:56
2026-08-17,SEM/MO/00306 - Escaldado/descongelado,ESCALDADO,Terminada,Sin registro hoy,,,10000.0,9320.0,93.2,806.1,135.0,0,2026-05-15 15:27,2026-05-15 15:27,,,2026-08-17 23:45:56
2026-08-17,SEM/MO/00310 - Lavado y desinfección,LAVADO 2,Terminada,Sin registro hoy,,,14000.0,12024.0,85.9,526.2,190.0,0,2026-05-15 15:44,2026-05-15 15:44,,,2026-08-17 23:45:56
2026-08-17,SEM/MO/00325 - Lavado y desinfección,LAVADO 2,Terminada,Sin registro hoy,,,600.0,758.0,126.3,87.1,125.0,0,2026-05-18 06:45,2026-05-18 06:45,,,2026-08-17 23:45:56
2026-08-17,SEM/MO/00348 - Lavado y desinfección,LAVADO 2,Terminada,Sin registro hoy,,,1000.0,800.0,80.0,183.9,165.0,0,2026-05-18 06:49,2026-05-18 06:49,,,2026-08-17 23:45:56
2026-08-17,SEM/MO/00349 - Escaldado/descongelado,ESCALDADO,Terminada,Sin registro hoy,,,500.0,499.0,99.8,27.2,20.0,0,2026-05-18 07:21,2026-05-18 07:21,,,2026-08-17 23:45:56
2026-08-17,SEM/MO/00353 - Lavado y desinfección,LAVADO 2,Terminada,Sin registro hoy,,,14000.0,9695.0,69.2,424.3,190.1,0,2026-05-18 11:14,2026-05-18 11:14,,,2026-08-17 23:45:56
2026-08-17,SEM/MO/00334 - Despulpado y refinado,PULPEADO,Terminada,Sin registro hoy,,,4500.0,4556.0,101.2,189.8,155.0,0,2026-05-18 14:28,2026-05-18 14:28,,,2026-08-17 23:45:56
2026-08-17,SEM/MO/00333 - Escaldado/descongelado,ESCALDADO,Terminada,Sin registro hoy,,,12000.0,6084.0,50.7,526.2,85.0,0,2026-05-18 22:26,2026-05-18 22:26,,,2026-08-17 23:45:56
2026-08-17,SEM/MO/00366 - Escaldado/descongelado,ESCALDADO,Terminada,Sin registro hoy,,,3500.0,2829.0,80.8,244.7,135.0,0,2026-05-18 22:31,2026-05-18 22:31,,,2026-08-17 23:45:56
2026-08-17,SEM/MO/00357 - Proceso Manual ,DESPITONADO,Terminada,Sin registro hoy,,,6500.0,7677.0,118.1,1814.2,450.0,0,2026-05-18 23:20,2026-05-18 23:20,,,2026-08-17 23:45:56
2026-08-17,SEM/MO/00350 - Escaldado/descongelado,ESCALDADO,Terminada,Sin registro hoy,,,432.0,432.0,100.0,76.1,50.0,0,2026-05-19 00:30,2026-05-19 00:30,,,2026-08-17 23:45:56
2026-08-17,SEM/MO/00352 - Escaldado/descongelado,ESCALDADO,Terminada,Sin registro hoy,,,1008.0,938.0,93.1,165.3,85.0,0,2026-05-19 00:35,2026-05-19 00:35,,,2026-08-17 23:45:56
2026-08-17,SEM/MO/00358 - Picado,RALLADO,Terminada,Sin registro hoy,,,1050.0,1125.0,107.1,197.4,140.0,0,2026-05-19 11:23,2026-05-19 11:23,,,2026-08-17 23:45:56
2026-08-17,SEM/MO/00332 - Lavado y desinfección,LAVADO 2,Terminada,Sin registro hoy,,,7500.0,7639.0,101.9,355.6,100.0,0,2026-05-19 15:18,2026-05-19 15:18,,,2026-08-17 23:45:56
2026-08-17,SEM/MO/00356 - Mezclado,MEZCLADO,Terminada,Sin registro hoy,,,1000.0,968.0,96.8,122.3,55.0,0,2026-05-19 15:26,2026-05-19 15:26,,,2026-08-17 23:45:56
2026-08-17,SEM/MO/00380 - Picado,RALLADO,Terminada,Sin registro hoy,,,600.0,675.0,112.5,118.4,120.1,0,2026-05-19 15:55,2026-05-19 15:55,,,2026-08-17 23:45:56
2026-08-17,SEM/MO/00379 - Escaldado/descongelado,ESCALDADO,Terminada,Sin registro hoy,,,12000.0,13144.0,109.5,1136.9,530.0,0,2026-05-19 17:15,2026-05-19 17:15,,,2026-08-17 23:45:56
2026-08-17,SEM/MO/00388 - Lavado y desinfección,LAVADO 2,Terminada,Sin registro hoy,,,7500.0,7977.0,106.4,371.4,120.0,0,2026-05-20 10:23,2026-05-22 16:57,,,2026-08-17 23:45:56
2026-08-17,SEM/MO/00399 - Proceso Manual ,DESPITONADO,Terminada,Sin registro hoy,,,8000.0,8000.0,100.0,1890.5,671.7,0,2026-05-21 06:17,2026-05-21 18:48,,,2026-08-17 23:45:56
2026-08-17,SEM/MO/00398 - Escaldado/descongelado,ESCALDADO,Terminada,Sin registro hoy,,,480.0,552.0,115.0,94.9,75.8,0,2026-05-21 08:14,2026-05-25 21:09,,,2026-08-17 23:45:56
2026-08-17,SEM/MO/00382 - Lavado y desinfección,LAVADO 4,Terminada,Sin registro hoy,,,4040.0,4000.0,99.0,161.9,55.0,0,2026-05-21 14:21,2026-05-21 14:21,,,2026-08-17 23:45:56
2026-08-17,SEM/MO/00392 - Picado,RALLADO,Terminada,Sin registro hoy,,,315.0,345.0,109.5,60.5,40.0,0,2026-05-21 15:04,2026-05-21 15:04,,,2026-08-17 23:45:56
2026-08-17,SEM/MO/00404 - Escaldado/descongelado,ESCALDADO,Terminada,Sin registro hoy,,,404.0,404.0,100.0,71.2,90.0,0,2026-05-21 21:38,2026-05-21 21:38,,,2026-08-17 23:45:56
2026-08-17,SEM/MO/00391 - Escaldado/descongelado,ESCALDADO,Terminada,Sin registro hoy,,,1200.0,1320.0,110.0,232.6,40.0,0,2026-05-21 21:41,2026-05-21 21:41,,,2026-08-17 23:45:56
2026-08-17,SEM/MO/00389 - Escaldado/descongelado,ESCALDADO,Terminada,Sin registro hoy,,,2016.0,2286.0,113.4,402.8,420.0,0,2026-05-21 21:47,2026-05-21 21:47,,,2026-08-17 23:45:56
2026-08-17,SEM/MO/00395 - Proceso Manual ,DESPITONADO,Terminada,Sin registro hoy,,,400.0,250.0,62.5,170.4,113.0,0,2026-05-22 06:02,2026-05-26 15:06,,,2026-08-17 23:45:56
2026-08-17,SEM/MO/00396 - Lavado y desinfección,LAVADO 2,Terminada,Sin registro hoy,,,14000.0,9644.0,68.9,422.0,219.0,0,2026-05-22 08:46,2026-05-26 17:33,,,2026-08-17 23:45:56
2026-08-17,SEM/MO/00409 - Escaldado/descongelado,ESCALDADO,Terminada,Sin registro hoy,,,11300.0,11300.0,100.0,977.4,232.3,0,2026-05-22 15:58,2026-05-22 21:47,,,2026-08-17 23:45:56
2026-08-17,SEM/MO/00381 - Lavado y desinfección,LAVADO 2,Terminada,Sin registro hoy,,,12000.0,11834.0,98.6,517.9,240.8,0,2026-05-25 17:38,2026-05-25 17:38,,,2026-08-17 23:45:56
2026-08-17,SEM/MO/00418 - Lavado y desinfección,LAVADO 2,Terminada,Sin registro hoy,,,1200.0,1360.0,113.3,120.0,154.5,0,2026-05-26 06:27,2026-05-28 15:32,,,2026-08-17 23:45:56
2026-08-17,SEM/MO/00413 - Proceso Manual ,DESPITONADO,Terminada,Sin registro hoy,,,800.0,800.0,100.0,476.2,277.0,0,2026-05-26 08:56,2026-05-26 08:56,,,2026-08-17 23:45:56
2026-08-17,SEM/MO/00414 - Proceso Manual ,DESPITONADO,Terminada,Sin registro hoy,,,304.0,304.0,100.0,180.9,227.0,0,2026-05-26 09:11,2026-05-26 09:11,,,2026-08-17 23:45:56
2026-08-17,SEM/MO/00419 - Lavado y desinfección,LAVADO 2,Terminada,Sin registro hoy,,,14000.0,8345.0,59.6,365.2,94.9,0,2026-05-26 09:58,2026-05-29 05:45,,,2026-08-17 23:45:56
2026-08-17,SEM/MO/00420 - Proceso Manual ,DESPITONADO,Terminada,Sin registro hoy,,,2000.0,2615.0,130.8,492.8,215.8,0,2026-05-26 13:25,2026-05-28 15:40,,,2026-08-17 23:45:56
2026-08-17,SEM/MO/00410 - Pasteurizado,PASTEURIZACIÓN,Terminada,Sin registro hoy,,,405.0,330.0,81.5,39.9,30.0,0,2026-05-26 15:53,2026-05-26 15:53,,,2026-08-17 23:45:56
2026-08-17,SEM/MO/00427 - Lavado y desinfección,LAVADO 2,Terminada,Sin registro hoy,,,1760.0,1760.0,100.0,184.9,84.0,0,2026-05-26 17:30,2026-05-26 17:30,,,2026-08-17 23:45:56
2026-08-17,SEM/MO/00444 - Proceso Manual ,DESPITONADO,Terminada,Sin registro hoy,,,8400.0,7811.0,93.0,1845.8,809.9,0,2026-05-27 06:37,2026-05-30 15:26,,,2026-08-17 23:45:56
2026-08-17,SEM/MO/00439 - Despulpado y refinado,PULPEADO,Terminada,Sin registro hoy,,,6000.0,6575.0,109.6,274.0,336.4,0,2026-05-27 07:49,2026-05-30 14:41,,,2026-08-17 23:45:56
2026-08-17,SEM/MO/00440 - Escaldado/descongelado,ESCALDADO,Terminada,Sin registro hoy,,,1504.0,1504.0,100.0,265.0,125.2,0,2026-05-27 16:42,2026-05-30 12:17,,,2026-08-17 23:45:56
2026-08-17,SEM/MO/00441 - Escaldado/descongelado,ESCALDADO,Terminada,Sin registro hoy,,,590.0,602.0,102.0,106.1,55.1,0,2026-05-27 18:47,2026-05-30 12:14,,,2026-08-17 23:45:56
2026-08-17,SEM/MO/00446 - Escaldado/descongelado,ESCALDADO,Terminada,Sin registro hoy,,,12000.0,14899.0,124.2,1288.7,363.1,0,2026-05-28 14:48,2026-05-31 00:16,,,2026-08-17 23:45:56
2026-08-17,SEM/MO/00451 - Escaldado/descongelado,ESCALDADO,Terminada,Sin registro hoy,,,7500.0,8369.0,111.6,585.4,387.1,0,2026-05-29 06:07,2026-05-31 16:28,,,2026-08-17 23:45:56
2026-08-17,SEM/MO/00450 - Lavado y desinfección,LAVADO 2,Terminada,Sin registro hoy,,,1600.0,1744.0,109.0,132.1,255.3,0,2026-05-29 06:42,2026-05-31 00:24,,,2026-08-17 23:45:56
2026-08-17,SEM/MO/00452 - Lavado y desinfección,LAVADO 2,Terminada,Sin registro hoy,,,14000.0,9788.0,69.9,428.3,52.9,0,2026-05-29 13:42,2026-05-31 20:13,,,2026-08-17 23:45:56
2026-08-17,SEM/MO/00466 - Lavado y desinfección,LAVADO 2,Terminada,Sin registro hoy,,,1600.0,2375.0,148.4,249.5,90.0,0,2026-05-31 17:04,2026-05-31 17:04,,,2026-08-17 23:45:56
2026-08-17,SEM/MO/00471 - Lavado y desinfección,LAVADO 2,Terminada,Sin registro hoy,,,704.0,800.0,113.6,60.6,205.5,0,2026-06-01 07:15,2026-06-01 16:49,,,2026-08-17 23:45:56
2026-08-17,SEM/MO/00468 - Escaldado/descongelado,ESCALDADO,Terminada,Sin registro hoy,,,13000.0,14164.0,109.0,1225.1,519.2,0,2026-06-01 07:22,2026-06-02 13:56,,,2026-08-17 23:45:56
2026-08-17,SEM/MO/00470 - Despulpado y refinado,PULPEADO,Terminada,Sin registro hoy,,,6000.0,10090.0,168.2,420.4,417.5,0,2026-06-01 16:17,2026-06-02 17:36,,,2026-08-17 23:45:56
2026-08-17,SEM/MO/00488 - Lavado y desinfección,LAVADO 2,Terminada,Sin registro hoy,,,7600.0,7015.0,92.3,352.5,229.5,0,2026-06-02 09:13,2026-06-03 09:29,,,2026-08-17 23:45:56
2026-08-17,SEM/MO/00496 - Lavado y desinfección,LAVADO 2,Terminada,Sin registro hoy,,,14000.0,14000.0,100.0,612.6,150.0,0,2026-06-03 06:41,2026-06-03 08:30,,,2026-08-17 23:45:56
2026-08-17,SEM/MO/00497 - Lavado y desinfección,LAVADO 2,Terminada,Sin registro hoy,,,1400.0,1470.0,105.0,38.4,183.1,0,2026-06-03 06:42,2026-06-04 09:29,,,2026-08-17 23:45:56
2026-08-17,SEM/MO/00508 - Lavado y desinfección,LAVADO 2,Terminada,Sin registro hoy,,,14000.0,29161.0,208.3,1276.1,381.8,0,2026-06-03 13:13,2026-06-08 12:56,,,2026-08-17 23:45:56
2026-08-17,SEM/MO/00513 - Proceso Manual ,DESPITONADO,Terminada,Sin registro hoy,,,14000.0,12810.0,91.5,3027.1,610.2,0,2026-06-04 09:00,2026-06-08 17:40,,,2026-08-17 23:45:56
2026-08-17,SEM/MO/00489 - Homogenizado,HOMOGENIZACIÓN,Terminada,Sin registro hoy,,,24000.0,1345.0,5.6,8.4,73.8,0,2026-06-04 15:03,2026-06-09 08:22,,,2026-08-17 23:45:56
2026-08-17,SEM/MO/00511 - Lavado y desinfección,LAVADO 2,Terminada,Sin registro hoy,,,1600.0,1600.0,100.0,121.2,199.9,0,2026-06-05 07:12,2026-06-05 15:23,,,2026-08-17 23:45:56
2026-08-17,SEM/MO/00521 - Escaldado/descongelado,ESCALDADO,Terminada,Sin registro hoy,,,300.0,300.0,100.0,52.9,52.9,0,2026-06-05 14:53,2026-06-05 17:55,,,2026-08-17 23:45:56
2026-08-17,SEM/MO/00523 - Escaldado/descongelado,ESCALDADO,Terminada,Sin registro hoy,,,1500.0,1520.0,101.3,267.8,36.9,0,2026-06-05 16:40,2026-06-08 22:18,,,2026-08-17 23:45:56
2026-08-17,SEM/MO/00522 - Escaldado/descongelado,ESCALDADO,Terminada,Sin registro hoy,,,3600.0,3870.0,107.5,681.8,163.0,0,2026-06-05 17:17,2026-06-08 22:30,,,2026-08-17 23:45:56
2026-08-17,SEM/MO/00526 - Escaldado/descongelado,ESCALDADO,Terminada,Sin registro hoy,,,14000.0,13025.0,93.0,1126.6,389.0,0,2026-06-08 08:26,2026-06-09 14:16,,,2026-08-17 23:45:56
2026-08-17,SEM/MO/00527 - Escaldado/descongelado,ESCALDADO,Terminada,Sin registro hoy,,,7800.0,7800.0,100.0,536.8,290.0,0,2026-06-08 11:30,2026-06-08 19:28,,,2026-08-17 23:45:56
2026-08-17,SEM/MO/00525 - Lavado y desinfección,LAVADO 2,Terminada,Sin registro hoy,,,450.0,448.0,99.6,33.9,50.0,0,2026-06-08 16:25,2026-06-08 21:27,,,2026-08-17 23:45:56
2026-08-17,SEM/MO/00537 - Lavado y desinfección,LAVADO 2,Terminada,Sin registro hoy,,,3500.0,3498.0,99.9,96.4,108.8,0,2026-06-09 07:46,2026-06-10 14:07,,,2026-08-17 23:45:56
2026-08-17,SEM/MO/00538 - Lavado y desinfección,LAVADO 2,Terminada,Sin registro hoy,,,11700.0,7560.0,64.6,330.8,79.4,0,2026-06-09 09:39,2026-06-10 09:15,,,2026-08-17 23:45:56
2026-08-17,SEM/MO/00547 - Homogenizado,HOMOGENIZACIÓN,Terminada,Sin registro hoy,,,2600.0,2340.0,90.0,23.2,98.6,0,2026-06-09 18:05,2026-06-10 14:13,,,2026-08-17 23:45:56
2026-08-17,SEM/MO/00539 - Lavado y desinfección,LAVADO 4,Terminada,Sin registro hoy,,,2020.0,2120.0,105.0,85.8,84.7,0,2026-06-10 08:37,2026-06-10 08:37,,,2026-08-17 23:45:56
2026-08-17,SEM/MO/00544 - Lavado y desinfección,LAVADO 4,Terminada,Sin registro hoy,,,2020.0,2020.0,100.0,81.8,55.0,0,2026-06-10 10:01,2026-06-10 16:39,,,2026-08-17 23:45:56
2026-08-17,SEM/MO/00550 - Escaldado/descongelado,ESCALDADO,Terminada,Sin registro hoy,,,11000.0,11000.0,100.0,599.1,220.8,0,2026-06-10 12:38,2026-06-10 16:39,,,2026-08-17 23:45:56
2026-08-17,SEM/MO/00556 - Escaldado/descongelado,ESCALDADO,Terminada,Sin registro hoy,,,9000.0,9000.0,100.0,490.2,191.7,0,2026-06-10 16:39,2026-06-10 22:22,,,2026-08-17 23:45:56
2026-08-17,SEM/MO/00560 - Lavado de envases,TACHOS,Terminada,Sin registro hoy,,,1095.0,1095.0,100.0,0.0,120.9,0,2026-06-11 06:14,2026-06-11 16:08,,,2026-08-17 23:45:56
2026-08-17,SEM/MO/00557 - Picado,RALLADO,Terminada,Sin registro hoy,,,1395.0,1455.0,104.3,255.3,233.0,0,2026-06-11 07:50,2026-06-12 09:08,,,2026-08-17 23:45:56
2026-08-17,SEM/MO/00558 - Lavado y desinfección,LAVADO 2,Terminada,Sin registro hoy,,,320.0,320.0,100.0,37.5,71.1,0,2026-06-11 08:33,2026-06-11 15:58,,,2026-08-17 23:45:56
2026-08-17,SEM/MO/00551 - Escaldado/descongelado,ESCALDADO,Terminada,Sin registro hoy,,,420.0,770.0,183.3,135.7,90.0,0,2026-06-11 10:42,2026-06-11 10:42,,,2026-08-17 23:45:56
2026-08-17,SEM/MO/00552 - Escaldado/descongelado,ESCALDADO,Terminada,Sin registro hoy,,,630.0,666.0,105.7,117.3,40.0,0,2026-06-11 10:42,2026-06-11 10:42,,,2026-08-17 23:45:56
2026-08-17,SEM/MO/00561 - Homogenizado,HOMOGENIZACIÓN,Terminada,Sin registro hoy,,,8000.0,7178.0,89.7,44.9,207.9,0,2026-06-11 14:23,2026-06-15 15:50,,,2026-08-17 23:45:56
2026-08-17,SEM/MO/00562 - Escaldado/descongelado,ESCALDADO,Terminada,Sin registro hoy,,,660.0,660.0,100.0,143.8,105.0,0,2026-06-11 17:43,2026-06-11 17:43,,,2026-08-17 23:45:56
2026-08-17,SEM/MO/00563 - Homogenizado,HOMOGENIZACIÓN,Terminada,Sin registro hoy,,,200.0,203.0,101.5,2.0,11.4,0,2026-06-11 18:07,2026-06-15 15:48,,,2026-08-17 23:45:56
2026-08-17,SEM/MO/00572 - Proceso Manual ,DESPITONADO,Terminada,Sin registro hoy,,,7000.0,7000.0,100.0,830.7,127.9,0,2026-06-12 06:08,2026-06-12 15:11,,,2026-08-17 23:45:56
2026-08-17,SEM/MO/00571 - Mezclado,MEZCLADO,Terminada,Sin registro hoy,,,2000.0,2000.0,100.0,252.6,119.9,0,2026-06-12 10:00,2026-06-15 15:43,,,2026-08-17 23:45:56
2026-08-17,SEM/MO/00573 - Lavado y desinfección,LAVADO 2,Terminada,Sin registro hoy,,,340.0,336.0,98.8,29.6,30.0,0,2026-06-12 10:18,2026-06-12 10:18,,,2026-08-17 23:45:56
2026-08-17,SEM/MO/00570 - Lavado y desinfección,LAVADO 2,Terminada,Sin registro hoy,,,14000.0,17061.0,121.9,746.6,259.6,0,2026-06-12 10:47,2026-06-15 16:26,,,2026-08-17 23:45:56
2026-08-17,SEM/MO/00577 - Homogenizado,HOMOGENIZACIÓN,Terminada,Sin registro hoy,,,15000.0,14897.0,99.3,93.1,167.6,0,2026-06-15 11:21,2026-06-16 18:32,,,2026-08-17 23:45:56
2026-08-17,SEM/MO/00576 - Lavado y desinfección,LAVADO 2,Terminada,Sin registro hoy,,,5000.0,5657.0,113.1,516.3,456.3,0,2026-06-15 15:12,2026-06-19 16:25,,,2026-08-17 23:45:56
2026-08-17,SEM/MO/00591 - Escaldado/descongelado,ESCALDADO,Terminada,Sin registro hoy,,,12000.0,11300.0,94.2,497.7,217.1,0,2026-06-16 07:21,2026-06-18 08:44,,,2026-08-17 23:45:56
2026-08-17,SEM/MO/00592 - Escaldado/descongelado,ESCALDADO,Terminada,Sin registro hoy,,,1500.0,1500.0,100.0,264.3,118.4,0,2026-06-16 12:31,2026-06-18 08:45,,,2026-08-17 23:45:56
2026-08-17,SEM/MO/00579 - Picado,RALLADO,Terminada,Sin registro hoy,,,850.0,855.0,100.6,150.0,145.1,0,2026-06-16 13:59,2026-06-16 15:01,,,2026-08-17 23:45:56
2026-08-17,SEM/MO/00593 - Lavado y desinfección,LAVADO 2,Terminada,Sin registro hoy,,,3600.0,3600.0,100.0,167.6,85.5,0,2026-06-16 15:10,2026-06-18 09:49,,,2026-08-17 23:45:56
2026-08-17,SEM/MO/00598 - Homogenizado,HOMOGENIZACIÓN,Terminada,Sin registro hoy,,,10000.0,9635.0,96.4,95.6,278.5,0,2026-06-17 06:44,2026-06-19 10:19,,,2026-08-17 23:45:56
2026-08-17,SEM/MO/00578 - Proceso Manual ,DESPITONADO,Terminada,Sin registro hoy,,,1000.0,1027.0,102.7,242.7,35.0,0,2026-06-17 09:45,2026-06-18 10:14,,,2026-08-17 23:45:56
2026-08-17,SEM/MO/00602 - Lavado y desinfección,LAVADO 2,Terminada,Sin registro hoy,,,5000.0,5710.0,114.2,226.5,264.8,0,2026-06-17 14:58,2026-06-19 09:20,,,2026-08-17 23:45:56
2026-08-17,SEM/MO/00599 - Lavado y desinfección,LAVADO 2,Terminada,Sin registro hoy,,,1504.0,1744.0,116.0,220.8,174.2,0,2026-06-18 08:28,2026-06-19 12:26,,,2026-08-17 23:45:56
2026-08-17,SEM/MO/00606 - Escaldado/descongelado,ESCALDADO,Terminada,Sin registro hoy,,,1200.0,1200.0,100.0,65.4,50.2,0,2026-06-18 09:59,2026-06-22 16:11,,,2026-08-17 23:45:56
2026-08-17,SEM/MO/00607 - Escaldado/descongelado,ESCALDADO,Terminada,Sin registro hoy,,,13000.0,13000.0,100.0,1124.4,563.4,0,2026-06-18 17:17,2026-06-22 16:15,,,2026-08-17 23:45:56
2026-08-17,SEM/MO/00616 - Lavado y desinfección,LAVADO 2,Terminada,Sin registro hoy,,,11500.0,12383.0,107.7,541.9,206.8,0,2026-06-19 07:23,2026-06-22 16:10,,,2026-08-17 23:45:56
2026-08-17,SEM/MO/00601 - Lavado y desinfección,LAVADO 2,Terminada,Sin registro hoy,,,64.0,64.0,100.0,10.2,10.0,0,2026-06-19 09:17,2026-06-19 09:17,,,2026-08-17 23:45:56
2026-08-17,SEM/MO/00603 - Lavado y desinfección,LAVADO 2,Terminada,Sin registro hoy,,,5100.0,4018.0,78.8,201.9,80.0,0,2026-06-21 14:37,2026-06-22 16:18,,,2026-08-17 23:45:56
2026-08-17,SEM/MO/00626 - Lavado y desinfección,LAVADO 2,Terminada,Sin registro hoy,,,1800.0,1800.0,100.0,136.4,222.3,0,2026-06-22 08:53,2026-06-23 10:26,,,2026-08-17 23:45:56
2026-08-17,SEM/MO/00627 - Escaldado/descongelado,ESCALDADO,Terminada,Sin registro hoy,,,12000.0,12000.0,100.0,528.5,329.5,0,2026-06-22 09:35,2026-06-23 10:52,,,2026-08-17 23:45:56
2026-08-17,SEM/MO/00625 - Lavado y desinfección,LAVADO 2,Terminada,Sin registro hoy,,,2000.0,1377.0,68.8,69.2,40.0,0,2026-06-22 11:02,2026-06-23 15:52,,,2026-08-17 23:45:56
2026-08-17,SEM/MO/00617 - Homogenizado,HOMOGENIZACIÓN,Terminada,Sin registro hoy,,,5000.0,4901.0,98.0,48.6,115.0,0,2026-06-22 16:25,2026-06-23 09:07,,,2026-08-17 23:45:56
2026-08-17,SEM/MO/00628 - Homogenizado,HOMOGENIZACIÓN,Terminada,Sin registro hoy,,,10000.0,10000.0,100.0,99.2,614.3,0,2026-06-22 18:21,2026-06-24 14:35,,,2026-08-17 23:45:56
2026-08-17,SEM/MO/00640 - Picado,RALLADO,Terminada,Sin registro hoy,,,855.0,915.0,107.0,160.5,101.5,0,2026-06-23 08:50,2026-06-24 10:04,,,2026-08-17 23:45:56
2026-08-17,SEM/MO/00641 - Lavado y desinfección,LAVADO 2,Terminada,Sin registro hoy,,,10200.0,18612.0,182.5,814.5,389.6,0,2026-06-23 08:50,2026-06-25 12:17,,,2026-08-17 23:45:56
2026-08-17,SEM/MO/00642 - Escaldado/descongelado,ESCALDADO,Terminada,Sin registro hoy,,,7000.0,7091.0,101.3,488.0,281.4,0,2026-06-23 14:44,2026-06-24 10:20,,,2026-08-17 23:45:56
2026-08-17,SEM/MO/00654 - Lavado y desinfección,LAVADO 2,Terminada,Sin registro hoy,,,7000.0,7000.0,100.0,192.9,139.7,0,2026-06-24 07:53,2026-06-24 11:38,,,2026-08-17 23:45:56
2026-08-17,SEM/MO/00668 - Proceso Manual ,DESPITONADO,Terminada,Sin registro hoy,,,300.0,300.0,100.0,204.6,52.1,0,2026-06-24 14:51,2026-06-25 08:33,,,2026-08-17 23:45:56
2026-08-17,SEM/MO/00656 - Picado,RALLADO,Terminada,Sin registro hoy,,,855.0,915.0,107.0,160.5,95.0,0,2026-06-24 21:12,2026-06-25 12:14,,,2026-08-17 23:45:56
2026-08-17,SEM/MO/00667 - Pasteurizado,PASTEURIZACIÓN,Terminada,Sin registro hoy,,,300.0,330.0,110.0,39.9,36.3,0,2026-06-24 21:43,2026-06-25 08:56,,,2026-08-17 23:45:56
2026-08-17,SEM/MO/00675 - Proceso Manual ,DESPITONADO,Terminada,Sin registro hoy,,,1520.0,1520.0,100.0,904.8,455.9,0,2026-06-25 06:21,2026-06-28 18:29,,,2026-08-17 23:45:56
2026-08-17,SEM/MO/00674 - Escaldado/descongelado,ESCALDADO,Terminada,Sin registro hoy,,,13000.0,13000.0,100.0,708.1,380.9,0,2026-06-25 08:07,2026-06-26 14:34,,,2026-08-17 23:45:56
2026-08-17,SEM/MO/00673 - Escaldado/descongelado,ESCALDADO,Terminada,Sin registro hoy,,,4000.0,4962.0,124.0,429.2,48.9,0,2026-06-25 12:54,2026-06-26 14:29,,,2026-08-17 23:45:56
2026-08-17,SEM/MO/00680 - Proceso Manual ,DESPITONADO,Terminada,Sin registro hoy,,,14000.0,14000.0,100.0,3308.3,980.5,0,2026-06-26 06:29,2026-06-28 18:34,,,2026-08-17 23:45:56
2026-08-17,SEM/MO/00681 - Lavado y desinfección,LAVADO 1,Terminada,Sin registro hoy,,,1000.0,1000.0,100.0,40.5,54.2,0,2026-06-26 08:26,2026-06-28 18:36,,,2026-08-17 23:45:56
2026-08-17,SEM/MO/00679 - Homogenizado,HOMOGENIZACIÓN,Terminada,Sin registro hoy,,,14000.0,14000.0,100.0,87.5,40.0,0,2026-06-28 18:40,2026-06-28 18:40,,,2026-08-17 23:45:56
2026-08-17,SEM/MO/00699 - Lavado y desinfección,LAVADO 2,Terminada,Sin registro hoy,,,600.0,1258.0,209.7,144.6,104.3,0,2026-06-29 07:39,2026-06-30 14:56,,,2026-08-17 23:45:56
2026-08-17,SEM/MO/00696 - Despulpado y refinado,PULPEADO,Terminada,Sin registro hoy,,,7000.0,7000.0,100.0,291.7,438.1,0,2026-06-29 09:52,2026-06-30 15:01,,,2026-08-17 23:45:56
2026-08-17,SEM/MO/00704 - Homogenizado,HOMOGENIZACIÓN,Terminada,Sin registro hoy,,,14000.0,4158.0,29.7,26.0,87.5,0,2026-06-29 16:53,2026-06-30 17:12,,,2026-08-17 23:45:56
2026-08-17,SEM/MO/00698 - Escaldado/descongelado,ESCALDADO,Terminada,Sin registro hoy,,,504.0,504.0,100.0,86.6,66.2,0,2026-06-29 20:02,2026-06-30 14:18,,,2026-08-17 23:45:56
2026-08-17,SEM/MO/00712 - Lavado y desinfección,LAVADO 2,Terminada,Sin registro hoy,,,600.0,517.0,86.2,59.4,117.6,0,2026-06-30 06:56,2026-06-30 15:23,,,2026-08-17 23:45:56
2026-08-17,SEM/MO/00706 - Picado,RALLADO,Terminada,Sin registro hoy,,,810.0,855.0,105.6,150.0,78.9,0,2026-06-30 08:26,2026-06-30 15:20,,,2026-08-17 23:45:56
2026-08-17,SEM/MO/00707 - Lavado y desinfección,LAVADO 2,Terminada,Sin registro hoy,,,13600.0,17702.0,130.2,487.8,146.5,0,2026-06-30 10:00,2026-06-30 22:23,,,2026-08-17 23:45:56
2026-08-17,SEM/MO/00705 - Lavado y desinfección,LAVADO 2,Terminada,Sin registro hoy,,,1400.0,1498.0,107.0,39.1,129.6,0,2026-06-30 14:20,2026-06-30 22:00,,,2026-08-17 23:45:56
2026-08-17,SEM/MO/00716 - Homogenizado,HOMOGENIZACIÓN,Terminada,Sin registro hoy,,,11000.0,11000.0,100.0,68.8,442.5,0,2026-07-01 06:41,2026-07-01 17:23,,,2026-08-17 23:45:56
2026-08-17,SEM/MO/00743 - Proceso Manual ,DESPITONADO,Terminada,Sin registro hoy,,,400.0,400.0,100.0,272.7,168.2,0,2026-07-01 10:56,2026-07-02 10:12,,,2026-08-17 23:45:56
2026-08-17,SEM/MO/00718 - Escaldado/descongelado,ESCALDADO,Terminada,Sin registro hoy,,,994.0,1330.0,133.8,234.3,245.0,0,2026-07-01 15:12,2026-07-02 10:04,,,2026-08-17 23:45:56
2026-08-17,SEM/MO/00714 - Escaldado/descongelado,ESCALDADO,Terminada,Sin registro hoy,,,1696.0,1696.0,100.0,298.8,124.4,0,2026-07-01 19:30,2026-07-02 10:03,,,2026-08-17 23:45:56
2026-08-17,SEM/MO/00723 - Tachos,TACHOS,Terminada,Sin registro hoy,,,1008.0,1328.0,131.7,0.0,335.7,0,2026-07-02 06:25,2026-07-03 09:49,,,2026-08-17 23:45:56
2026-08-17,SEM/MO/00721 - Lavado y desinfección,LAVADO 2,Terminada,Sin registro hoy,,,504.0,648.0,128.6,57.2,29.9,0,2026-07-02 08:30,2026-07-03 09:49,,,2026-08-17 23:45:56
2026-08-17,SEM/MO/00715 - Pasteurizado,PASTEURIZACIÓN,Terminada,Sin registro hoy,,,375.0,630.0,168.0,76.2,25.0,0,2026-07-02 10:13,2026-07-02 10:13,,,2026-08-17 23:45:56
2026-08-17,SEM/MO/00717 - Escaldado/descongelado,ESCALDADO,Terminada,Sin registro hoy,,,504.0,552.0,109.5,97.2,30.0,0,2026-07-02 11:17,2026-07-02 11:17,,,2026-08-17 23:45:56
2026-08-17,SEM/MO/00726 - Escaldado/descongelado,ESCALDADO,Terminada,Sin registro hoy,,,13000.0,13000.0,100.0,708.1,450.1,0,2026-07-02 12:32,2026-07-03 09:53,,,2026-08-17 23:45:56
2026-08-17,SEM/MO/00720 - Escaldado/descongelado,ESCALDADO,Terminada,Sin registro hoy,,,4000.0,4000.0,100.0,346.0,118.4,0,2026-07-02 20:09,2026-07-03 09:55,,,2026-08-17 23:45:56
2026-08-17,SEM/MO/00725 - Proceso Manual ,DESPITONADO,Terminada,Sin registro hoy,,,1520.0,1520.0,100.0,904.8,247.7,0,2026-07-03 06:20,2026-07-03 11:57,,,2026-08-17 23:45:56
2026-08-17,SEM/MO/00727 - Proceso Manual ,DESPITONADO,Terminada,Sin registro hoy,,,13000.0,13000.0,100.0,3072.0,780.4,0,2026-07-03 11:57,2026-07-05 19:00,,,2026-08-17 23:45:56
2026-08-17,SEM/MO/00724 - Picado,RALLADO,Terminada,Sin registro hoy,,,750.0,750.0,100.0,131.6,120.0,0,2026-07-03 18:25,2026-07-05 19:02,,,2026-08-17 23:45:56
2026-08-17,SEM/MO/00751 - Escaldado/descongelado,ESCALDADO,Terminada,Sin registro hoy,,,1000.0,1000.0,100.0,26.4,30.0,0,2026-07-05 18:59,2026-07-05 18:59,,,2026-08-17 23:45:56
2026-08-17,SEM/MO/00758 - Lavado y desinfección,LAVADO 2,Terminada,Sin registro hoy,,,200.0,88.0,44.0,4.4,9.9,0,2026-07-06 07:24,2026-07-07 10:40,,,2026-08-17 23:45:56
2026-08-17,SEM/MO/00757 - Lavado y desinfección,LAVADO 2,Terminada,Sin registro hoy,,,5000.0,4052.0,81.0,203.6,133.0,0,2026-07-06 08:07,2026-07-07 10:44,,,2026-08-17 23:45:56
2026-08-17,SEM/MO/00761 - Lavado y desinfección,LAVADO 2,Terminada,Sin registro hoy,,,3000.0,3000.0,100.0,273.8,250.2,0,2026-07-06 13:41,2026-07-07 11:10,,,2026-08-17 23:45:56
2026-08-17,SEM/MO/00765 - Escaldado/descongelado,ESCALDADO,Terminada,Sin registro hoy,,,12000.0,12000.0,100.0,1037.9,394.4,0,2026-07-07 06:53,2026-07-08 08:14,,,2026-08-17 23:45:56
2026-08-17,SEM/MO/00764 - Lavado y desinfección,LAVADO 2,Terminada,Sin registro hoy,,,600.0,600.0,100.0,69.0,351.2,0,2026-07-07 07:37,2026-07-08 08:14,,,2026-08-17 23:45:56
2026-08-17,SEM/MO/00763 - Escaldado/descongelado,ESCALDADO,Terminada,Sin registro hoy,,,13000.0,13000.0,100.0,894.6,324.0,0,2026-07-07 16:57,2026-07-08 08:14,,,2026-08-17 23:45:56
2026-08-17,SEM/MO/00770 - Lavado y desinfección,LAVADO 4,Terminada,Sin registro hoy,,,2100.0,2100.0,100.0,85.0,83.4,0,2026-07-08 08:26,2026-07-08 12:05,,,2026-08-17 23:45:56
2026-08-17,SEM/MO/00767 - Proceso Manual ,DESPITONADO,Terminada,Sin registro hoy,,,250.0,250.0,100.0,170.4,150.7,0,2026-07-08 08:59,2026-07-08 11:57,,,2026-08-17 23:45:56
2026-08-17,SEM/MO/00769 - Escaldado/descongelado,ESCALDADO,Terminada,Sin registro hoy,,,8700.0,11568.0,133.0,1000.5,423.2,0,2026-07-08 14:23,2026-07-10 08:52,,,2026-08-17 23:45:56
2026-08-17,SEM/MO/00766 - Pasteurizado,PASTEURIZACIÓN,Terminada,Sin registro hoy,,,375.0,375.0,100.0,45.4,44.0,0,2026-07-08 18:11,2026-07-10 08:46,,,2026-08-17 23:45:56
2026-08-17,SEM/MO/00774 - Lavado y desinfección,LAVADO 2,Terminada,Sin registro hoy,,,2000.0,2000.0,100.0,126.6,120.4,0,2026-07-08 19:09,2026-07-10 11:51,,,2026-08-17 23:45:56
2026-08-17,SEM/MO/00775 - Lavado y desinfección,LAVADO 2,Terminada,Sin registro hoy,,,1504.0,1744.0,116.0,220.8,154.6,0,2026-07-09 06:55,2026-07-13 08:42,,,2026-08-17 23:45:56
2026-08-17,SEM/MO/00772 - Homogenizado,HOMOGENIZACIÓN,Terminada,Sin registro hoy,,,8000.0,8000.0,100.0,50.0,332.5,0,2026-07-09 09:36,2026-07-13 08:39,,,2026-08-17 23:45:56
2026-08-17,SEM/MO/00777 - Proceso Manual ,DESPITONADO,Terminada,Sin registro hoy,,,13000.0,11736.0,90.3,2773.3,839.0,0,2026-07-10 06:15,2026-07-13 08:48,,,2026-08-17 23:45:56
2026-08-17,SEM/MO/00776 - Proceso Manual ,DESPITONADO,Terminada,Sin registro hoy,,,5000.0,5000.0,100.0,942.2,172.8,0,2026-07-10 07:07,2026-07-10 10:19,,,2026-08-17 23:45:56
2026-08-17,SEM/MO/00813 - Lavado y desinfección,LAVADO 2,Terminada,Sin registro hoy,,,1980.0,1980.0,100.0,208.0,60.0,0,2026-07-10 11:32,2026-07-10 11:32,,,2026-08-17 23:45:56
2026-08-17,SEM/MO/00822 - Escaldado/descongelado,ESCALDADO,Terminada,Sin registro hoy,,,12960.0,12960.0,100.0,705.9,262.5,0,2026-07-13 08:11,2026-07-13 17:05,,,2026-08-17 23:45:56
2026-08-17,SEM/MO/00778 - Proceso Manual ,DESPITONADO,Terminada,Sin registro hoy,,,3000.0,2945.0,98.2,695.9,780.0,0,2026-07-13 08:51,2026-07-13 09:09,,,2026-08-17 23:45:56
2026-08-17,SEM/MO/00823 - Escaldado/descongelado,ESCALDADO,Terminada,Sin registro hoy,,,3240.0,3240.0,100.0,280.2,44.6,0,2026-07-13 14:43,2026-07-13 15:28,,,2026-08-17 23:45:56
2026-08-17,SEM/MO/00819 - Escaldado/descongelado,ESCALDADO,Terminada,Sin registro hoy,,,2016.0,2016.0,100.0,355.2,143.3,0,2026-07-13 17:05,2026-07-13 19:28,,,2026-08-17 23:45:56
2026-08-17,SEM/MO/00820 - Homogenizado,HOMOGENIZACIÓN,Terminada,Sin registro hoy,,,9720.0,17346.0,178.5,108.4,385.8,0,2026-07-13 18:52,2026-07-15 09:26,,,2026-08-17 23:45:56
2026-08-17,SEM/MO/00824 - Lavado y desinfección,LAVADO 2,Terminada,Sin registro hoy,,,720.0,720.0,100.0,82.8,134.3,0,2026-07-14 06:48,2026-07-15 09:04,,,2026-08-17 23:45:56
2026-08-17,SEM/MO/00828 - Lavado y desinfección,LAVADO 2,Terminada,Sin registro hoy,,,5000.0,7728.0,154.6,705.3,320.2,0,2026-07-14 15:19,2026-07-15 09:14,,,2026-08-17 23:45:56
2026-08-17,SEM/MO/00825 - Lavado y desinfección,LAVADO 2,Terminada,Sin registro hoy,,,3000.0,3504.0,116.8,163.1,86.2,0,2026-07-15 06:12,2026-07-16 09:02,,,2026-08-17 23:45:56
2026-08-17,SEM/MO/00832 - Mezclado,MEZCLADO,Terminada,Sin registro hoy,,,1000.0,1048.0,104.8,132.4,55.0,0,2026-07-15 10:07,2026-07-16 09:26,,,2026-08-17 23:45:56
2026-08-17,SEM/MO/00852 - Proceso Manual ,DESPITONADO,Terminada,Sin registro hoy,,,300.0,484.0,161.3,330.0,199.9,0,2026-07-15 11:02,2026-07-16 09:30,,,2026-08-17 23:45:56
2026-08-17,SEM/MO/00831 - Escaldado/descongelado,ESCALDADO,Terminada,Sin registro hoy,,,9720.0,9720.0,100.0,668.9,292.9,0,2026-07-15 14:50,2026-07-15 19:43,,,2026-08-17 23:45:56
2026-08-17,SEM/MO/00853 - Escaldado/descongelado,ESCALDADO,Terminada,Sin registro hoy,,,13000.0,4983.0,38.3,271.4,119.1,0,2026-07-16 07:16,2026-07-17 09:18,,,2026-08-17 23:45:56
2026-08-17,SEM/MO/00826 - Lavado y desinfección,LAVADO 2,Terminada,Sin registro hoy,,,320.0,326.0,101.9,38.2,15.0,0,2026-07-16 09:02,2026-07-16 09:07,,,2026-08-17 23:45:56
2026-08-17,SEM/MO/00762 - Desinfección,DESINFECCIÓN,Terminada,Sin registro hoy,,,617.0,613.0,99.4,101.4,165.0,0,2026-07-16 10:16,2026-07-16 10:16,,,2026-08-17 23:45:56
2026-08-17,SEM/MO/00829 - Lavado y desinfección,LAVADO 2,Terminada,Sin registro hoy,,,2000.0,2000.0,100.0,126.6,36.7,0,2026-07-16 17:35,2026-07-17 09:56,,,2026-08-17 23:45:56
2026-08-17,SEM/MO/00839 - Proceso Manual ,DESPITONADO,Terminada,Sin registro hoy,,,3240.0,3240.0,100.0,765.6,26.9,0,2026-07-17 06:15,2026-07-20 10:17,,,2026-08-17 23:45:56
2026-08-17,SEM/MO/00838 - Proceso Manual ,DESPITONADO,Terminada,Sin registro hoy,,,12960.0,12920.0,99.7,3053.1,515.0,0,2026-07-17 06:15,2026-07-20 10:16,,,2026-08-17 23:45:56
2026-08-17,SEM/MO/00837 - Lavado y desinfección,LAVADO 2,Terminada,Sin registro hoy,,,200.0,200.0,100.0,9.9,18.4,0,2026-07-17 08:36,2026-07-17 16:09,,,2026-08-17 23:45:56
2026-08-17,SEM/MO/00835 - Escaldado/descongelado,ESCALDADO,Terminada,Sin registro hoy,,,4000.0,12268.0,306.7,1061.1,310.0,0,2026-07-17 12:02,2026-07-17 12:02,,,2026-08-17 23:45:56
2026-08-17,SEM/MO/00884 - Lavado y desinfección,LAVADO 2,Terminada,Sin registro hoy,,,5000.0,3285.0,65.7,0.0,46.5,0,2026-07-17 16:16,2026-07-20 10:30,,,2026-08-17 23:45:56
2026-08-17,SEM/MO/00890 - Lavado y desinfección,LAVADO 2,Terminada,Sin registro hoy,,,1200.0,1348.0,112.3,47.2,74.2,0,2026-07-20 07:01,2026-07-21 08:43,,,2026-08-17 23:45:56
2026-08-17,SEM/MO/00887 - Lavado y desinfección,LAVADO 2,Terminada,Sin registro hoy,,,1440.0,1440.0,100.0,165.5,743.3,0,2026-07-20 08:15,2026-07-23 09:03,,,2026-08-17 23:45:56
2026-08-17,SEM/MO/00886 - Lavado y desinfección,LAVADO 2,Terminada,Sin registro hoy,,,3000.0,4679.0,156.0,217.8,77.7,0,2026-07-20 08:15,2026-07-21 08:53,,,2026-08-17 23:45:56
2026-08-17,SEM/MO/00870 - Pasteurizado,PASTEURIZACIÓN,Terminada,Sin registro hoy,,,465.0,465.0,100.0,56.3,45.0,0,2026-07-20 10:35,2026-07-20 10:35,,,2026-08-17 23:45:56
2026-08-17,SEM/MO/00904 - Lavado de envases,TACHOS,Terminada,Sin registro hoy,,,1020.0,1065.0,104.4,0.0,139.6,0,2026-07-21 06:12,2026-07-22 09:32,,,2026-08-17 23:45:56
2026-08-17,SEM/MO/00903 - Picado,RALLADO,Terminada,Sin registro hoy,,,900.0,930.0,103.3,163.2,64.2,0,2026-07-21 08:32,2026-07-22 09:43,,,2026-08-17 23:45:56
2026-08-17,SEM/MO/00907 - Homogenizado,HOMOGENIZACIÓN,Terminada,Sin registro hoy,,,9720.0,9720.0,100.0,60.8,209.9,0,2026-07-21 10:42,2026-07-23 10:17,,,2026-08-17 23:45:56
2026-08-17,SEM/MO/00906 - Escaldado/descongelado,ESCALDADO,Terminada,Sin registro hoy,,,2000.0,2000.0,100.0,352.4,87.2,0,2026-07-21 15:37,2026-07-22 10:15,,,2026-08-17 23:45:56
2026-08-17,SEM/MO/00905 - Escaldado/descongelado,ESCALDADO,Terminada,Sin registro hoy,,,2016.0,2106.0,104.5,371.0,168.3,0,2026-07-21 17:04,2026-07-22 10:21,,,2026-08-17 23:45:56
2026-08-17,SEM/MO/00910 - Escaldado/descongelado,ESCALDADO,Terminada,Sin registro hoy,,,13500.0,6976.0,51.7,380.0,204.9,0,2026-07-22 06:55,2026-07-23 11:07,,,2026-08-17 23:45:56
2026-08-17,SEM/MO/00888 - Despulpado y refinado,PULPEADO,Terminada,Sin registro hoy,,,7000.0,7000.0,100.0,291.7,249.1,0,2026-07-22 08:12,2026-07-23 10:02,,,2026-08-17 23:45:56
2026-08-17,SEM/MO/00911 - Proceso Manual ,DESPITONADO,Terminada,Sin registro hoy,,,14000.0,14000.0,100.0,1661.4,600.9,0,2026-07-22 09:09,2026-07-23 10:25,,,2026-08-17 23:45:56
2026-08-17,SEM/MO/00912 - Lavado y desinfección,LAVADO 2,Terminada,Sin registro hoy,,,2800.0,2800.0,100.0,177.2,81.1,0,2026-07-23 06:37,2026-07-26 15:53,,,2026-08-17 23:45:56
2026-08-17,SEM/MO/00909 - Escaldado/descongelado,ESCALDADO,Terminada,Sin registro hoy,,,3000.0,6675.0,222.5,577.3,190.0,0,2026-07-23 11:09,2026-07-23 11:09,,,2026-08-17 23:45:56
2026-08-17,SEM/MO/00925 - Lavado y desinfección,LAVADO 2,Terminada,Sin registro hoy,,,4500.0,4456.0,99.0,176.8,35.0,0,2026-07-23 11:22,2026-07-27 10:31,,,2026-08-17 23:45:56
2026-08-17,SEM/MO/00922 - Proceso Manual ,DESPITONADO,Terminada,Sin registro hoy,,,400.0,400.0,100.0,272.7,139.5,0,2026-07-23 12:47,2026-07-26 15:45,,,2026-08-17 23:45:56
2026-08-17,SEM/MO/00924 - Lavado y desinfección,LAVADO 2,Terminada,Sin registro hoy,,,6000.0,9133.0,152.2,399.7,245.5,0,2026-07-23 18:10,2026-07-27 09:30,,,2026-08-17 23:45:56
2026-08-17,SEM/MO/00930 - Proceso Manual ,DESPITONADO,Terminada,Sin registro hoy,,,1400.0,1393.0,99.5,366.6,362.6,0,2026-07-24 07:10,2026-07-27 13:08,,,2026-08-17 23:45:56
2026-08-17,SEM/MO/00949 - Lavado y desinfección,LAVADO 2,Terminada,Sin registro hoy,,,1440.0,1440.0,100.0,165.5,390.5,0,2026-07-27 07:17,2026-07-28 13:59,,,2026-08-17 23:45:56
2026-08-17,SEM/MO/00926 - Proceso Manual ,DESPITONADO,Terminada,Sin registro hoy,,,6480.0,9559.0,147.5,2258.9,245.0,0,2026-07-27 10:40,2026-07-27 13:09,,,2026-08-17 23:45:56
2026-08-17,SEM/MO/00923 - Lavado y desinfección,LAVADO 2,Terminada,Sin registro hoy,,,4700.0,4471.0,95.1,123.2,40.0,0,2026-07-27 10:45,2026-07-30 18:01,,,2026-08-17 23:45:56
2026-08-17,SEM/MO/00927 - Proceso Manual ,DESPITONADO,Terminada,Sin registro hoy,,,3240.0,3241.0,100.0,765.9,100.1,0,2026-07-27 13:07,2026-07-27 13:07,,,2026-08-17 23:45:56
2026-08-17,SEM/MO/00833 - Desinfección,DESINFECCIÓN,Terminada,Sin registro hoy,,,700.0,974.0,139.1,161.1,75.0,0,2026-07-27 16:02,2026-07-27 16:02,,,2026-08-17 23:45:56
2026-08-17,SEM/MO/00986 - Lavado y desinfección,LAVADO 4,Terminada,Sin registro hoy,,,2900.0,2900.0,100.0,0.0,85.7,0,2026-07-28 07:19,2026-07-29 09:48,,,2026-08-17 23:45:56
2026-08-17,SEM/MO/00952 - Lavado y desinfección,LAVADO 2,Terminada,Sin registro hoy,,,600.0,640.0,106.7,48.5,139.6,0,2026-07-28 07:48,2026-07-29 09:33,,,2026-08-17 23:45:56
2026-08-17,SEM/MO/00987 - Lavado y desinfección,LAVADO 2,Terminada,Sin registro hoy,,,1050.0,1050.0,100.0,0.0,46.5,0,2026-07-28 10:07,2026-07-29 09:40,,,2026-08-17 23:45:56
2026-08-17,SEM/MO/00969 - Liberación ,LIMPIEZA,Terminada,Sin registro hoy,,,7000.0,7000.0,100.0,315.0,130.0,0,2026-07-28 12:20,2026-07-28 12:20,,,2026-08-17 23:45:56
2026-08-17,SEM/MO/00989 - Escaldado/descongelado,ESCALDADO,Terminada,Sin registro hoy,,,9720.0,9720.0,100.0,0.0,147.2,0,2026-07-28 14:53,2026-07-28 17:21,,,2026-08-17 23:45:56
2026-08-17,SEM/MO/00988 - Escaldado/descongelado,ESCALDADO,Terminada,Sin registro hoy,,,2000.0,2000.0,100.0,0.0,134.4,0,2026-07-28 20:03,2026-07-28 22:17,,,2026-08-17 23:45:56
2026-08-17,SEM/MO/01000 - Lavado y desinfección,LAVADO 4,Terminada,Sin registro hoy,,,800.0,800.0,100.0,0.0,38.0,0,2026-07-29 07:08,2026-07-29 12:05,,,2026-08-17 23:45:56
2026-08-17,SEM/MO/01001 - Lavado y desinfección,LAVADO 2,Terminada,Sin registro hoy,,,800.0,800.0,100.0,0.0,82.3,0,2026-07-29 07:08,2026-07-29 12:03,,,2026-08-17 23:45:56
2026-08-17,SEM/MO/01004 - Escaldado/descongelado,ESCALDADO,Terminada,Sin registro hoy,,,6700.0,6542.0,97.6,0.0,207.2,0,2026-07-29 08:04,2026-07-30 09:40,,,2026-08-17 23:45:56
2026-08-17,SEM/MO/01003 - Escaldado/descongelado,ESCALDADO,Terminada,Sin registro hoy,,,4000.0,3842.0,96.0,0.0,150.4,0,2026-07-29 11:31,2026-07-30 09:36,,,2026-08-17 23:45:56
2026-08-17,SEM/MO/01008 - Proceso Manual ,DESPITONADO,Terminada,Sin registro hoy,,,1300.0,1300.0,100.0,0.0,114.0,0,2026-07-29 14:53,2026-07-31 14:19,,,2026-08-17 23:45:56
2026-08-17,SEM/MO/01007 - Proceso Manual ,DESPITONADO,Terminada,Sin registro hoy,,,1800.0,1800.0,100.0,0.0,125.4,0,2026-07-29 15:17,2026-07-31 14:13,,,2026-08-17 23:45:56
2026-08-17,SEM/MO/01002 - Proceso Manual ,DESPITONADO,Terminada,Sin registro hoy,,,500.0,500.0,100.0,0.0,75.1,0,2026-07-29 16:47,2026-07-30 14:08,,,2026-08-17 23:45:56
2026-08-17,SEM/MO/01020 - Lavado y desinfección,LAVADO 2,Terminada,Sin registro hoy,,,1400.0,1400.0,100.0,88.6,68.5,0,2026-07-30 06:33,2026-07-30 23:40,,,2026-08-17 23:45:56
2026-08-17,SEM/MO/01021 - Escaldado/descongelado,ESCALDADO,Terminada,Sin registro hoy,,,504.0,512.0,101.6,88.0,48.7,0,2026-07-30 15:16,2026-07-30 23:35,,,2026-08-17 23:45:56
2026-08-17,SEM/MO/01022 - Homogenizado,HOMOGENIZACIÓN,Terminada,Sin registro hoy,,,4000.0,4000.0,100.0,39.7,131.8,0,2026-07-30 19:02,2026-07-30 23:39,,,2026-08-17 23:45:56
2026-08-17,SEM/MO/01032 - Lavado y desinfección,LAVADO 2,Terminada,Sin registro hoy,,,1286.0,1286.0,100.0,97.4,93.7,0,2026-07-31 07:02,2026-07-31 15:53,,,2026-08-17 23:45:56
2026-08-17,SEM/MO/01030 - Proceso Manual ,DESPITONADO,Terminada,Sin registro hoy,,,1400.0,1400.0,100.0,368.4,335.4,0,2026-07-31 07:56,2026-07-31 19:01,,,2026-08-17 23:45:56
2026-08-17,SEM/MO/01029 - Proceso Manual ,DESPITONADO,Terminada,Sin registro hoy,,,13000.0,13000.0,100.0,3072.0,381.7,0,2026-07-31 10:49,2026-08-03 08:55,,,2026-08-17 23:45:56
2026-08-17,SEM/MO/01009 - Proceso Manual ,DESPITONADO,Terminada,Sin registro hoy,,,1800.0,1800.0,100.0,0.0,70.0,0,2026-07-31 14:17,2026-07-31 14:17,,,2026-08-17 23:45:56
2026-08-17,SEM/MO/00955 - Lavado y desinfección,LAVADO 2,Terminada,Sin registro hoy,,,1430.0,1430.0,100.0,71.9,30.0,0,2026-07-31 15:26,2026-07-31 15:26,,,2026-08-17 23:45:56
2026-08-17,SEM/MO/01031 - Lavado y desinfección,LAVADO 2,Terminada,Sin registro hoy,,,460.0,460.0,100.0,48.9,24.9,0,2026-07-31 16:38,2026-07-31 18:32,,,2026-08-17 23:45:56
2026-08-17,SEM/MO/01063 - Lavado y desinfección,LAVADO 2,Terminada,Sin registro hoy,,,1600.0,1600.0,100.0,253.9,143.8,0,2026-07-31 21:18,2026-07-31 21:18,,,2026-08-17 23:45:56
2026-08-17,SEM/MO/01069 - Lavado y desinfección,LAVADO 2,Terminada,Sin registro hoy,,,1300.0,1300.0,100.0,0.0,112.7,0,2026-08-03 07:24,2026-08-03 12:44,,,2026-08-17 23:45:56
2026-08-17,SEM/MO/01070 - Despulpado y refinado,PULPEADO,Terminada,Sin registro hoy,,,7000.0,8820.0,126.0,0.0,266.4,0,2026-08-03 08:05,2026-08-04 08:36,,,2026-08-17 23:45:56
2026-08-17,SEM/MO/01068 - Mezclado,MEZCLADO,Terminada,Sin registro hoy,,,2000.0,2008.0,100.4,253.6,193.0,0,2026-08-03 10:45,2026-08-03 10:45,,,2026-08-17 23:45:56
2026-08-17,SEM/MO/01071 - Escaldado/descongelado,ESCALDADO,Terminada,Sin registro hoy,,,3800.0,3800.0,100.0,0.0,244.7,0,2026-08-03 13:40,2026-08-04 08:48,,,2026-08-17 23:45:56
2026-08-17,SEM/MO/01085 - Escaldado/descongelado,ESCALDADO,Terminada,Sin registro hoy,,,13000.0,12359.0,95.1,544.4,327.2,0,2026-08-04 06:28,2026-08-05 09:41,,,2026-08-17 23:45:56
2026-08-17,SEM/MO/01084 - Picado,RALLADO,Terminada,Sin registro hoy,,,2010.0,2010.0,100.0,352.6,307.4,0,2026-08-04 07:57,2026-08-05 10:01,,,2026-08-17 23:45:56
2026-08-17,SEM/MO/01072 - Desinfección,DESINFECCIÓN,Terminada,Sin registro hoy,,,1000.0,1353.0,135.3,0.0,260.0,0,2026-08-04 08:43,2026-08-05 11:39,,,2026-08-17 23:45:56
2026-08-17,SEM/MO/01083 - Homogenizado,HOMOGENIZACIÓN,Terminada,Sin registro hoy,,,2250.0,2250.0,100.0,14.1,129.3,0,2026-08-04 15:19,2026-08-05 17:31,,,2026-08-17 23:45:56
2026-08-17,SEM/MO/01088 - Escaldado/descongelado,ESCALDADO,Terminada,Sin registro hoy,,,13000.0,13000.0,100.0,0.0,394.3,0,2026-08-05 07:07,2026-08-05 17:44,,,2026-08-17 23:45:56
2026-08-17,SEM/MO/01089 - Lavado y desinfección,LAVADO 2,Terminada,Sin registro hoy,,,1800.0,1800.0,100.0,0.0,223.3,0,2026-08-05 07:22,2026-08-05 17:30,,,2026-08-17 23:45:56
2026-08-17,SEM/MO/01090 - Proceso Manual ,DESPITONADO,Terminada,Sin registro hoy,,,150.0,150.0,100.0,0.0,84.6,0,2026-08-05 13:14,2026-08-05 16:34,,,2026-08-17 23:45:56
2026-08-17,SEM/MO/01092 - Homogenizado,HOMOGENIZACIÓN,Terminada,Sin registro hoy,,,7000.0,7644.0,109.2,0.0,194.5,0,2026-08-05 15:47,2026-08-06 10:19,,,2026-08-17 23:45:56
2026-08-17,SEM/MO/01091 - Pasteurizado,PASTEURIZACIÓN,Terminada,Sin registro hoy,,,150.0,150.0,100.0,0.0,19.9,0,2026-08-05 18:47,2026-08-06 10:21,,,2026-08-17 23:45:56
2026-08-17,SEM/MO/01093 - Proceso Manual ,DESPITONADO,Terminada,Sin registro hoy,,,1400.0,1400.0,100.0,0.0,434.7,0,2026-08-06 06:53,2026-08-07 09:18,,,2026-08-17 23:45:56
2026-08-17,SEM/MO/01106 - Lavado y desinfección,LAVADO 2,Terminada,Sin registro hoy,,,6500.0,6500.0,100.0,179.1,111.1,0,2026-08-06 07:48,2026-08-06 19:15,,,2026-08-17 23:45:56
2026-08-17,SEM/MO/01108 - Lavado y desinfección,LAVADO 2,Terminada,Sin registro hoy,,,8100.0,8100.0,100.0,354.5,110.6,0,2026-08-06 09:39,2026-08-06 19:18,,,2026-08-17 23:45:56
2026-08-17,SEM/MO/01121 - Escaldado/descongelado,ESCALDADO,Terminada,Sin registro hoy,,,3600.0,3600.0,100.0,634.2,340.1,0,2026-08-06 14:33,2026-08-07 09:23,,,2026-08-17 23:45:56
2026-08-17,SEM/MO/01123 - Proceso Manual ,DESPITONADO,Terminada,Sin registro hoy,,,1200.0,1200.0,100.0,714.3,245.8,0,2026-08-07 06:22,2026-08-10 13:03,,,2026-08-17 23:45:56
2026-08-17,SEM/MO/01127 - Lavado y desinfección,LAVADO 2,Terminada,Sin registro hoy,,,1300.0,1300.0,100.0,34.0,198.4,0,2026-08-07 08:14,2026-08-10 09:24,,,2026-08-17 23:45:56
2026-08-17,SEM/MO/01122 - Proceso Manual ,DESPITONADO,Terminada,Sin registro hoy,,,6500.0,4522.0,69.6,1068.6,367.1,0,2026-08-07 13:18,2026-08-10 13:03,,,2026-08-17 23:45:56
2026-08-17,SEM/MO/01149 - Lavado y desinfección,LAVADO 2,Terminada,Sin registro hoy,,,320.0,368.0,115.0,43.1,34.0,0,2026-08-11 15:23,2026-08-17 13:19,,,2026-08-17 23:45:56
2026-08-17,SEM/MO/01136 - Homogenizado,HOMOGENIZACIÓN,Terminada,Sin registro hoy,,,14000.0,13038.0,93.1,129.4,160.3,0,2026-08-11 20:25,2026-08-11 20:25,,,2026-08-17 23:45:56
2026-08-17,SEM/MO/01150 - Escaldado/descongelado,ESCALDADO,Terminada,Sin registro hoy,,,13000.0,13000.0,100.0,894.6,475.4,0,2026-08-12 07:22,2026-08-13 08:48,,,2026-08-17 23:45:56
2026-08-17,SEM/MO/01173 - Lavado y desinfección,LAVADO 2,Terminada,Sin registro hoy,,,1400.0,1147.0,81.9,72.6,210.6,0,2026-08-12 13:02,2026-08-13 15:50,,,2026-08-17 23:45:56
2026-08-17,SEM/MO/01151 - Lavado y desinfección,LAVADO 2,Terminada,Sin registro hoy,,,2512.0,2512.0,100.0,318.0,309.6,0,2026-08-12 21:37,2026-08-13 09:03,,,2026-08-17 23:45:56
2026-08-17,SEM/MO/01175 - Proceso Manual ,DESPITONADO,Terminada,Sin registro hoy,,,1400.0,1401.0,100.1,368.7,943.5,0,2026-08-13 06:08,2026-08-14 06:28,,,2026-08-17 23:45:56
2026-08-17,SEM/MO/01183 - Lavado y desinfección,LAVADO 2,Terminada,Sin registro hoy,,,192.0,192.0,100.0,30.5,34.4,0,2026-08-13 09:06,2026-08-13 09:06,,,2026-08-17 23:45:56
2026-08-17,SEM/MO/01177 - Lavado y desinfección,LAVADO 2,Terminada,Sin registro hoy,,,3168.0,3168.0,100.0,502.7,224.9,0,2026-08-13 10:05,2026-08-13 10:05,,,2026-08-17 23:45:56
2026-08-17,SEM/MO/01171 - Lavado y desinfección,LAVADO 2,Terminada,Sin registro hoy,,,17820.0,17820.0,100.0,779.8,201.9,0,2026-08-13 10:36,2026-08-14 06:29,,,2026-08-17 23:45:56
2026-08-17,SEM/MO/01168 - Homogenizado,HOMOGENIZACIÓN,Terminada,Sin registro hoy,,,5000.0,5000.0,100.0,49.6,52.0,0,2026-08-13 15:22,2026-08-13 15:22,,,2026-08-17 23:45:56
2026-08-17,SEM/MO/01169 - Homogenizado,HOMOGENIZACIÓN,Terminada,Sin registro hoy,,,2800.0,2800.0,100.0,17.5,35.0,0,2026-08-13 16:32,2026-08-13 16:32,,,2026-08-17 23:45:56
2026-08-17,SEM/MO/01174 - Proceso Manual ,DESPITONADO,Terminada,Sin registro hoy,,,12960.0,10526.0,81.2,2487.4,644.4,0,2026-08-14 06:17,2026-08-17 10:09,,,2026-08-17 23:45:56
2026-08-17,SEM/MO/01176 - Homogenizado,HOMOGENIZACIÓN,Terminada,Sin registro hoy,,,4100.0,7338.0,179.0,72.8,267.8,0,2026-08-14 06:32,2026-08-17 09:04,,,2026-08-17 23:45:56
2026-08-17,SEM/MO/01144 - Lavado y desinfección,LAVADO 2,Terminada,Sin registro hoy,,,10.0,10.0,100.0,2.3,5.0,0,2026-08-15 14:14,2026-08-17 14:18,,,2026-08-17 23:45:56
2026-08-17,SEM/MO/01196 - Lavado y desinfección,LAVADO 2,En progreso,TOGAN MASABANDA ALEX WLADIMIR,OPERADOR DE PRODUCCION,PRODUCCION,1440.0,0.0,0.0,165.5,160.7,55.1,2026-08-17 08:16,2026-08-17 11:01,2026-08-17 08:16,2026-08-17 09:40,2026-08-17 23:45:56
2026-08-17,SEM/MO/01196 - Lavado y desinfección,LAVADO 2,En progreso,UMAQUINGA ANCHAPAXI HIPATIA MARICELA,OPERADOR DE PRODUCCION,PRODUCCION,1440.0,0.0,0.0,165.5,160.7,29.3,2026-08-17 08:16,2026-08-17 11:01,2026-08-17 08:32,2026-08-17 09:02,2026-08-17 23:45:56
2026-08-17,SEM/MO/01196 - Lavado y desinfección,LAVADO 2,En progreso,CHAVEZ QUISTIAL BRYAN MAURICIO,OPERADOR DE PRODUCCION,PRODUCCION,1440.0,0.0,0.0,165.5,160.7,160.1,2026-08-17 08:16,2026-08-17 11:01,2026-08-17 08:16,2026-08-17 10:56,2026-08-17 23:45:56
2026-08-17,SEM/MO/01200 - Proceso Manual ,DESPITONADO,Terminada,Sin registro hoy,,,800.0,800.0,100.0,476.2,450.0,0,2026-08-17 10:10,2026-08-17 10:10,,,2026-08-17 23:45:56
2026-08-17,SEM/MO/01198 - Homogenizado,HOMOGENIZACIÓN,En progreso,TOGAN MASABANDA ALEX WLADIMIR,OPERADOR DE PRODUCCION,PRODUCCION,2000.0,0.0,0.0,19.9,185.3,185.3,2026-08-17 10:57,2026-08-17 11:17,2026-08-17 10:57,2026-08-17 14:02,2026-08-17 23:45:56
2026-08-17,SEM/MO/01172 - Proceso Manual ,DESPITONADO,Terminada,Sin registro hoy,,,7000.0,4133.0,59.0,490.5,80.0,0,2026-08-17 13:07,2026-08-17 13:07,,,2026-08-17 23:45:56
2026-08-17,SEM/MO/01170 - Desinfección,DESINFECCIÓN,Terminada,Sin registro hoy,,,600.0,631.0,105.2,104.4,70.0,0,2026-08-17 16:07,2026-08-17 16:07,,,2026-08-17 23:45:56
2026-08-17,SEM/MO/01197 - Despulpado y refinado,PULPEADO,En progreso,ESCORZA TROYA FRANKLIN BOLIVAR,OPERADOR DE PRODUCCION,PRODUCCION,5000.0,0.0,0.0,208.3,29.5,0.0,2026-08-17 16:29,2026-08-18 10:57,2026-08-17 16:30,En curso,2026-08-17 23:45:56
2026-08-17,SEM/MO/01197 - Despulpado y refinado,PULPEADO,En progreso,PUMALPA PAUCAR JORGE LUIS,OPERADOR DE PRODUCCION,PRODUCCION,5000.0,0.0,0.0,208.3,29.5,0.3,2026-08-17 16:29,2026-08-18 10:57,2026-08-17 16:29,2026-08-17 16:30,2026-08-17 23:45:56
2026-08-17,SEM/MO/01197 - Despulpado y refinado,PULPEADO,En progreso,ASIPUELA HARO JOEL ASDRUBAL,OPERADOR DE PRODUCCION,PRODUCCION,5000.0,0.0,0.0,208.3,29.5,29.5,2026-08-17 16:29,2026-08-18 10:57,2026-08-17 16:29,2026-08-17 16:58,2026-08-17 23:45:56
2026-08-17,SEM/MO/01146 - Lavado y desinfección,LAVADO 2,En progreso,Sin registro hoy,,,9000.0,0.0,0.0,364.2,263.2,0,,,,,2026-08-17 23:45:56
2026-08-17,SEM/MO/00001 - Despulpado y refinado,PULPEADO,Terminada,Sin registro hoy,,,1500.0,1104.0,73.6,184.0,190.0,0,2026-04-07 09:46,2026-04-07 09:46,,,2026-08-17 23:45:56
2026-08-17,SEM/MO/00003 - Despulpado y refinado,PULPEADO,Terminada,Sin registro hoy,,,11350.0,11571.0,101.9,765.6,185.0,0,2026-04-07 12:13,2026-04-07 12:13,,,2026-08-17 23:45:56
2026-08-17,SEM/MO/00002 - Despulpado y refinado,PULPEADO,Terminada,Sin registro hoy,,,9750.0,10806.0,110.8,450.2,335.1,0,2026-04-07 12:29,2026-04-07 12:29,,,2026-08-17 23:45:56
2026-08-17,SEM/MO/00009 - Enfundado 1,ENFUNDADO 1,Terminada,Sin registro hoy,,,2600.0,2452.0,94.3,613.0,350.3,0,2026-04-07 12:55,2026-04-07 12:55,,,2026-08-17 23:45:56
2026-08-17,SEM/MO/00016 - Enfundado 1,ENFUNDADO 1,Terminada,Sin registro hoy,,,120.0,120.0,100.0,30.0,30.0,0,2026-04-07 13:08,2026-04-07 13:08,,,2026-08-17 23:45:56
2026-08-17,SEM/MO/00014 - Lavado y desinfección,LAVADO 2,Terminada,Sin registro hoy,,,28500.0,25703.0,90.2,683.0,465.0,0,2026-04-07 18:29,2026-04-07 18:29,,,2026-08-17 23:45:56
2026-08-17,SEM/MO/00004 - Despulpado manual,DESPULPADO MANUAL,Terminada,Sin registro hoy,,,600.0,812.0,135.3,1432.9,509.4,0,2026-04-07 18:42,2026-04-07 18:42,,,2026-08-17 23:45:56
2026-08-17,SEM/MO/00020 - Despulpado y refinado,PULPEADO,Terminada,Sin registro hoy,,,1211.0,1211.0,100.0,50.5,50.5,0,2026-04-07 18:51,2026-04-07 18:51,,,2026-08-17 23:45:56
2026-08-17,SEM/MO/00005 - Despulpado y refinado,PULPEADO,Terminada,Sin registro hoy,,,11000.0,13836.0,125.8,576.5,540.0,0,2026-04-07 18:58,2026-04-07 18:58,,,2026-08-17 23:45:56
2026-08-17,SEM/MO/00022 - Lavado y desinfección,LAVADO 2,Terminada,Sin registro hoy,,,1004.0,1004.0,100.0,26.7,26.7,0,2026-04-07 19:15,2026-04-07 19:15,,,2026-08-17 23:45:56
2026-08-17,SEM/MO/00025 - Despulpado y refinado,PULPEADO,Terminada,Sin registro hoy,,,2711.0,2711.0,100.0,113.0,113.0,0,2026-04-07 19:22,2026-04-07 19:22,,,2026-08-17 23:45:56
2026-08-17,SEM/MO/00031 - Despulpado y refinado,PULPEADO,Terminada,Sin registro hoy,,,1040.0,1040.0,100.0,173.3,65.0,0,2026-04-08 18:02,2026-04-08 18:02,,,2026-08-17 23:45:56
2026-08-17,SEM/MO/00023 - Despulpado y refinado,PULPEADO,Terminada,Sin registro hoy,,,5100.0,5012.0,98.3,331.6,380.0,0,2026-04-08 18:06,2026-04-08 18:06,,,2026-08-17 23:45:56
2026-08-17,SEM/MO/00050 - Despulpado manual,DESPULPADO MANUAL,Terminada,Sin registro hoy,,,812.0,812.0,100.0,1432.9,505.7,0,2026-04-10 08:37,2026-04-10 08:37,,,2026-08-17 23:45:56
2026-08-17,SEM/MO/00034 - Despulpado y refinado,PULPEADO,Terminada,Sin registro hoy,,,504.0,376.0,74.6,25.1,45.0,0,2026-04-10 10:25,2026-04-10 10:25,,,2026-08-17 23:45:56
2026-08-17,SEM/MO/00035 - Despulpado y refinado,PULPEADO,Terminada,Sin registro hoy,,,10000.0,9980.0,99.8,660.3,455.0,0,2026-04-10 11:02,2026-04-10 11:02,,,2026-08-17 23:45:56
2026-08-17,SEM/MO/00033 - Despulpado y refinado,PULPEADO,Terminada,Sin registro hoy,,,1000.0,843.0,84.3,16.0,16.0,0,2026-04-10 12:42,2026-04-10 12:42,,,2026-08-17 23:45:56
2026-08-17,SEM/MO/00037 - Despulpado y refinado,PULPEADO,Terminada,Sin registro hoy,,,1000.0,1264.0,126.4,23.9,20.0,0,2026-04-14 11:00,2026-04-14 11:00,,,2026-08-17 23:45:56
2026-08-17,SEM/MO/00053 - Despulpado y refinado,PULPEADO,Terminada,Sin registro hoy,,,3000.0,1690.0,56.3,111.8,360.0,0,2026-04-14 12:22,2026-04-14 12:22,,,2026-08-17 23:45:56
2026-08-17,SEM/MO/00036 - Despulpado y refinado,PULPEADO,Terminada,Sin registro hoy,,,8000.0,3381.0,42.3,223.7,150.0,0,2026-04-14 12:23,2026-04-14 12:23,,,2026-08-17 23:45:56
2026-08-17,SEM/MO/00038 - Despulpado y refinado,PULPEADO,Terminada,Sin registro hoy,,,10000.0,12311.0,123.1,814.6,180.0,0,2026-04-14 12:26,2026-04-14 12:26,,,2026-08-17 23:45:56
2026-08-17,SEM/MO/00039 - Despulpado y refinado,PULPEADO,Terminada,Sin registro hoy,,,4000.0,3929.0,98.2,260.0,110.0,0,2026-04-14 12:54,2026-04-14 12:54,,,2026-08-17 23:45:56
2026-08-17,SEM/MO/00051 - Despulpado y refinado,PULPEADO,Terminada,Sin registro hoy,,,1000.0,1238.0,123.8,23.5,55.0,0,2026-04-14 13:05,2026-04-14 13:05,,,2026-08-17 23:45:56
2026-08-17,SEM/MO/00052 - Lavado y desinfección,LAVADO 2,Terminada,Sin registro hoy,,,16200.0,14577.0,90.0,387.4,360.0,0,2026-04-14 13:11,2026-04-14 13:11,,,2026-08-17 23:45:56
2026-08-17,SEM/MO/00105 - Despulpado y refinado,PULPEADO,Terminada,Sin registro hoy,,,11000.0,11264.0,102.4,469.3,365.0,0,2026-04-16 10:08,2026-04-16 10:08,,,2026-08-17 23:45:56
2026-08-17,SEM/MO/00061 - Pasteurizado,PASTEURIZACIÓN,Terminada,Sin registro hoy,,,7600.0,7474.0,98.3,359.7,225.0,0,2026-04-16 10:43,2026-04-16 10:43,,,2026-08-17 23:45:56
2026-08-17,SEM/MO/00060 - Despulpado manual,DESPULPADO MANUAL,Terminada,Sin registro hoy,,,600.0,1733.0,288.8,3058.2,749.9,0,2026-04-16 11:29,2026-04-16 11:29,,,2026-08-17 23:45:56
2026-08-17,SEM/MO/00055 - Despulpado manual,DESPULPADO MANUAL,Terminada,Sin registro hoy,,,1200.0,1437.0,119.8,2535.9,854.7,0,2026-04-16 11:31,2026-04-16 11:31,,,2026-08-17 23:45:56
2026-08-17,SEM/MO/00059 - Despulpado y refinado,PULPEADO,Terminada,Sin registro hoy,,,6500.0,6672.0,102.6,441.5,414.5,0,2026-04-16 11:44,2026-04-16 11:44,,,2026-08-17 23:45:56
2026-08-17,SEM/MO/00082 - Despulpado y refinado,PULPEADO,Terminada,Sin registro hoy,,,16200.0,16178.0,99.9,674.1,380.0,0,2026-04-20 09:05,2026-04-20 09:05,,,2026-08-17 23:45:56
2026-08-17,SEM/MO/00120 - Despulpado y refinado,PULPEADO,Terminada,Sin registro hoy,,,3800.0,4220.0,111.1,279.2,155.0,0,2026-04-20 09:29,2026-04-20 09:29,,,2026-08-17 23:45:56
2026-08-17,SEM/MO/00078 - Enfundado 1,ENFUNDADO 1,Terminada,Sin registro hoy,,,900.0,860.0,95.6,215.0,313.0,0,2026-04-20 09:45,2026-04-20 09:45,,,2026-08-17 23:45:56
2026-08-17,SEM/MO/00109 - Enfundado 1,ENFUNDADO 1,Terminada,Sin registro hoy,,,1200.0,1220.0,101.7,242.2,237.0,0,2026-04-20 09:47,2026-04-20 09:47,,,2026-08-17 23:45:56
2026-08-17,SEM/MO/00006 - Calentamiento,CALENTAMIENTO,Terminada,Sin registro hoy,,,4000.0,3835.0,95.9,116.2,60.0,0,2026-04-20 09:53,2026-04-20 09:53,,,2026-08-17 23:45:56
2026-08-17,SEM/MO/00028 - Pasteurizado,PASTEURIZACIÓN,Terminada,Sin registro hoy,,,8000.0,6831.0,85.4,328.7,110.0,0,2026-04-20 09:58,2026-04-20 09:58,,,2026-08-17 23:45:56
2026-08-17,SEM/MO/00110 - Lavado y desinfección,LAVADO 2,Terminada,Sin registro hoy,,,1000.0,1617.0,161.7,81.3,55.0,0,2026-04-20 10:16,2026-04-20 10:16,,,2026-08-17 23:45:56
2026-08-17,SEM/MO/00127 - Pasteurizado,PASTEURIZACIÓN,Terminada,Sin registro hoy,,,810.0,855.0,105.6,103.5,145.0,0,2026-04-21 12:19,2026-04-21 12:19,,,2026-08-17 23:45:56
2026-08-17,SEM/MO/00121 - Picado,RALLADO,Terminada,Sin registro hoy,,,1498.0,756.0,50.5,132.6,75.0,0,2026-04-21 12:34,2026-04-21 12:34,,,2026-08-17 23:45:56
2026-08-17,SEM/MO/00129 - Lavado y desinfección,LAVADO 2,Terminada,Sin registro hoy,,,12960.0,12400.0,95.7,329.5,320.0,0,2026-04-21 12:44,2026-04-21 12:44,,,2026-08-17 23:45:56
2026-08-17,SEM/MO/00062 - Calentamiento,CALENTAMIENTO,Terminada,Sin registro hoy,,,12000.0,11730.0,97.8,355.4,220.0,0,2026-04-21 12:51,2026-04-21 12:51,,,2026-08-17 23:45:56
2026-08-17,SEM/MO/00115 - Pasteurizado,PASTEURIZACIÓN,Terminada,Sin registro hoy,,,700.0,752.0,107.4,91.0,60.0,0,2026-04-21 14:10,2026-04-21 14:10,,,2026-08-17 23:45:56
2026-08-17,SEM/MO/00128 - Despulpado y refinado,PULPEADO,Terminada,Sin registro hoy,,,2600.0,3349.0,128.8,221.6,105.0,0,2026-04-21 15:50,2026-04-21 15:50,,,2026-08-17 23:45:56
2026-08-17,SEM/MO/00130 - Despulpado y refinado,PULPEADO,Terminada,Sin registro hoy,,,336.0,368.0,109.5,61.3,60.0,0,2026-04-21 16:02,2026-04-21 16:02,,,2026-08-17 23:45:56
2026-08-17,SEM/MO/00081 - Despulpado y refinado,PULPEADO,Terminada,Sin registro hoy,,,4500.0,5044.0,112.1,333.7,440.0,0,2026-04-21 16:23,2026-04-21 16:23,,,2026-08-17 23:45:56
2026-08-17,SEM/MO/00145 - Despulpado y refinado,PULPEADO,Terminada,Sin registro hoy,,,1300.0,2302.0,177.1,152.3,70.0,0,2026-04-21 17:47,2026-04-21 17:47,,,2026-08-17 23:45:56
2026-08-17,SEM/MO/00146 - Calentamiento,CALENTAMIENTO,Terminada,Sin registro hoy,,,11000.0,12574.0,114.3,381.0,155.0,0,2026-04-21 18:29,2026-04-21 18:29,,,2026-08-17 23:45:56
2026-08-17,SEM/MO/00147 - Despulpado manual,DESPULPADO MANUAL,Terminada,Sin registro hoy,,,800.0,368.0,46.0,649.4,200.0,0,2026-04-21 18:50,2026-04-21 18:50,,,2026-08-17 23:45:56
2026-08-17,SEM/MO/00122 - Picado,RALLADO,Terminada,Sin registro hoy,,,650.0,616.0,94.8,108.1,65.0,0,2026-04-21 22:47,2026-04-21 22:47,,,2026-08-17 23:45:56
2026-08-17,SEM/MO/00169 - Despulpado y refinado,PULPEADO,Terminada,Sin registro hoy,,,516.0,408.0,79.1,68.0,70.0,0,2026-04-22 12:28,2026-04-22 12:28,,,2026-08-17 23:45:56
2026-08-17,SEM/MO/00171 - Despulpado y refinado,PULPEADO,Terminada,Sin registro hoy,,,10000.0,2578.0,25.8,170.6,90.0,0,2026-04-23 09:05,2026-04-23 09:05,,,2026-08-17 23:45:56
2026-08-17,SEM/MO/00170 - Despulpado y refinado,PULPEADO,Terminada,Sin registro hoy,,,10300.0,10283.0,99.8,428.5,215.0,0,2026-04-23 09:08,2026-04-23 09:08,,,2026-08-17 23:45:56
2026-08-17,SEM/MO/00173 - Escaldado/descongelado,ESCALDADO,Terminada,Sin registro hoy,,,1120.0,1360.0,121.4,323.8,105.0,0,2026-04-24 00:58,2026-04-24 00:58,,,2026-08-17 23:45:56
2026-08-17,SEM/MO/00179 - Pasteurizado,PASTEURIZACIÓN,Terminada,Sin registro hoy,,,2000.0,2012.0,100.6,243.4,245.0,0,2026-04-24 12:10,2026-04-24 12:10,,,2026-08-17 23:45:56
2026-08-17,SEM/MO/00177 - Despulpado y refinado,PULPEADO,Terminada,Sin registro hoy,,,9000.0,8642.0,96.0,360.1,165.0,0,2026-04-24 12:11,2026-04-24 12:11,,,2026-08-17 23:45:56
2026-08-17,SEM/MO/00144 - Pelado Manual,PELADO MANUAL,Terminada,Sin registro hoy,,,144.0,144.0,100.0,144.0,95.0,0,2026-04-24 15:37,2026-04-24 15:37,,,2026-08-17 23:45:56
2026-08-17,SEM/MO/00203 - Escaldado/descongelado,ESCALDADO,Terminada,Sin registro hoy,,,1312.0,1312.0,100.0,312.4,105.0,0,2026-04-24 15:48,2026-04-24 15:48,,,2026-08-17 23:45:56
2026-08-17,SEM/MO/00200 - Despulpado y refinado,PULPEADO,Terminada,Sin registro hoy,,,4700.0,4257.0,90.6,177.4,60.0,0,2026-04-27 19:53,2026-04-27 19:53,,,2026-08-17 23:45:56
2026-08-17,SEM/MO/00198 - Despulpado y refinado,PULPEADO,Terminada,Sin registro hoy,,,11500.0,11538.0,100.3,480.8,105.0,0,2026-04-27 20:22,2026-04-27 20:22,,,2026-08-17 23:45:56
2026-08-17,SEM/MO/00209 - Despulpado y refinado,PULPEADO,Terminada,Sin registro hoy,,,32940.0,32940.0,100.0,1372.5,770.0,0,2026-04-27 23:26,2026-04-27 23:26,,,2026-08-17 23:45:56
2026-08-17,SEM/MO/00168 - Despulpado y refinado,PULPEADO,Terminada,Sin registro hoy,,,11100.0,9813.0,88.4,408.9,240.0,0,2026-04-30 13:40,2026-04-30 13:40,,,2026-08-17 23:45:56
2026-08-17,SEM/MO/00214 - Lavado y desinfección,LAVADO 2,Terminada,Sin registro hoy,,,14000.0,13966.0,99.8,371.1,215.0,0,2026-04-30 14:21,2026-04-30 14:21,,,2026-08-17 23:45:56
2026-08-17,SEM/MO/00222 - Calentamiento,CALENTAMIENTO,Terminada,Sin registro hoy,,,8000.0,8063.0,100.8,244.3,155.0,0,2026-04-30 15:46,2026-04-30 15:46,,,2026-08-17 23:45:56
2026-08-17,SEM/MO/00218 - Despulpado y refinado,PULPEADO,Terminada,Sin registro hoy,,,13000.0,13132.0,101.0,547.2,425.0,0,2026-04-30 16:14,2026-04-30 16:14,,,2026-08-17 23:45:56
2026-08-17,SEM/MO/00224 - Lavado y desinfección,LAVADO 2,Terminada,Sin registro hoy,,,10000.0,12069.0,120.7,381.9,130.0,0,2026-04-30 16:30,2026-04-30 16:30,,,2026-08-17 23:45:56
2026-08-17,SEM/MO/00225 - Rallado,RALLADO COCO,Terminada,Sin registro hoy,,,2800.0,2120.0,75.7,424.0,310.0,0,2026-04-30 16:59,2026-04-30 16:59,,,2026-08-17 23:45:56
2026-08-17,SEM/MO/00180 - Despulpado y refinado,PULPEADO,Terminada,Sin registro hoy,,,3510.0,2376.0,67.7,396.0,285.0,0,2026-04-30 17:08,2026-04-30 17:08,,,2026-08-17 23:45:56
2026-08-17,SEM/MO/00231 - Despulpado y refinado,PULPEADO,Terminada,Sin registro hoy,,,1080.0,1098.0,101.7,183.0,40.0,0,2026-05-04 04:52,2026-05-04 04:52,,,2026-08-17 23:45:56
2026-08-17,SEM/MO/00232 - Despulpado y refinado,PULPEADO,Terminada,Sin registro hoy,,,400.0,592.0,148.0,98.7,35.0,0,2026-05-04 04:53,2026-05-04 04:53,,,2026-08-17 23:45:56
2026-08-17,SEM/MO/00234 - Despulpado y refinado,PULPEADO,Terminada,Sin registro hoy,,,6700.0,9700.0,144.8,404.2,160.0,0,2026-05-04 16:57,2026-05-04 16:57,,,2026-08-17 23:45:56
2026-08-17,SEM/MO/00233 - Despulpado y refinado,PULPEADO,Terminada,Sin registro hoy,,,6700.0,7302.0,109.0,304.2,195.0,0,2026-05-04 17:03,2026-05-04 17:03,,,2026-08-17 23:45:56
2026-08-17,SEM/MO/00235 - Despulpado y refinado,PULPEADO,Terminada,Sin registro hoy,,,3501.0,3501.0,100.0,145.9,190.0,0,2026-05-04 17:12,2026-05-04 17:12,,,2026-08-17 23:45:56
2026-08-17,SEM/MO/00236 - Despulpado y refinado,PULPEADO,Terminada,Sin registro hoy,,,8000.0,6853.0,85.7,285.5,120.0,0,2026-05-04 17:24,2026-05-04 17:24,,,2026-08-17 23:45:56
2026-08-17,SEM/MO/00230 - Pasteurizado,PASTEURIZACIÓN,Terminada,Sin registro hoy,,,600.0,600.0,100.0,72.6,85.0,0,2026-05-04 17:25,2026-05-04 17:25,,,2026-08-17 23:45:56
2026-08-17,SEM/MO/00254 - Despulpado y refinado,PULPEADO,Terminada,Sin registro hoy,,,13000.0,12724.0,97.9,530.2,115.0,0,2026-05-05 08:30,2026-05-05 08:30,,,2026-08-17 23:45:56
2026-08-17,SEM/MO/00253 - Pasteurizado,PASTEURIZACIÓN,Terminada,Sin registro hoy,,,450.0,480.0,106.7,58.1,50.0,0,2026-05-05 08:46,2026-05-05 08:46,,,2026-08-17 23:45:56
2026-08-17,SEM/MO/00252 - Lavado y desinfección,LAVADO 2,Terminada,Sin registro hoy,,,9800.0,9794.0,99.9,260.3,110.0,0,2026-05-05 09:11,2026-05-05 09:11,,,2026-08-17 23:45:56
2026-08-17,SEM/MO/00267 - Despulpado y refinado,PULPEADO,Terminada,Sin registro hoy,,,16500.0,16442.0,99.6,685.1,260.0,0,2026-05-05 12:41,2026-05-05 12:41,,,2026-08-17 23:45:56
2026-08-17,SEM/MO/00266 - Despulpado y refinado,PULPEADO,Terminada,Sin registro hoy,,,2500.0,889.0,35.6,58.8,45.0,0,2026-05-05 12:42,2026-05-05 12:42,,,2026-08-17 23:45:56
2026-08-17,SEM/MO/00265 - Despulpado y refinado,PULPEADO,Terminada,Sin registro hoy,,,320.0,320.0,100.0,53.3,15.0,0,2026-05-05 12:44,2026-05-05 12:44,,,2026-08-17 23:45:56
2026-08-17,SEM/MO/00278 - Despulpado y refinado,PULPEADO,Terminada,Sin registro hoy,,,14000.0,6171.0,44.1,408.3,90.0,0,2026-05-07 14:17,2026-05-07 14:17,,,2026-08-17 23:45:56
2026-08-17,SEM/MO/00286 - Despulpado y refinado,PULPEADO,Terminada,Sin registro hoy,,,3000.0,2990.0,99.7,124.6,65.0,0,2026-05-07 14:57,2026-05-07 14:57,,,2026-08-17 23:45:56
2026-08-17,SEM/MO/00305 - Despulpado y refinado,PULPEADO,Terminada,Sin registro hoy,,,4500.0,4228.0,94.0,279.8,150.0,0,2026-05-11 15:54,2026-05-11 15:54,,,2026-08-17 23:45:56
2026-08-17,SEM/MO/00298 - Pasteurizado,PASTEURIZACIÓN,Terminada,Sin registro hoy,,,1000.0,910.0,91.0,110.1,105.0,0,2026-05-11 16:17,2026-05-11 16:17,,,2026-08-17 23:45:56
2026-08-17,SEM/MO/00312 - Escaldado/descongelado,ESCALDADO,Terminada,Sin registro hoy,,,1000.0,1100.0,110.0,220.1,120.0,0,2026-05-12 08:53,2026-05-12 08:53,,,2026-08-17 23:45:56
2026-08-17,SEM/MO/00288 - Despulpado manual,DESPULPADO MANUAL,Terminada,Sin registro hoy,,,1200.0,2256.0,188.0,3981.2,885.4,0,2026-05-13 03:51,2026-05-13 03:51,,,2026-08-17 23:45:56
2026-08-17,SEM/MO/00282 - Despulpado y refinado,PULPEADO,Terminada,Sin registro hoy,,,2520.0,3033.0,120.4,200.7,350.0,0,2026-05-13 04:02,2026-05-13 04:02,,,2026-08-17 23:45:56
2026-08-17,SEM/MO/00297 - Picado,RALLADO,Terminada,Sin registro hoy,,,994.0,980.0,98.6,171.9,165.0,0,2026-05-13 04:23,2026-05-13 04:23,,,2026-08-17 23:45:56
2026-08-17,SEM/MO/00316 - Pelado manual,PELADO MANUAL,Terminada,Sin registro hoy,,,150.0,104.0,69.3,104.0,90.4,0,2026-05-13 05:08,2026-05-13 05:08,,,2026-08-17 23:45:56
2026-08-17,SEM/MO/00317 - Despulpado y refinado,PULPEADO,Terminada,Sin registro hoy,,,4000.0,1851.0,46.3,122.5,75.0,0,2026-05-13 05:14,2026-05-13 05:14,,,2026-08-17 23:45:56
2026-08-17,SEM/MO/00314 - Lavado y desinfección,LAVADO 2,Terminada,Sin registro hoy,,,200.0,200.0,100.0,5.3,35.0,0,2026-05-13 08:33,2026-05-13 08:33,,,2026-08-17 23:45:56
2026-08-17,SEM/MO/00324-001 - Despulpado y refinado,PULPEADO,Terminada,Sin registro hoy,,,2989.0,2989.0,100.0,124.5,120.0,0,2026-05-13 08:48,2026-05-13 09:11,,,2026-08-17 23:45:56
2026-08-17,SEM/MO/00323 - Despulpado y refinado,PULPEADO,Terminada,Sin registro hoy,,,10000.0,9105.0,91.0,602.5,275.6,0,2026-05-13 09:10,2026-05-13 09:10,,,2026-08-17 23:45:56
2026-08-17,SEM/MO/00336 - Enfundado 1,ENFUNDADO 1,Terminada,Sin registro hoy,,,1600.0,1601.0,100.1,317.8,135.0,0,2026-05-13 13:48,2026-05-13 13:48,,,2026-08-17 23:45:56
2026-08-17,SEM/MO/00326 - Escaldado/descongelado,ESCALDADO,Terminada,Sin registro hoy,,,3520.0,4160.0,118.2,990.4,615.5,0,2026-05-13 13:53,2026-05-13 13:53,,,2026-08-17 23:45:56
2026-08-17,SEM/MO/00311 - Despulpado y refinado,PULPEADO,Terminada,Sin registro hoy,,,5000.0,3588.0,71.8,149.5,95.0,0,2026-05-13 14:04,2026-05-13 14:04,,,2026-08-17 23:45:56
2026-08-17,SEM/MO/00338 - Lavado y desinfección,LAVADO 2,Terminada,Sin registro hoy,,,1700.0,1700.0,100.0,85.4,30.2,0,2026-05-13 14:25,2026-05-13 14:25,,,2026-08-17 23:45:56
2026-08-17,SEM/MO/00313 - Lavado y desinfección,LAVADO 2,Terminada,Sin registro hoy,,,10000.0,3519.0,35.2,148.5,50.0,0,2026-05-14 10:03,2026-05-18 14:21,,,2026-08-17 23:45:56
2026-08-17,SEM/MO/00331 - Despulpado y refinado,PULPEADO,Terminada,Sin registro hoy,,,320.0,320.0,100.0,53.3,50.0,0,2026-05-14 20:40,2026-05-14 20:40,,,2026-08-17 23:45:56
2026-08-17,SEM/MO/00306 - Despulpado y refinado,PULPEADO,Terminada,Sin registro hoy,,,10000.0,9320.0,93.2,616.7,145.0,0,2026-05-15 15:27,2026-05-15 15:27,,,2026-08-17 23:45:56
2026-08-17,SEM/MO/00310 - Despulpado y refinado,PULPEADO,Terminada,Sin registro hoy,,,14000.0,12024.0,85.9,795.6,230.0,0,2026-05-15 15:44,2026-05-15 15:44,,,2026-08-17 23:45:56
2026-08-17,SEM/MO/00325 - Despulpado manual,DESPULPADO MANUAL,Terminada,Sin registro hoy,,,600.0,758.0,126.3,1337.7,385.1,0,2026-05-18 06:45,2026-05-18 06:45,,,2026-08-17 23:45:56
2026-08-17,SEM/MO/00348 - Despulpado y refinado,PULPEADO,Terminada,Sin registro hoy,,,1000.0,800.0,80.0,133.3,165.0,0,2026-05-18 06:49,2026-05-18 06:49,,,2026-08-17 23:45:56
2026-08-17,SEM/MO/00349 - Despulpado y refinado,PULPEADO,Terminada,Sin registro hoy,,,500.0,499.0,99.8,20.8,15.0,0,2026-05-18 07:21,2026-05-18 07:21,,,2026-08-17 23:45:56
2026-08-17,SEM/MO/00353 - Despulpado y refinado,PULPEADO,Terminada,Sin registro hoy,,,14000.0,9695.0,69.2,641.5,170.0,0,2026-05-18 11:14,2026-05-18 11:14,,,2026-08-17 23:45:56
2026-08-17,SEM/MO/00334 - Calentamiento,CALENTAMIENTO,Terminada,Sin registro hoy,,,4500.0,4556.0,101.2,138.1,130.0,0,2026-05-18 14:28,2026-05-18 14:28,,,2026-08-17 23:45:56
2026-08-17,SEM/MO/00333 - Despulpado y refinado,PULPEADO,Terminada,Sin registro hoy,,,12000.0,6084.0,50.7,402.6,250.0,0,2026-05-18 22:26,2026-05-18 22:26,,,2026-08-17 23:45:56
2026-08-17,SEM/MO/00366 - Despulpado y refinado,PULPEADO,Terminada,Sin registro hoy,,,3500.0,2829.0,80.8,187.2,115.0,0,2026-05-18 22:31,2026-05-18 22:31,,,2026-08-17 23:45:56
2026-08-17,SEM/MO/00357 - Lavado y desinfección,LAVADO 2,Terminada,Sin registro hoy,,,6500.0,7677.0,118.1,324.0,220.0,0,2026-05-18 23:20,2026-05-18 23:20,,,2026-08-17 23:45:56
2026-08-17,SEM/MO/00350 - Despulpado y refinado,PULPEADO,Terminada,Sin registro hoy,,,432.0,432.0,100.0,72.0,40.0,0,2026-05-19 00:30,2026-05-19 00:30,,,2026-08-17 23:45:56
2026-08-17,SEM/MO/00352 - Despulpado y refinado,PULPEADO,Terminada,Sin registro hoy,,,1008.0,938.0,93.1,156.3,80.0,0,2026-05-19 00:35,2026-05-19 00:35,,,2026-08-17 23:45:56
2026-08-17,SEM/MO/00358 - Pasteurizado,PASTEURIZACIÓN,Terminada,Sin registro hoy,,,1050.0,1125.0,107.1,136.1,200.1,0,2026-05-19 11:23,2026-05-19 11:23,,,2026-08-17 23:45:56
2026-08-17,SEM/MO/00332 - Despulpado y refinado,PULPEADO,Terminada,Sin registro hoy,,,7500.0,7639.0,101.9,505.4,90.0,0,2026-05-19 15:18,2026-05-19 15:18,,,2026-08-17 23:45:56
2026-08-17,SEM/MO/00356 - Pasteurizado,PASTEURIZACIÓN,Terminada,Sin registro hoy,,,1000.0,968.0,96.8,117.1,60.0,0,2026-05-19 15:26,2026-05-19 15:26,,,2026-08-17 23:45:56
2026-08-17,SEM/MO/00380 - Pasteurizado,PASTEURIZACIÓN,Terminada,Sin registro hoy,,,600.0,675.0,112.5,81.7,200.0,0,2026-05-19 15:55,2026-05-19 15:55,,,2026-08-17 23:45:56
2026-08-17,SEM/MO/00379 - Despulpado y refinado,PULPEADO,Terminada,Sin registro hoy,,,12000.0,13144.0,109.5,869.7,530.0,0,2026-05-19 17:15,2026-05-19 17:15,,,2026-08-17 23:45:56
2026-08-17,SEM/MO/00388 - Despulpado y refinado,PULPEADO,Terminada,Sin registro hoy,,,7500.0,7977.0,106.4,527.8,175.9,0,2026-05-21 11:13,2026-05-22 16:56,,,2026-08-17 23:45:56
2026-08-17,SEM/MO/00382 - Rallado,RALLADO COCO,Terminada,Sin registro hoy,,,4040.0,4000.0,99.0,800.0,510.1,0,2026-05-21 14:21,2026-05-21 14:21,,,2026-08-17 23:45:56
2026-08-17,SEM/MO/00392 - Pasteurizado,PASTEURIZACIÓN,Terminada,Sin registro hoy,,,315.0,345.0,109.5,41.8,25.0,0,2026-05-21 15:04,2026-05-21 15:04,,,2026-08-17 23:45:56
2026-08-17,SEM/MO/00399 - Lavado y desinfección,LAVADO 2,Terminada,Sin registro hoy,,,8000.0,8000.0,100.0,337.6,132.8,0,2026-05-21 15:08,2026-05-21 19:26,,,2026-08-17 23:45:56
2026-08-17,SEM/MO/00404 - Despulpado y refinado,PULPEADO,Terminada,Sin registro hoy,,,404.0,404.0,100.0,67.3,25.0,0,2026-05-21 21:38,2026-05-21 21:38,,,2026-08-17 23:45:56
2026-08-17,SEM/MO/00391 - Despulpado y refinado,PULPEADO,Terminada,Sin registro hoy,,,1200.0,1320.0,110.0,25.0,25.0,0,2026-05-21 21:41,2026-05-21 21:41,,,2026-08-17 23:45:56
2026-08-17,SEM/MO/00389 - Despulpado y refinado,PULPEADO,Terminada,Sin registro hoy,,,2016.0,2286.0,113.4,381.0,385.0,0,2026-05-21 21:47,2026-05-21 21:47,,,2026-08-17 23:45:56
2026-08-17,SEM/MO/00395 - Lavado y desinfección,LAVADO 1,Terminada,Sin registro hoy,,,400.0,250.0,62.5,45.5,100.8,0,2026-05-22 06:44,2026-05-26 15:06,,,2026-08-17 23:45:56
2026-08-17,SEM/MO/00396 - Despulpado y refinado,PULPEADO,Terminada,Sin registro hoy,,,14000.0,9644.0,68.9,638.1,61.3,0,2026-05-22 08:46,2026-05-26 17:33,,,2026-08-17 23:45:56
2026-08-17,SEM/MO/00409 - Despulpado y refinado,PULPEADO,Terminada,Sin registro hoy,,,11300.0,11300.0,100.0,747.7,203.4,0,2026-05-22 16:39,2026-05-22 21:47,,,2026-08-17 23:45:56
2026-08-17,SEM/MO/00398 - Despulpado y refinado,PULPEADO,Terminada,Sin registro hoy,,,480.0,552.0,115.0,36.8,74.2,0,2026-05-24 08:12,2026-05-25 21:09,,,2026-08-17 23:45:56
2026-08-17,SEM/MO/00381 - Despulpado y refinado,PULPEADO,Terminada,Sin registro hoy,,,12000.0,11834.0,98.6,783.0,280.0,0,2026-05-25 17:38,2026-05-25 17:38,,,2026-08-17 23:45:56
2026-08-17,SEM/MO/00418 - Despulpado y refinado,PULPEADO,Terminada,Sin registro hoy,,,1200.0,1360.0,113.3,226.7,114.2,0,2026-05-26 07:07,2026-05-28 15:32,,,2026-08-17 23:45:56
2026-08-17,SEM/MO/00413 - Lavado y desinfección,LAVADO 2,Terminada,Sin registro hoy,,,800.0,800.0,100.0,85.0,22.0,0,2026-05-26 08:56,2026-05-26 08:56,,,2026-08-17 23:45:56
2026-08-17,SEM/MO/00414 - Lavado y desinfección,LAVADO 2,Terminada,Sin registro hoy,,,304.0,304.0,100.0,32.3,90.0,0,2026-05-26 09:11,2026-05-26 09:11,,,2026-08-17 23:45:56
2026-08-17,SEM/MO/00419 - Despulpado y refinado,PULPEADO,Terminada,Sin registro hoy,,,14000.0,8345.0,59.6,552.2,156.0,0,2026-05-26 09:58,2026-05-29 05:45,,,2026-08-17 23:45:56
2026-08-17,SEM/MO/00410 - Envasado Manual,ENVASADO MANUAL,Terminada,Sin registro hoy,,,405.0,330.0,81.5,19.8,24.0,0,2026-05-26 15:53,2026-05-26 15:53,,,2026-08-17 23:45:56
2026-08-17,SEM/MO/00420 - Lavado y desinfección,LAVADO 2,Terminada,Sin registro hoy,,,2000.0,2615.0,130.8,131.4,17.4,0,2026-05-26 16:12,2026-05-28 15:40,,,2026-08-17 23:45:56
2026-08-17,SEM/MO/00427 - Despulpado y refinado,PULPEADO,Terminada,Sin registro hoy,,,1760.0,1760.0,100.0,293.3,29.3,0,2026-05-26 17:30,2026-05-26 17:30,,,2026-08-17 23:45:56
2026-08-17,SEM/MO/00444 - Lavado y desinfección,LAVADO 2,Terminada,Sin registro hoy,,,8400.0,7811.0,93.0,329.6,195.7,0,2026-05-27 10:35,2026-05-30 15:26,,,2026-08-17 23:45:56
2026-08-17,SEM/MO/00439 - Calentamiento,CALENTAMIENTO,Terminada,Sin registro hoy,,,6000.0,6575.0,109.6,199.2,82.9,0,2026-05-27 10:36,2026-05-30 14:41,,,2026-08-17 23:45:56
2026-08-17,SEM/MO/00440 - Despulpado y refinado,PULPEADO,Terminada,Sin registro hoy,,,1504.0,1504.0,100.0,250.7,84.6,0,2026-05-27 17:21,2026-05-30 12:17,,,2026-08-17 23:45:56
2026-08-17,SEM/MO/00441 - Despulpado y refinado,PULPEADO,Terminada,Sin registro hoy,,,590.0,602.0,102.0,100.3,58.0,0,2026-05-27 18:47,2026-05-30 12:14,,,2026-08-17 23:45:56
2026-08-17,SEM/MO/00446 - Despulpado y refinado,PULPEADO,Terminada,Sin registro hoy,,,12000.0,14899.0,124.2,985.8,328.7,0,2026-05-28 14:48,2026-05-31 00:16,,,2026-08-17 23:45:56
2026-08-17,SEM/MO/00451 - Despulpado y refinado,PULPEADO,Terminada,Sin registro hoy,,,7500.0,8369.0,111.6,553.8,387.0,0,2026-05-29 06:42,2026-05-31 16:28,,,2026-08-17 23:45:56
2026-08-17,SEM/MO/00450 - Picado e inspección,RALLADO,Terminada,Sin registro hoy,,,1600.0,1744.0,109.0,489.5,263.8,0,2026-05-29 07:49,2026-05-31 00:24,,,2026-08-17 23:45:56
2026-08-17,SEM/MO/00452 - Despulpado y refinado,PULPEADO,Terminada,Sin registro hoy,,,14000.0,9788.0,69.9,647.6,31.4,0,2026-05-29 13:50,2026-05-31 20:13,,,2026-08-17 23:45:56
2026-08-17,SEM/MO/00466 - Despulpado y refinado,PULPEADO,Terminada,Sin registro hoy,,,1600.0,2375.0,148.4,395.8,200.0,0,2026-05-31 17:04,2026-05-31 17:04,,,2026-08-17 23:45:56
2026-08-17,SEM/MO/00468 - Despulpado y refinado,PULPEADO,Terminada,Sin registro hoy,,,13000.0,14164.0,109.0,937.2,496.5,0,2026-06-01 07:22,2026-06-02 13:56,,,2026-08-17 23:45:56
2026-08-17,SEM/MO/00471 - Picado e inspección,RALLADO,Terminada,Sin registro hoy,,,704.0,800.0,113.6,224.6,105.6,0,2026-06-01 08:21,2026-06-01 16:49,,,2026-08-17 23:45:56
2026-08-17,SEM/MO/00470 - Calentamiento,CALENTAMIENTO,Terminada,Sin registro hoy,,,6000.0,10090.0,168.2,305.8,194.0,0,2026-06-01 20:26,2026-06-02 17:36,,,2026-08-17 23:45:56
2026-08-17,SEM/MO/00488 - Despulpado y refinado,PULPEADO,Terminada,Sin registro hoy,,,7600.0,7015.0,92.3,464.2,276.7,0,2026-06-02 12:15,2026-06-03 09:29,,,2026-08-17 23:45:56
2026-08-17,SEM/MO/00496 - Despulpado y refinado,PULPEADO,Terminada,Sin registro hoy,,,14000.0,14000.0,100.0,926.3,62.4,0,2026-06-02 18:02,2026-06-03 08:30,,,2026-08-17 23:45:56
2026-08-17,SEM/MO/00497 - Picado,RALLADO,Terminada,Sin registro hoy,,,1400.0,1470.0,105.0,257.9,239.0,0,2026-06-03 07:27,2026-06-04 09:29,,,2026-08-17 23:45:56
2026-08-17,SEM/MO/00508 - Despulpado y refinado,PULPEADO,Terminada,Sin registro hoy,,,14000.0,29161.0,208.3,1929.5,685.1,0,2026-06-03 08:32,2026-06-08 12:56,,,2026-08-17 23:45:56
2026-08-17,SEM/MO/00513 - Lavado y desinfección,LAVADO 2,Terminada,Sin registro hoy,,,14000.0,12810.0,91.5,340.4,133.1,0,2026-06-04 09:00,2026-06-08 17:40,,,2026-08-17 23:45:56
2026-08-17,SEM/MO/00489 - Calentamiento,CALENTAMIENTO,Terminada,Sin registro hoy,,,24000.0,1345.0,5.6,40.8,28.3,0,2026-06-04 18:13,2026-06-09 08:22,,,2026-08-17 23:45:56
2026-08-17,SEM/MO/00511 - Picado e inspección,RALLADO,Terminada,Sin registro hoy,,,1600.0,1600.0,100.0,449.1,227.2,0,2026-06-05 07:49,2026-06-05 15:23,,,2026-08-17 23:45:56
2026-08-17,SEM/MO/00521 - Despulpado y refinado,PULPEADO,Terminada,Sin registro hoy,,,300.0,300.0,100.0,50.0,50.0,0,2026-06-05 14:53,2026-06-05 17:55,,,2026-08-17 23:45:56
2026-08-17,SEM/MO/00523 - Despulpado y refinado,PULPEADO,Terminada,Sin registro hoy,,,1500.0,1520.0,101.3,28.8,40.4,0,2026-06-05 16:40,2026-06-08 22:18,,,2026-08-17 23:45:56
2026-08-17,SEM/MO/00522 - Despulpado y refinado,PULPEADO,Terminada,Sin registro hoy,,,3600.0,3870.0,107.5,645.0,179.7,0,2026-06-05 17:20,2026-06-08 22:30,,,2026-08-17 23:45:56
2026-08-17,SEM/MO/00526 - Despulpado y refinado,PULPEADO,Terminada,Sin registro hoy,,,14000.0,13025.0,93.0,861.8,449.9,0,2026-06-08 08:26,2026-06-09 14:16,,,2026-08-17 23:45:56
2026-08-17,SEM/MO/00527 - Despulpado y refinado,PULPEADO,Terminada,Sin registro hoy,,,7800.0,8276.0,106.1,344.8,301.5,0,2026-06-08 11:30,2026-06-09 14:08,,,2026-08-17 23:45:56
2026-08-17,SEM/MO/00525 - Picado e inspección,RALLADO,Terminada,Sin registro hoy,,,450.0,448.0,99.6,125.8,59.2,0,2026-06-08 16:59,2026-06-08 21:27,,,2026-08-17 23:45:56
2026-08-17,SEM/MO/00537 - Despulpado y refinado,PULPEADO,Terminada,Sin registro hoy,,,3500.0,3498.0,99.9,145.8,112.2,0,2026-06-09 07:47,2026-06-10 14:07,,,2026-08-17 23:45:56
2026-08-17,SEM/MO/00538 - Despulpado y refinado,PULPEADO,Terminada,Sin registro hoy,,,11700.0,7560.0,64.6,500.2,191.7,0,2026-06-09 09:39,2026-06-10 09:15,,,2026-08-17 23:45:56
2026-08-17,SEM/MO/00547 - Pasteurizado,PASTEURIZACIÓN,Terminada,Sin registro hoy,,,2600.0,2340.0,90.0,112.6,68.7,0,2026-06-09 21:02,2026-06-10 10:33,,,2026-08-17 23:45:56
2026-08-17,SEM/MO/00544 - Rallado,RALLADO COCO,Terminada,Sin registro hoy,,,2020.0,2020.0,100.0,404.0,224.3,0,2026-06-10 07:07,2026-06-10 16:38,,,2026-08-17 23:45:56
2026-08-17,SEM/MO/00539 - Rallado,RALLADO COCO,Terminada,Sin registro hoy,,,2020.0,2120.0,105.0,424.0,176.5,0,2026-06-10 08:37,2026-06-10 08:37,,,2026-08-17 23:45:56
2026-08-17,SEM/MO/00550 - Despulpado y refinado,PULPEADO,Terminada,Sin registro hoy,,,11000.0,10966.0,99.7,456.9,152.3,0,2026-06-10 13:03,2026-06-11 17:17,,,2026-08-17 23:45:56
2026-08-17,SEM/MO/00556 - Despulpado y refinado,PULPEADO,Terminada,Sin registro hoy,,,9000.0,9000.0,100.0,375.0,221.5,0,2026-06-10 16:39,2026-06-10 23:03,,,2026-08-17 23:45:56
2026-08-17,SEM/MO/00557 - Pasteurizado,PASTEURIZACIÓN,Terminada,Sin registro hoy,,,1395.0,1455.0,104.3,176.1,80.0,0,2026-06-11 06:14,2026-06-12 09:08,,,2026-08-17 23:45:56
2026-08-17,SEM/MO/00551 - Despulpado y refinado,PULPEADO,Terminada,Sin registro hoy,,,420.0,770.0,183.3,128.3,90.0,0,2026-06-11 10:43,2026-06-11 10:43,,,2026-08-17 23:45:56
2026-08-17,SEM/MO/00552 - Despulpado y refinado,PULPEADO,Terminada,Sin registro hoy,,,630.0,666.0,105.7,111.0,40.0,0,2026-06-11 10:44,2026-06-11 10:44,,,2026-08-17 23:45:56
2026-08-17,SEM/MO/00558 - Despulpado y refinado,PULPEADO,Terminada,Sin registro hoy,,,320.0,320.0,100.0,53.3,30.4,0,2026-06-11 10:58,2026-06-11 15:59,,,2026-08-17 23:45:56
2026-08-17,SEM/MO/00561 - Calentamiento,CALENTAMIENTO,Terminada,Sin registro hoy,,,8000.0,8000.0,100.0,242.4,88.1,0,2026-06-11 15:43,2026-06-11 19:16,,,2026-08-17 23:45:56
2026-08-17,SEM/MO/00562 - Despulpado y refinado,PULPEADO,Terminada,Sin registro hoy,,,660.0,660.0,100.0,110.0,110.0,0,2026-06-11 17:44,2026-06-11 17:44,,,2026-08-17 23:45:56
2026-08-17,SEM/MO/00563 - Pasteurizado,PASTEURIZACIÓN,Terminada,Sin registro hoy,,,200.0,203.0,101.5,9.8,14.2,0,2026-06-11 18:46,2026-06-15 15:48,,,2026-08-17 23:45:56
2026-08-17,SEM/MO/00571 - Pasteurizado,PASTEURIZACIÓN,Terminada,Sin registro hoy,,,2000.0,2000.0,100.0,242.0,333.1,0,2026-06-12 07:09,2026-06-12 15:10,,,2026-08-17 23:45:56
2026-08-17,SEM/MO/00572 - Lavado y desinfección,LAVADO 2,Terminada,Sin registro hoy,,,7000.0,7000.0,100.0,221.5,168.4,0,2026-06-12 07:58,2026-06-15 14:24,,,2026-08-17 23:45:56
2026-08-17,SEM/MO/00573 - Despulpado y refinado,PULPEADO,Terminada,Sin registro hoy,,,340.0,336.0,98.8,56.0,20.0,0,2026-06-12 10:18,2026-06-12 10:18,,,2026-08-17 23:45:56
2026-08-17,SEM/MO/00570 - Despulpado y refinado,PULPEADO,Terminada,Sin registro hoy,,,14000.0,17061.0,121.9,1128.9,324.6,0,2026-06-12 10:46,2026-06-15 16:26,,,2026-08-17 23:45:56
2026-08-17,SEM/MO/00579 - Pasteurizado,PASTEURIZACIÓN,Terminada,Sin registro hoy,,,850.0,855.0,100.6,103.5,130.2,0,2026-06-15 11:46,2026-06-16 15:01,,,2026-08-17 23:45:56
2026-08-17,SEM/MO/00577 - Calentamiento,CALENTAMIENTO,Terminada,Sin registro hoy,,,15000.0,14897.0,99.3,451.4,395.3,0,2026-06-15 12:25,2026-06-16 18:32,,,2026-08-17 23:45:56
2026-08-17,SEM/MO/00576 - Despulpado y refinado,PULPEADO,Terminada,Sin registro hoy,,,5000.0,5657.0,113.1,374.3,458.5,0,2026-06-15 15:12,2026-06-19 16:25,,,2026-08-17 23:45:56
2026-08-17,SEM/MO/00591 - Despulpado y refinado,PULPEADO,Terminada,Sin registro hoy,,,12000.0,11300.0,94.2,470.8,323.7,0,2026-06-16 07:06,2026-06-18 08:44,,,2026-08-17 23:45:56
2026-08-17,SEM/MO/00592 - Despulpado y refinado,PULPEADO,Terminada,Sin registro hoy,,,1500.0,1500.0,100.0,250.0,89.3,0,2026-06-16 13:08,2026-06-18 08:45,,,2026-08-17 23:45:56
2026-08-17,SEM/MO/00593 - Despulpado y refinado,PULPEADO,Terminada,Sin registro hoy,,,3600.0,3600.0,100.0,238.2,89.4,0,2026-06-16 17:52,2026-06-18 09:49,,,2026-08-17 23:45:56
2026-08-17,SEM/MO/00598 - Pasteurizado,PASTEURIZACIÓN,Terminada,Sin registro hoy,,,10000.0,9635.0,96.4,463.6,379.9,0,2026-06-17 07:42,2026-06-19 10:19,,,2026-08-17 23:45:56
2026-08-17,SEM/MO/00578 - Lavado y desinfección,LAVADO 2,Terminada,Sin registro hoy,,,1000.0,1027.0,102.7,27.3,25.0,0,2026-06-17 14:41,2026-06-18 10:14,,,2026-08-17 23:45:56
2026-08-17,SEM/MO/00603 - Despulpado y refinado,PULPEADO,Terminada,Sin registro hoy,,,5100.0,5100.0,100.0,337.4,461.0,0,2026-06-17 16:26,2026-06-19 21:09,,,2026-08-17 23:45:56
2026-08-17,SEM/MO/00601 - Pelado Manual,PELADO MANUAL,Terminada,Sin registro hoy,,,64.0,64.0,100.0,64.0,40.0,0,2026-06-17 20:46,2026-06-19 09:18,,,2026-08-17 23:45:56
2026-08-17,SEM/MO/00599 - Escaldado/descongelado,ESCALDADO,Terminada,Sin registro hoy,,,1504.0,1744.0,116.0,415.2,238.1,0,2026-06-18 08:27,2026-06-19 12:26,,,2026-08-17 23:45:56
2026-08-17,SEM/MO/00606 - Despulpado y refinado,PULPEADO,Terminada,Sin registro hoy,,,1200.0,1200.0,100.0,50.0,28.0,0,2026-06-18 08:32,2026-06-22 16:12,,,2026-08-17 23:45:56
2026-08-17,SEM/MO/00602 - Despulpado y refinado,PULPEADO,Terminada,Sin registro hoy,,,5000.0,5710.0,114.2,237.9,14.3,0,2026-06-18 17:17,2026-06-19 09:20,,,2026-08-17 23:45:56
2026-08-17,SEM/MO/00607 - Despulpado y refinado,PULPEADO,Terminada,Sin registro hoy,,,13000.0,13000.0,100.0,860.2,364.7,0,2026-06-18 19:49,2026-06-22 16:15,,,2026-08-17 23:45:56
2026-08-17,SEM/MO/00616 - Despulpado y refinado,PULPEADO,Terminada,Sin registro hoy,,,11500.0,12383.0,107.7,819.3,238.0,0,2026-06-19 07:25,2026-06-22 16:10,,,2026-08-17 23:45:56
2026-08-17,SEM/MO/00617 - Pasteurizado,PASTEURIZACIÓN,Terminada,Sin registro hoy,,,5000.0,4901.0,98.0,235.8,124.9,0,2026-06-19 18:36,2026-06-22 16:26,,,2026-08-17 23:45:56
2026-08-17,SEM/MO/00627 - Despulpado y refinado,PULPEADO,Terminada,Sin registro hoy,,,12000.0,12000.0,100.0,500.0,275.8,0,2026-06-22 10:12,2026-06-23 10:52,,,2026-08-17 23:45:56
2026-08-17,SEM/MO/00625 - Despulpado y refinado,PULPEADO,Terminada,Sin registro hoy,,,2000.0,1377.0,68.8,91.1,80.0,0,2026-06-22 14:47,2026-06-23 15:52,,,2026-08-17 23:45:56
2026-08-17,SEM/MO/00626 - Picado e inspección,RALLADO,Terminada,Sin registro hoy,,,1800.0,1800.0,100.0,505.3,51.2,0,2026-06-22 14:49,2026-06-23 10:26,,,2026-08-17 23:45:56
2026-08-17,SEM/MO/00628 - Pasteurizado,PASTEURIZACIÓN,Terminada,Sin registro hoy,,,10000.0,10000.0,100.0,481.2,505.3,0,2026-06-22 22:01,2026-06-24 14:35,,,2026-08-17 23:45:56
2026-08-17,SEM/MO/00640 - Pasteurizado,PASTEURIZACIÓN,Terminada,Sin registro hoy,,,855.0,915.0,107.0,110.7,151.0,0,2026-06-23 08:50,2026-06-24 10:05,,,2026-08-17 23:45:56
2026-08-17,SEM/MO/00642 - Despulpado y refinado,PULPEADO,Terminada,Sin registro hoy,,,7000.0,7091.0,101.3,295.5,281.7,0,2026-06-23 14:44,2026-06-24 10:20,,,2026-08-17 23:45:56
2026-08-17,SEM/MO/00643 - Enfundado 1,ENFUNDADO 1,Terminada,Sin registro hoy,,,2000.0,2000.0,100.0,397.0,253.1,0,2026-06-23 14:51,2026-06-24 10:32,,,2026-08-17 23:45:56
2026-08-17,SEM/MO/00654 - Despulpado y refinado,PULPEADO,Terminada,Sin registro hoy,,,7000.0,6973.0,99.6,290.5,126.8,0,2026-06-24 08:06,2026-06-25 09:53,,,2026-08-17 23:45:56
2026-08-17,SEM/MO/00656 - Pasteurizado,PASTEURIZACIÓN,Terminada,Sin registro hoy,,,855.0,915.0,107.0,110.7,83.1,0,2026-06-24 08:41,2026-06-25 09:04,,,2026-08-17 23:45:56
2026-08-17,SEM/MO/00641 - Despulpado y refinado,PULPEADO,Terminada,Sin registro hoy,,,10200.0,18612.0,182.5,1231.5,564.5,0,2026-06-24 11:38,2026-06-25 12:17,,,2026-08-17 23:45:56
2026-08-17,SEM/MO/00668 - Lavado y desinfección,LAVADO 1,Terminada,Sin registro hoy,,,300.0,300.0,100.0,54.5,58.9,0,2026-06-24 14:53,2026-06-25 08:34,,,2026-08-17 23:45:56
2026-08-17,SEM/MO/00667 - Envasado Manual,ENVASADO MANUAL,Terminada,Sin registro hoy,,,300.0,330.0,110.0,19.8,24.9,0,2026-06-24 23:14,2026-06-25 08:56,,,2026-08-17 23:45:56
2026-08-17,SEM/MO/00674 - Despulpado y refinado,PULPEADO,Terminada,Sin registro hoy,,,13000.0,13000.0,100.0,541.7,365.9,0,2026-06-25 08:24,2026-06-26 14:34,,,2026-08-17 23:45:56
2026-08-17,SEM/MO/00673 - Despulpado y refinado,PULPEADO,Terminada,Sin registro hoy,,,4000.0,4962.0,124.0,328.3,48.7,0,2026-06-25 12:54,2026-06-26 14:29,,,2026-08-17 23:45:56
2026-08-17,SEM/MO/00675 - Lavado y desinfección,LAVADO 2,Terminada,Sin registro hoy,,,1520.0,1520.0,100.0,161.6,207.5,0,2026-06-25 16:06,2026-06-28 18:29,,,2026-08-17 23:45:56
2026-08-17,SEM/MO/00680 - Lavado y desinfección,LAVADO 2,Terminada,Sin registro hoy,,,14000.0,14000.0,100.0,372.0,346.9,0,2026-06-26 08:59,2026-06-28 18:34,,,2026-08-17 23:45:56
2026-08-17,SEM/MO/00681 - Exprimido,EXPRIMIDO,Terminada,Sin registro hoy,,,1000.0,1000.0,100.0,37.5,346.0,0,2026-06-26 08:59,2026-06-28 18:36,,,2026-08-17 23:45:56
2026-08-17,SEM/MO/00679 - Calentamiento,CALENTAMIENTO,Terminada,Sin registro hoy,,,14000.0,14000.0,100.0,424.2,99.3,0,2026-06-26 21:00,2026-06-28 19:07,,,2026-08-17 23:45:56
2026-08-17,SEM/MO/00699 - Despulpado manual,DESPULPADO MANUAL,Terminada,Sin registro hoy,,,600.0,1258.0,209.7,2220.0,538.3,0,2026-06-29 08:39,2026-06-30 14:56,,,2026-08-17 23:45:56
2026-08-17,SEM/MO/00696 - Calentamiento,CALENTAMIENTO,Terminada,Sin registro hoy,,,7000.0,7000.0,100.0,212.1,197.1,0,2026-06-29 13:35,2026-06-30 15:01,,,2026-08-17 23:45:56
2026-08-17,SEM/MO/00698 - Despulpado y refinado,PULPEADO,Terminada,Sin registro hoy,,,504.0,504.0,100.0,33.6,50.6,0,2026-06-29 20:51,2026-06-30 14:18,,,2026-08-17 23:45:56
2026-08-17,SEM/MO/00704 - Calentamiento,CALENTAMIENTO,Terminada,Sin registro hoy,,,14000.0,4158.0,29.7,126.0,58.0,0,2026-06-29 22:05,2026-06-30 17:12,,,2026-08-17 23:45:56
2026-08-17,SEM/MO/00712 - Despulpado manual,DESPULPADO MANUAL,Terminada,Sin registro hoy,,,600.0,517.0,86.2,912.4,114.1,0,2026-06-30 07:21,2026-06-30 15:23,,,2026-08-17 23:45:56
2026-08-17,SEM/MO/00706 - Pasteurizado,PASTEURIZACIÓN,Terminada,Sin registro hoy,,,810.0,855.0,105.6,103.5,64.4,0,2026-06-30 09:17,2026-06-30 15:21,,,2026-08-17 23:45:56
2026-08-17,SEM/MO/00707 - Despulpado y refinado,PULPEADO,Terminada,Sin registro hoy,,,13600.0,17702.0,130.2,737.6,153.1,0,2026-06-30 10:08,2026-06-30 22:23,,,2026-08-17 23:45:56
2026-08-17,SEM/MO/00705 - Picado,RALLADO,Terminada,Sin registro hoy,,,1400.0,1498.0,107.0,262.8,310.5,0,2026-06-30 14:40,2026-06-30 22:01,,,2026-08-17 23:45:56
2026-08-17,SEM/MO/00716 - Calentamiento,CALENTAMIENTO,Terminada,Sin registro hoy,,,11000.0,11000.0,100.0,333.3,382.4,0,2026-07-01 07:25,2026-07-01 17:23,,,2026-08-17 23:45:56
2026-08-17,SEM/MO/00743 - Lavado y desinfección,LAVADO 1,Terminada,Sin registro hoy,,,400.0,400.0,100.0,72.7,37.0,0,2026-07-01 13:29,2026-07-02 10:12,,,2026-08-17 23:45:56
2026-08-17,SEM/MO/00718 - Despulpado y refinado,PULPEADO,Terminada,Sin registro hoy,,,994.0,1330.0,133.8,221.7,188.0,0,2026-07-01 15:22,2026-07-02 10:04,,,2026-08-17 23:45:56
2026-08-17,SEM/MO/00714 - Despulpado y refinado,PULPEADO,Terminada,Sin registro hoy,,,1696.0,1696.0,100.0,282.7,184.0,0,2026-07-01 16:26,2026-07-02 10:03,,,2026-08-17 23:45:56
2026-08-17,SEM/MO/00723 - Lavado y desinfección,LAVADO 2,Terminada,Sin registro hoy,,,1008.0,1328.0,131.7,117.2,59.6,0,2026-07-02 07:14,2026-07-03 09:49,,,2026-08-17 23:45:56
2026-08-17,SEM/MO/00715 - Envasado Manual,ENVASADO MANUAL,Terminada,Sin registro hoy,,,375.0,630.0,168.0,37.8,100.2,0,2026-07-02 10:13,2026-07-02 10:13,,,2026-08-17 23:45:56
2026-08-17,SEM/MO/00717 - Despulpado y refinado,PULPEADO,Terminada,Sin registro hoy,,,504.0,552.0,109.5,92.0,25.0,0,2026-07-02 11:17,2026-07-02 11:17,,,2026-08-17 23:45:56
2026-08-17,SEM/MO/00726 - Despulpado y refinado,PULPEADO,Terminada,Sin registro hoy,,,13000.0,13000.0,100.0,541.7,423.3,0,2026-07-02 12:58,2026-07-03 09:53,,,2026-08-17 23:45:56
2026-08-17,SEM/MO/00725 - Lavado y desinfección,LAVADO 2,Terminada,Sin registro hoy,,,1520.0,1520.0,100.0,161.6,47.6,0,2026-07-03 08:01,2026-07-03 11:12,,,2026-08-17 23:45:56
2026-08-17,SEM/MO/00727 - Lavado y desinfección,LAVADO 2,Terminada,Sin registro hoy,,,13000.0,13000.0,100.0,345.4,259.1,0,2026-07-03 08:49,2026-07-05 19:00,,,2026-08-17 23:45:56
2026-08-17,SEM/MO/00720 - Despulpado y refinado,PULPEADO,Terminada,Sin registro hoy,,,4000.0,4707.0,117.7,311.4,250.0,0,2026-07-03 11:21,2026-07-03 11:21,,,2026-08-17 23:45:56
2026-08-17,SEM/MO/00721 - Despulpado y refinado,PULPEADO,Terminada,Sin registro hoy,,,504.0,648.0,128.6,108.0,88.0,0,2026-07-03 12:27,2026-07-03 12:27,,,2026-08-17 23:45:56
2026-08-17,SEM/MO/00724 - Pasteurizado,PASTEURIZACIÓN,Terminada,Sin registro hoy,,,750.0,750.0,100.0,90.8,90.8,0,2026-07-03 20:17,2026-07-05 19:03,,,2026-08-17 23:45:56
2026-08-17,SEM/MO/00751 - Despulpado y refinado,PULPEADO,Terminada,Sin registro hoy,,,1000.0,770.0,77.0,14.6,15.0,0,2026-07-05 19:29,2026-07-05 19:29,,,2026-08-17 23:45:56
2026-08-17,SEM/MO/00758 - Pelado manual,PELADO MANUAL,Terminada,Sin registro hoy,,,200.0,88.0,44.0,88.0,149.9,0,2026-07-06 07:53,2026-07-07 10:40,,,2026-08-17 23:45:56
2026-08-17,SEM/MO/00757 - Despulpado y refinado,PULPEADO,Terminada,Sin registro hoy,,,5000.0,5000.0,100.0,330.8,125.0,0,2026-07-06 08:07,2026-07-06 13:31,,,2026-08-17 23:45:56
2026-08-17,SEM/MO/00761 - Despulpado y refinado,PULPEADO,Terminada,Sin registro hoy,,,3000.0,3000.0,100.0,198.5,223.4,0,2026-07-06 13:41,2026-07-07 11:10,,,2026-08-17 23:45:56
2026-08-17,SEM/MO/00759 - Calentamiento,CALENTAMIENTO,Terminada,Sin registro hoy,,,8000.0,3392.0,42.4,102.8,46.6,0,2026-07-06 20:44,2026-07-07 16:17,,,2026-08-17 23:45:56
2026-08-17,SEM/MO/00765 - Despulpado y refinado,PULPEADO,Terminada,Sin registro hoy,,,12000.0,12000.0,100.0,794.0,382.3,0,2026-07-07 07:23,2026-07-08 08:14,,,2026-08-17 23:45:56
2026-08-17,SEM/MO/00764 - Despulpado manual,DESPULPADO MANUAL,Terminada,Sin registro hoy,,,600.0,600.0,100.0,1058.8,705.4,0,2026-07-07 07:37,2026-07-08 08:14,,,2026-08-17 23:45:56
2026-08-17,SEM/MO/00763 - Despulpado y refinado,PULPEADO,Terminada,Sin registro hoy,,,13000.0,13000.0,100.0,541.7,324.2,0,2026-07-07 16:56,2026-07-08 08:15,,,2026-08-17 23:45:56
2026-08-17,SEM/MO/00770 - Rallado,RALLADO COCO,Terminada,Sin registro hoy,,,2100.0,2100.0,100.0,420.0,269.8,0,2026-07-08 08:23,2026-07-08 11:58,,,2026-08-17 23:45:56
2026-08-17,SEM/MO/00769 - Despulpado y refinado,PULPEADO,Terminada,Sin registro hoy,,,8700.0,11568.0,133.0,765.4,455.3,0,2026-07-08 14:23,2026-07-10 08:52,,,2026-08-17 23:45:56
2026-08-17,SEM/MO/00774 - Enfundado 1,ENFUNDADO 1,Terminada,Sin registro hoy,,,2000.0,2000.0,100.0,500.0,500.7,0,2026-07-08 18:09,2026-07-10 12:01,,,2026-08-17 23:45:56
2026-08-17,SEM/MO/00766 - Envasado Manual,ENVASADO MANUAL,Terminada,Sin registro hoy,,,375.0,375.0,100.0,22.5,64.3,0,2026-07-08 18:10,2026-07-10 08:46,,,2026-08-17 23:45:56
2026-08-17,SEM/MO/00775 - Escaldado/descongelado,ESCALDADO,Terminada,Sin registro hoy,,,1504.0,1744.0,116.0,415.2,244.3,0,2026-07-09 07:46,2026-07-13 08:42,,,2026-08-17 23:45:56
2026-08-17,SEM/MO/00772 - Calentamiento,CALENTAMIENTO,Terminada,Sin registro hoy,,,8000.0,8000.0,100.0,242.4,438.9,0,2026-07-09 11:09,2026-07-13 08:39,,,2026-08-17 23:45:56
2026-08-17,SEM/MO/00776 - Lavado y desinfección,LAVADO 2,Terminada,Sin registro hoy,,,5000.0,5000.0,100.0,251.3,187.3,0,2026-07-10 07:00,2026-07-10 10:19,,,2026-08-17 23:45:56
2026-08-17,SEM/MO/00767 - Lavado y desinfección,LAVADO 1,Terminada,Sin registro hoy,,,250.0,464.0,185.6,84.4,62.0,0,2026-07-10 08:44,2026-07-10 08:45,,,2026-08-17 23:45:56
2026-08-17,SEM/MO/00813 - Despulpado y refinado,PULPEADO,Terminada,Sin registro hoy,,,1980.0,1980.0,100.0,330.0,65.0,0,2026-07-10 11:33,2026-07-10 11:33,,,2026-08-17 23:45:56
2026-08-17,SEM/MO/00777 - Lavado y desinfección,LAVADO 2,Terminada,Sin registro hoy,,,13000.0,11736.0,90.3,311.9,152.2,0,2026-07-10 13:35,2026-07-13 08:48,,,2026-08-17 23:45:56
2026-08-17,SEM/MO/00822 - Despulpado y refinado,PULPEADO,Terminada,Sin registro hoy,,,12960.0,12960.0,100.0,540.0,328.8,0,2026-07-13 08:49,2026-07-13 17:58,,,2026-08-17 23:45:56
2026-08-17,SEM/MO/00778 - Lavado y desinfección,LAVADO 2,Terminada,Sin registro hoy,,,3000.0,2945.0,98.2,124.3,45.0,0,2026-07-13 09:09,2026-07-13 09:09,,,2026-08-17 23:45:56
2026-08-17,SEM/MO/00823 - Despulpado y refinado,PULPEADO,Terminada,Sin registro hoy,,,3240.0,3240.0,100.0,214.4,59.0,0,2026-07-13 14:44,2026-07-13 15:43,,,2026-08-17 23:45:56
2026-08-17,SEM/MO/00819 - Despulpado y refinado,PULPEADO,Terminada,Sin registro hoy,,,2016.0,2016.0,100.0,336.0,133.1,0,2026-07-13 17:58,2026-07-13 20:49,,,2026-08-17 23:45:56
2026-08-17,SEM/MO/00820 - Calentamiento,CALENTAMIENTO,Terminada,Sin registro hoy,,,9720.0,17346.0,178.5,525.6,568.5,0,2026-07-13 20:49,2026-07-15 09:26,,,2026-08-17 23:45:56
2026-08-17,SEM/MO/00824 - Despulpado manual,DESPULPADO MANUAL,Terminada,Sin registro hoy,,,720.0,720.0,100.0,1270.6,546.2,0,2026-07-14 07:38,2026-07-15 09:11,,,2026-08-17 23:45:56
2026-08-17,SEM/MO/00828 - Despulpado y refinado,PULPEADO,Terminada,Sin registro hoy,,,5000.0,7728.0,154.6,511.3,355.1,0,2026-07-14 15:41,2026-07-15 09:14,,,2026-08-17 23:45:56
2026-08-17,SEM/MO/00825 - Despulpado y refinado,PULPEADO,Terminada,Sin registro hoy,,,3000.0,3504.0,116.8,231.8,100.4,0,2026-07-15 06:42,2026-07-16 09:02,,,2026-08-17 23:45:56
2026-08-17,SEM/MO/00826 - Despulpado y refinado,PULPEADO,Terminada,Sin registro hoy,,,320.0,326.0,101.9,54.3,53.3,0,2026-07-15 08:23,2026-07-16 09:05,,,2026-08-17 23:45:56
2026-08-17,SEM/MO/00832 - Pasteurizado,PASTEURIZACIÓN,Terminada,Sin registro hoy,,,1000.0,1048.0,104.8,126.8,181.4,0,2026-07-15 11:02,2026-07-16 09:26,,,2026-08-17 23:45:56
2026-08-17,SEM/MO/00852 - Lavado y desinfección,LAVADO 1,Terminada,Sin registro hoy,,,300.0,484.0,161.3,88.0,44.0,0,2026-07-15 13:38,2026-07-16 09:30,,,2026-08-17 23:45:56
2026-08-17,SEM/MO/00831 - Despulpado y refinado,PULPEADO,Terminada,Sin registro hoy,,,9720.0,9720.0,100.0,405.0,219.5,0,2026-07-15 14:50,2026-07-15 19:43,,,2026-08-17 23:45:56
2026-08-17,SEM/MO/00853 - Despulpado y refinado,PULPEADO,Terminada,Sin registro hoy,,,13000.0,4983.0,38.3,207.6,106.2,0,2026-07-16 07:29,2026-07-17 09:18,,,2026-08-17 23:45:56
2026-08-17,SEM/MO/00762 - Enfundado 1,ENFUNDADO 1,Terminada,Sin registro hoy,,,617.0,613.0,99.4,121.7,75.0,0,2026-07-16 10:15,2026-07-16 10:15,,,2026-08-17 23:45:56
2026-08-17,SEM/MO/00829 - Enfundado 1,ENFUNDADO 1,Terminada,Sin registro hoy,,,2000.0,2000.0,100.0,500.0,137.9,0,2026-07-16 17:51,2026-07-17 09:56,,,2026-08-17 23:45:56
2026-08-17,SEM/MO/00838 - Lavado y desinfección,LAVADO 2,Terminada,Sin registro hoy,,,12960.0,12960.0,100.0,344.4,119.7,0,2026-07-17 07:58,2026-07-17 16:09,,,2026-08-17 23:45:56
2026-08-17,SEM/MO/00835 - Despulpado y refinado,PULPEADO,Terminada,Sin registro hoy,,,4000.0,12268.0,306.7,811.7,310.0,0,2026-07-17 12:03,2026-07-17 12:03,,,2026-08-17 23:45:56
2026-08-17,SEM/MO/00837 - Pelado manual,PELADO MANUAL,Terminada,Sin registro hoy,,,200.0,200.0,100.0,200.0,218.4,0,2026-07-17 15:52,2026-07-20 10:25,,,2026-08-17 23:45:56
2026-08-17,SEM/MO/00839 - Lavado y desinfección,LAVADO 2,Terminada,Sin registro hoy,,,3240.0,3240.0,100.0,136.7,136.7,0,2026-07-17 16:09,2026-07-17 16:09,,,2026-08-17 23:45:56
2026-08-17,SEM/MO/00884 - Despulpado y refinado,PULPEADO,Terminada,Sin registro hoy,,,5000.0,3285.0,65.7,0.0,97.8,0,2026-07-17 18:11,2026-07-20 10:31,,,2026-08-17 23:45:56
2026-08-17,SEM/MO/00890 - Despulpado y refinado,PULPEADO,Terminada,Sin registro hoy,,,1200.0,1348.0,112.3,85.3,74.3,0,2026-07-20 07:01,2026-07-21 08:43,,,2026-08-17 23:45:56
2026-08-17,SEM/MO/00886 - Despulpado y refinado,PULPEADO,Terminada,Sin registro hoy,,,3000.0,4679.0,156.0,309.6,149.7,0,2026-07-20 09:33,2026-07-21 08:53,,,2026-08-17 23:45:56
2026-08-17,SEM/MO/00870 - Envasado Manual,ENVASADO MANUAL,Terminada,Sin registro hoy,,,465.0,465.0,100.0,27.9,35.0,0,2026-07-20 10:38,2026-07-20 10:38,,,2026-08-17 23:45:56
2026-08-17,SEM/MO/00888 - Calentamiento,CALENTAMIENTO,Terminada,Sin registro hoy,,,7000.0,7000.0,100.0,212.1,119.0,0,2026-07-20 17:40,2026-07-20 17:40,,,2026-08-17 23:45:56
2026-08-17,SEM/MO/00887 - Despulpado manual,DESPULPADO MANUAL,Terminada,Sin registro hoy,,,1440.0,1440.0,100.0,2541.2,961.4,0,2026-07-20 17:45,2026-07-23 09:03,,,2026-08-17 23:45:56
2026-08-17,SEM/MO/00903 - Pasteurizado,PASTEURIZACIÓN,Terminada,Sin registro hoy,,,900.0,900.0,100.0,108.9,89.1,0,2026-07-21 09:37,2026-07-21 19:04,,,2026-08-17 23:45:56
2026-08-17,SEM/MO/00907 - Calentamiento,CALENTAMIENTO,Terminada,Sin registro hoy,,,9720.0,9720.0,100.0,294.6,166.3,0,2026-07-21 12:18,2026-07-23 10:17,,,2026-08-17 23:45:56
2026-08-17,SEM/MO/00906 - Despulpado y refinado,PULPEADO,Terminada,Sin registro hoy,,,2000.0,2000.0,100.0,37.9,34.3,0,2026-07-21 16:30,2026-07-22 10:15,,,2026-08-17 23:45:56
2026-08-17,SEM/MO/00905 - Despulpado y refinado,PULPEADO,Terminada,Sin registro hoy,,,2016.0,2106.0,104.5,351.0,168.1,0,2026-07-21 17:04,2026-07-22 10:21,,,2026-08-17 23:45:56
2026-08-17,SEM/MO/00910 - Despulpado y refinado,PULPEADO,Terminada,Sin registro hoy,,,13500.0,6976.0,51.7,290.7,182.3,0,2026-07-22 07:28,2026-07-23 11:07,,,2026-08-17 23:45:56
2026-08-17,SEM/MO/00911 - Lavado y desinfección,LAVADO 2,Terminada,Sin registro hoy,,,14000.0,14000.0,100.0,443.0,14.3,0,2026-07-22 16:44,2026-07-22 16:59,,,2026-08-17 23:45:56
2026-08-17,SEM/MO/00912 - Enfundado 1,ENFUNDADO 1,Terminada,Sin registro hoy,,,2800.0,2800.0,100.0,700.0,280.5,0,2026-07-23 07:16,2026-07-26 15:53,,,2026-08-17 23:45:56
2026-08-17,SEM/MO/00925 - Despulpado y refinado,PULPEADO,Terminada,Sin registro hoy,,,4500.0,4500.0,100.0,187.5,155.9,0,2026-07-23 07:29,2026-07-26 15:50,,,2026-08-17 23:45:56
2026-08-17,SEM/MO/00922 - Lavado y desinfección,LAVADO 1,Terminada,Sin registro hoy,,,400.0,400.0,100.0,72.7,41.6,0,2026-07-23 12:48,2026-07-26 15:48,,,2026-08-17 23:45:56
2026-08-17,SEM/MO/00924 - Despulpado y refinado,PULPEADO,Terminada,Sin registro hoy,,,6000.0,9133.0,152.2,604.3,254.6,0,2026-07-23 18:27,2026-07-27 09:30,,,2026-08-17 23:45:56
2026-08-17,SEM/MO/00833 - Enfundado 1,ENFUNDADO 1,Terminada,Sin registro hoy,,,700.0,974.0,139.1,193.3,85.0,0,2026-07-23 23:09,2026-07-23 23:09,,,2026-08-17 23:45:56
2026-08-17,SEM/MO/00930 - Lavado y desinfección,LAVADO 2,Terminada,Sin registro hoy,,,1400.0,1400.0,100.0,74.4,99.5,0,2026-07-24 12:16,2026-07-27 12:51,,,2026-08-17 23:45:56
2026-08-17,SEM/MO/00927 - Lavado y desinfección,LAVADO 2,Terminada,Sin registro hoy,,,3240.0,3241.0,100.0,86.1,45.4,0,2026-07-24 14:21,2026-07-27 13:07,,,2026-08-17 23:45:56
2026-08-17,SEM/MO/00909 - Despulpado y refinado,PULPEADO,Terminada,Sin registro hoy,,,3000.0,6675.0,222.5,441.7,130.0,0,2026-07-24 14:52,2026-07-27 09:55,,,2026-08-17 23:45:56
2026-08-17,SEM/MO/00926 - Lavado y desinfección,LAVADO 2,Terminada,Sin registro hoy,,,6480.0,9559.0,147.5,403.4,257.8,0,2026-07-24 16:32,2026-07-27 13:09,,,2026-08-17 23:45:56
2026-08-17,SEM/MO/00949 - Despulpado manual,DESPULPADO MANUAL,Terminada,Sin registro hoy,,,1440.0,1440.0,100.0,2541.2,806.9,0,2026-07-27 08:19,2026-07-28 13:59,,,2026-08-17 23:45:56
2026-08-17,SEM/MO/00923 - Despulpado y refinado,PULPEADO,Terminada,Sin registro hoy,,,4700.0,4471.0,95.1,186.3,119.5,0,2026-07-27 13:48,2026-07-30 18:01,,,2026-08-17 23:45:56
2026-08-17,SEM/MO/00986 - Rallado,RALLADO COCO,Terminada,Sin registro hoy,,,2900.0,2900.0,100.0,0.0,301.3,0,2026-07-28 07:19,2026-07-29 09:48,,,2026-08-17 23:45:56
2026-08-17,SEM/MO/00952 - Picado e inspección,RALLADO,Terminada,Sin registro hoy,,,600.0,640.0,106.7,179.7,82.1,0,2026-07-28 08:45,2026-07-29 09:33,,,2026-08-17 23:45:56
2026-08-17,SEM/MO/00987 - Picado,RALLADO,Terminada,Sin registro hoy,,,1050.0,1050.0,100.0,0.0,261.7,0,2026-07-28 10:07,2026-07-29 09:40,,,2026-08-17 23:45:56
2026-08-17,SEM/MO/00969 - Escaldado/descongelado,ESCALDADO,Terminada,Sin registro hoy,,,7000.0,7000.0,100.0,481.7,185.0,0,2026-07-28 12:20,2026-07-28 12:20,,,2026-08-17 23:45:56
2026-08-17,SEM/MO/00989 - Despulpado y refinado,PULPEADO,Terminada,Sin registro hoy,,,9720.0,9720.0,100.0,0.0,155.2,0,2026-07-28 15:00,2026-07-28 20:09,,,2026-08-17 23:45:56
2026-08-17,SEM/MO/00988 - Despulpado y refinado,PULPEADO,Terminada,Sin registro hoy,,,2000.0,2016.0,100.8,0.0,178.2,0,2026-07-28 20:09,2026-07-29 09:24,,,2026-08-17 23:45:56
2026-08-17,SEM/MO/01000 - Rallado,RALLADO COCO,Terminada,Sin registro hoy,,,800.0,800.0,100.0,0.0,183.8,0,2026-07-29 07:17,2026-07-29 12:05,,,2026-08-17 23:45:56
2026-08-17,SEM/MO/01001 - Picado e inspección,RALLADO,Terminada,Sin registro hoy,,,800.0,800.0,100.0,0.0,86.7,0,2026-07-29 07:42,2026-07-29 12:03,,,2026-08-17 23:45:56
2026-08-17,SEM/MO/01003 - Despulpado y refinado,PULPEADO,Terminada,Sin registro hoy,,,4000.0,3842.0,96.0,0.0,148.4,0,2026-07-29 11:31,2026-07-30 09:36,,,2026-08-17 23:45:56
2026-08-17,SEM/MO/01004 - Despulpado y refinado,PULPEADO,Terminada,Sin registro hoy,,,6700.0,6542.0,97.6,0.0,190.0,0,2026-07-29 14:02,2026-07-30 10:48,,,2026-08-17 23:45:56
2026-08-17,SEM/MO/01002 - Lavado y desinfección,LAVADO 1,Terminada,Sin registro hoy,,,500.0,500.0,100.0,0.0,84.3,0,2026-07-29 16:48,2026-07-30 14:09,,,2026-08-17 23:45:56
2026-08-17,SEM/MO/01007 - Lavado y desinfección,LAVADO 2,Terminada,Sin registro hoy,,,1800.0,1800.0,100.0,0.0,44.7,0,2026-07-30 06:15,2026-07-31 14:13,,,2026-08-17 23:45:56
2026-08-17,SEM/MO/01009 - Lavado y desinfección,LAVADO 2,Terminada,Sin registro hoy,,,1800.0,1800.0,100.0,0.0,34.5,0,2026-07-30 06:51,2026-07-31 14:17,,,2026-08-17 23:45:56
2026-08-17,SEM/MO/01020 - Enfundado 1,ENFUNDADO 1,Terminada,Sin registro hoy,,,1400.0,1400.0,100.0,350.0,276.2,0,2026-07-30 09:59,2026-07-30 16:35,,,2026-08-17 23:45:56
2026-08-17,SEM/MO/01021 - Despulpado y refinado,PULPEADO,Terminada,Sin registro hoy,,,504.0,512.0,101.6,34.1,56.0,0,2026-07-30 14:12,2026-07-30 23:36,,,2026-08-17 23:45:56
2026-08-17,SEM/MO/01022 - Pasteurizado,PASTEURIZACIÓN,Terminada,Sin registro hoy,,,4000.0,4000.0,100.0,192.5,181.8,0,2026-07-30 20:37,2026-07-30 23:39,,,2026-08-17 23:45:56
2026-08-17,SEM/MO/01032 - Picado e inspección,RALLADO,Terminada,Sin registro hoy,,,1286.0,1286.0,100.0,361.0,169.1,0,2026-07-31 07:12,2026-07-31 15:53,,,2026-08-17 23:45:56
2026-08-17,SEM/MO/01030 - Lavado y desinfección,LAVADO 2,Terminada,Sin registro hoy,,,1400.0,1400.0,100.0,74.4,96.4,0,2026-07-31 13:31,2026-07-31 19:01,,,2026-08-17 23:45:56
2026-08-17,SEM/MO/01008 - Lavado y desinfección,LAVADO 2,Terminada,Sin registro hoy,,,1300.0,1300.0,100.0,0.0,80.0,0,2026-07-31 14:19,2026-07-31 14:19,,,2026-08-17 23:45:56
2026-08-17,SEM/MO/00955 - Despulpado y refinado,PULPEADO,Terminada,Sin registro hoy,,,1430.0,1430.0,100.0,94.6,60.0,0,2026-07-31 15:26,2026-07-31 15:26,,,2026-08-17 23:45:56
2026-08-17,SEM/MO/01029 - Lavado y desinfección,LAVADO 2,Terminada,Sin registro hoy,,,13000.0,13000.0,100.0,345.4,230.1,0,2026-07-31 15:36,2026-08-03 08:56,,,2026-08-17 23:45:56
2026-08-17,SEM/MO/01031 - Escaldado/descongelado,ESCALDADO,Terminada,Sin registro hoy,,,460.0,460.0,100.0,92.0,50.2,0,2026-07-31 17:50,2026-07-31 18:32,,,2026-08-17 23:45:56
2026-08-17,SEM/MO/01063 - Despulpado y refinado,PULPEADO,Terminada,Sin registro hoy,,,1600.0,1600.0,100.0,266.7,100.0,0,2026-07-31 21:18,2026-07-31 21:18,,,2026-08-17 23:45:56
2026-08-17,SEM/MO/01070 - Pasteurizado,PASTEURIZACIÓN,Terminada,Sin registro hoy,,,7000.0,8820.0,126.0,0.0,212.5,0,2026-08-03 07:24,2026-08-04 08:36,,,2026-08-17 23:45:56
2026-08-17,SEM/MO/01069 - Picado e inspección,RALLADO,Terminada,Sin registro hoy,,,1300.0,1300.0,100.0,0.0,118.5,0,2026-08-03 08:06,2026-08-03 12:44,,,2026-08-17 23:45:56
2026-08-17,SEM/MO/01068 - Pasteurizado,PASTEURIZACIÓN,Terminada,Sin registro hoy,,,2000.0,2008.0,100.4,243.0,234.6,0,2026-08-03 10:48,2026-08-03 10:48,,,2026-08-17 23:45:56
2026-08-17,SEM/MO/01072 - Enfundado 1,ENFUNDADO 1,Terminada,Sin registro hoy,,,1000.0,1353.0,135.3,0.0,188.1,0,2026-08-03 11:15,2026-08-04 08:45,,,2026-08-17 23:45:56
2026-08-17,SEM/MO/01071 - Despulpado y refinado,PULPEADO,Terminada,Sin registro hoy,,,3800.0,3800.0,100.0,0.0,195.3,0,2026-08-03 14:29,2026-08-04 08:49,,,2026-08-17 23:45:56
2026-08-17,SEM/MO/01085 - Despulpado y refinado,PULPEADO,Terminada,Sin registro hoy,,,13000.0,12359.0,95.1,515.0,351.0,0,2026-08-04 06:52,2026-08-05 09:41,,,2026-08-17 23:45:56
2026-08-17,SEM/MO/01084 - Pasteurizado,PASTEURIZACIÓN,Terminada,Sin registro hoy,,,2010.0,2010.0,100.0,243.2,232.3,0,2026-08-04 08:42,2026-08-05 10:01,,,2026-08-17 23:45:56
2026-08-17,SEM/MO/01083 - Calentamiento,CALENTAMIENTO,Terminada,Sin registro hoy,,,2250.0,2250.0,100.0,68.2,256.6,0,2026-08-04 17:48,2026-08-05 17:31,,,2026-08-17 23:45:56
2026-08-17,SEM/MO/01088 - Despulpado y refinado,PULPEADO,Terminada,Sin registro hoy,,,13000.0,11271.0,86.7,0.0,379.1,0,2026-08-05 07:22,2026-08-06 09:44,,,2026-08-17 23:45:56
2026-08-17,SEM/MO/01089 - Picado e inspección,RALLADO,Terminada,Sin registro hoy,,,1800.0,1800.0,100.0,0.0,284.6,0,2026-08-05 07:57,2026-08-05 17:30,,,2026-08-17 23:45:56
2026-08-17,SEM/MO/01090 - Lavado y desinfección,LAVADO 1,Terminada,Sin registro hoy,,,150.0,150.0,100.0,0.0,66.2,0,2026-08-05 14:41,2026-08-05 16:34,,,2026-08-17 23:45:56
2026-08-17,SEM/MO/01092 - Pasteurizado,PASTEURIZACIÓN,Terminada,Sin registro hoy,,,7000.0,7644.0,109.2,0.0,73.9,0,2026-08-05 17:36,2026-08-06 10:20,,,2026-08-17 23:45:56
2026-08-17,SEM/MO/01091 - Envasado Manual,ENVASADO MANUAL,Terminada,Sin registro hoy,,,150.0,150.0,100.0,0.0,23.1,0,2026-08-05 19:07,2026-08-06 10:21,,,2026-08-17 23:45:56
2026-08-17,SEM/MO/01106 - Despulpado y refinado,PULPEADO,Terminada,Sin registro hoy,,,6500.0,6500.0,100.0,270.8,111.1,0,2026-08-06 07:48,2026-08-06 19:15,,,2026-08-17 23:45:56
2026-08-17,SEM/MO/01108 - Despulpado y refinado,PULPEADO,Terminada,Sin registro hoy,,,8100.0,8100.0,100.0,536.0,155.5,0,2026-08-06 09:39,2026-08-06 19:15,,,2026-08-17 23:45:56
2026-08-17,SEM/MO/01121 - Despulpado y refinado,PULPEADO,Terminada,Sin registro hoy,,,3600.0,3600.0,100.0,600.0,283.5,0,2026-08-06 15:29,2026-08-07 09:23,,,2026-08-17 23:45:56
2026-08-17,SEM/MO/01093 - Lavado y desinfección,LAVADO 2,Terminada,Sin registro hoy,,,1400.0,1400.0,100.0,0.0,68.0,0,2026-08-06 16:00,2026-08-07 09:13,,,2026-08-17 23:45:56
2026-08-17,SEM/MO/01122 - Lavado y desinfección,LAVADO 2,Terminada,Sin registro hoy,,,6500.0,4522.0,69.6,190.8,181.4,0,2026-08-07 07:22,2026-08-10 13:03,,,2026-08-17 23:45:56
2026-08-17,SEM/MO/01127 - Picado,RALLADO,Terminada,Sin registro hoy,,,1300.0,1300.0,100.0,228.1,447.8,0,2026-08-07 08:15,2026-08-10 09:25,,,2026-08-17 23:45:56
2026-08-17,SEM/MO/01123 - Lavado y desinfección,LAVADO 2,Terminada,Sin registro hoy,,,1200.0,1200.0,100.0,127.5,68.5,0,2026-08-07 09:21,2026-08-10 13:03,,,2026-08-17 23:45:56
2026-08-17,SEM/MO/01136 - Pasteurizado,PASTEURIZACIÓN,Terminada,Sin registro hoy,,,14000.0,14000.0,100.0,673.7,30.0,0,2026-08-10 10:28,2026-08-10 10:28,,,2026-08-17 23:45:56
2026-08-17,SEM/MO/01137 - Despulpado manual,DESPULPADO MANUAL,Terminada,Sin registro hoy,,,1550.0,1550.0,100.0,2735.3,399.2,0,2026-08-10 14:23,2026-08-10 14:44,,,2026-08-17 23:45:56
2026-08-17,SEM/MO/01144 - Despulpado y refinado,PULPEADO,Terminada,Sin registro hoy,,,10.0,10.0,100.0,1.7,3.2,0,2026-08-10 21:26,2026-08-10 21:26,,,2026-08-17 23:45:56
2026-08-17,SEM/MO/01149 - Despulpado y refinado,PULPEADO,Terminada,Sin registro hoy,,,320.0,368.0,115.0,61.3,35.9,0,2026-08-11 19:03,2026-08-17 13:18,,,2026-08-17 23:45:56
2026-08-17,SEM/MO/01150 - Despulpado y refinado,PULPEADO,Terminada,Sin registro hoy,,,13000.0,13000.0,100.0,541.7,247.9,0,2026-08-12 07:54,2026-08-13 08:50,,,2026-08-17 23:45:56
2026-08-17,SEM/MO/01173 - Enfundado 1,ENFUNDADO 1,Terminada,Sin registro hoy,,,1400.0,1147.0,81.9,286.8,502.7,0,2026-08-12 13:17,2026-08-13 15:50,,,2026-08-17 23:45:56
2026-08-17,SEM/MO/01168 - Pasteurizado,PASTEURIZACIÓN,Terminada,Sin registro hoy,,,5000.0,5000.0,100.0,240.6,261.4,0,2026-08-12 17:16,2026-08-13 15:22,,,2026-08-17 23:45:56
2026-08-17,SEM/MO/01172 - Lavado y desinfección,LAVADO 2,Terminada,Sin registro hoy,,,7000.0,7000.0,100.0,221.5,99.2,0,2026-08-13 07:30,2026-08-14 06:42,,,2026-08-17 23:45:56
2026-08-17,SEM/MO/01183 - Pelado Manual,PELADO MANUAL,Terminada,Sin registro hoy,,,192.0,192.0,100.0,192.0,68.5,0,2026-08-13 09:08,2026-08-13 09:08,,,2026-08-17 23:45:56
2026-08-17,SEM/MO/01177 - Despulpado y refinado,PULPEADO,Terminada,Sin registro hoy,,,3168.0,3168.0,100.0,528.0,384.4,0,2026-08-13 10:05,2026-08-13 10:05,,,2026-08-17 23:45:56
2026-08-17,SEM/MO/01171 - Despulpado y refinado,PULPEADO,Terminada,Sin registro hoy,,,17820.0,17820.0,100.0,1179.1,432.3,0,2026-08-13 10:37,2026-08-14 06:29,,,2026-08-17 23:45:56
2026-08-17,SEM/MO/01151 - Escaldado/descongelado,ESCALDADO,Terminada,Sin registro hoy,,,2512.0,2512.0,100.0,598.1,420.0,0,2026-08-13 15:54,2026-08-14 07:02,,,2026-08-17 23:45:56
2026-08-17,SEM/MO/01169 - Calentamiento,CALENTAMIENTO,Terminada,Sin registro hoy,,,2800.0,2800.0,100.0,84.8,50.0,0,2026-08-13 16:32,2026-08-13 16:32,,,2026-08-17 23:45:56
2026-08-17,SEM/MO/01175 - Lavado y desinfección,LAVADO 2,Terminada,Sin registro hoy,,,1400.0,1401.0,100.1,74.5,8.5,0,2026-08-13 17:33,2026-08-14 06:28,,,2026-08-17 23:45:56
2026-08-17,SEM/MO/01176 - Pasteurizado,PASTEURIZACIÓN,Terminada,Sin registro hoy,,,4100.0,7338.0,179.0,353.1,217.5,0,2026-08-14 07:34,2026-08-17 09:04,,,2026-08-17 23:45:56
2026-08-17,SEM/MO/01174 - Lavado y desinfección,LAVADO 2,Terminada,Sin registro hoy,,,12960.0,10526.0,81.2,444.2,201.5,0,2026-08-14 14:01,2026-08-17 10:12,,,2026-08-17 23:45:56
2026-08-17,SEM/MO/01195 - Pasteurizado,PASTEURIZACIÓN,En progreso,OJEDA MALUSIN VINICIO ALEXANDER,OPERADOR DE PRODUCCION,PRODUCCION,1000.0,0.0,0.0,121.0,148.0,148.0,2026-08-17 08:16,2026-08-17 10:17,2026-08-17 08:16,2026-08-17 11:11,2026-08-17 23:45:56
2026-08-17,SEM/MO/01195 - Pasteurizado,PASTEURIZACIÓN,En progreso,TOGAN MASABANDA ALEX WLADIMIR,OPERADOR DE PRODUCCION,PRODUCCION,1000.0,0.0,0.0,121.0,148.0,0.0,2026-08-17 08:16,2026-08-17 10:17,2026-08-17 11:11,2026-08-17 11:11,2026-08-17 23:45:56
2026-08-17,SEM/MO/01196 - Despulpado manual,DESPULPADO MANUAL,En progreso,TANDALLA TIPANLUISA LUIS GERMAN,OPERADOR DE PRODUCCION,PRODUCCION,1440.0,0.0,0.0,2541.2,580.7,0.0,2026-08-17 08:57,2026-08-22 11:19,2026-08-17 18:38,En curso,2026-08-17 23:45:56
2026-08-17,SEM/MO/01196 - Despulpado manual,DESPULPADO MANUAL,En progreso,AYALA HERRERA LILIANA MARCELA,OPERADOR DE PRODUCCION,PRODUCCION,1440.0,0.0,0.0,2541.2,580.7,9.7,2026-08-17 08:57,2026-08-22 11:19,2026-08-17 14:46,2026-08-17 14:55,2026-08-17 23:45:56
2026-08-17,SEM/MO/01196 - Despulpado manual,DESPULPADO MANUAL,En progreso,ASIPUELA HARO JOEL ASDRUBAL,OPERADOR DE PRODUCCION,PRODUCCION,1440.0,0.0,0.0,2541.2,580.7,0.0,2026-08-17 08:57,2026-08-22 11:19,2026-08-17 16:58,En curso,2026-08-17 23:45:56
2026-08-17,SEM/MO/01196 - Despulpado manual,DESPULPADO MANUAL,En progreso,MUÑOZ RAMOS KEVIN ROLANDO,OPERADOR DE PRODUCCION,PRODUCCION,1440.0,0.0,0.0,2541.2,580.7,0.0,2026-08-17 08:57,2026-08-22 11:19,2026-08-17 15:37,En curso,2026-08-17 23:45:56
2026-08-17,SEM/MO/01196 - Despulpado manual,DESPULPADO MANUAL,En progreso,MANOTO VEGA MELANY BRIGGITHE,OPERADOR DE PRODUCCION,PRODUCCION,1440.0,0.0,0.0,2541.2,580.7,0.0,2026-08-17 08:57,2026-08-22 11:19,2026-08-17 14:19,En curso,2026-08-17 23:45:56
2026-08-17,SEM/MO/01196 - Despulpado manual,DESPULPADO MANUAL,En progreso,TULCAN NAVARRO FERNANDA ARACELY,OPERADOR DE PRODUCCION,PRODUCCION,1440.0,0.0,0.0,2541.2,580.7,0.0,2026-08-17 08:57,2026-08-22 11:19,2026-08-17 14:13,En curso,2026-08-17 23:45:56
2026-08-17,SEM/MO/01196 - Despulpado manual,DESPULPADO MANUAL,En progreso,LANCHIMBA ESCORZA DAYANA PAOLA,OPERADOR DE PRODUCCION,PRODUCCION,1440.0,0.0,0.0,2541.2,580.7,56.4,2026-08-17 08:57,2026-08-22 11:19,2026-08-17 08:57,2026-08-17 12:55,2026-08-17 23:45:56
2026-08-17,SEM/MO/01196 - Despulpado manual,DESPULPADO MANUAL,En progreso,MORA CANENCIA ANA GABRIELA,OPERADOR DE PRODUCCION,PRODUCCION,1440.0,0.0,0.0,2541.2,580.7,55.4,2026-08-17 08:57,2026-08-22 11:19,2026-08-17 09:02,2026-08-17 12:55,2026-08-17 23:45:56
2026-08-17,SEM/MO/01196 - Despulpado manual,DESPULPADO MANUAL,En progreso,UMAQUINGA ANCHAPAXI HIPATIA MARICELA,OPERADOR DE PRODUCCION,PRODUCCION,1440.0,0.0,0.0,2541.2,580.7,188.2,2026-08-17 08:57,2026-08-22 11:19,2026-08-17 09:02,2026-08-17 14:56,2026-08-17 23:45:56
2026-08-17,SEM/MO/01196 - Despulpado manual,DESPULPADO MANUAL,En progreso,CHAVEZ QUISTIAL BRYAN MAURICIO,OPERADOR DE PRODUCCION,PRODUCCION,1440.0,0.0,0.0,2541.2,580.7,239.7,2026-08-17 08:57,2026-08-22 11:19,2026-08-17 10:56,2026-08-17 14:56,2026-08-17 23:45:56
2026-08-17,SEM/MO/01196 - Despulpado manual,DESPULPADO MANUAL,En progreso,TOGAN MASABANDA ALEX WLADIMIR,OPERADOR DE PRODUCCION,PRODUCCION,1440.0,0.0,0.0,2541.2,580.7,65.2,2026-08-17 08:57,2026-08-22 11:19,2026-08-17 09:40,2026-08-17 10:46,2026-08-17 23:45:56
2026-08-17,SEM/MO/01196 - Despulpado manual,DESPULPADO MANUAL,En progreso,ESCORZA ALQUINGA BRITHANY ANAHI,OPERADOR DE PRODUCCION,PRODUCCION,1440.0,0.0,0.0,2541.2,580.7,237.7,2026-08-17 08:57,2026-08-22 11:19,2026-08-17 08:57,2026-08-17 12:55,2026-08-17 23:45:56
2026-08-17,SEM/MO/01200 - Lavado y desinfección,LAVADO 2,Terminada,Sin registro hoy,,,800.0,800.0,100.0,85.0,55.0,0,2026-08-17 10:11,2026-08-17 10:11,,,2026-08-17 23:45:56
2026-08-17,SEM/MO/01198 - Pasteurizado,PASTEURIZACIÓN,En progreso,TANDALLA TIPANLUISA LUIS GERMAN,OPERADOR DE PRODUCCION,PRODUCCION,2000.0,0.0,0.0,96.2,94.0,80.0,2026-08-17 12:07,2026-08-17 14:36,2026-08-17 14:16,2026-08-17 15:36,2026-08-17 23:45:56
2026-08-17,SEM/MO/01198 - Pasteurizado,PASTEURIZACIÓN,En progreso,TOGAN MASABANDA ALEX WLADIMIR,OPERADOR DE PRODUCCION,PRODUCCION,2000.0,0.0,0.0,96.2,94.0,55.2,2026-08-17 12:07,2026-08-17 14:36,2026-08-17 14:02,2026-08-17 14:57,2026-08-17 23:45:56
2026-08-17,SEM/MO/01198 - Pasteurizado,PASTEURIZACIÓN,En progreso,OJEDA MALUSIN VINICIO ALEXANDER,OPERADOR DE PRODUCCION,PRODUCCION,2000.0,0.0,0.0,96.2,94.0,0.4,2026-08-17 12:07,2026-08-17 14:36,2026-08-17 12:07,2026-08-17 12:08,2026-08-17 23:45:56
2026-08-17,SEM/MO/01199 - Calentamiento,CALENTAMIENTO,En progreso,TANDALLA TIPANLUISA LUIS GERMAN,OPERADOR DE PRODUCCION,PRODUCCION,5000.0,0.0,0.0,151.5,232.6,182.4,2026-08-17 12:08,2026-08-17 15:31,2026-08-17 15:36,2026-08-17 18:38,2026-08-17 23:45:56
2026-08-17,SEM/MO/01199 - Calentamiento,CALENTAMIENTO,En progreso,OJEDA MALUSIN VINICIO ALEXANDER,OPERADOR DE PRODUCCION,PRODUCCION,5000.0,0.0,0.0,151.5,232.6,50.2,2026-08-17 12:08,2026-08-17 15:31,2026-08-17 12:08,2026-08-17 12:58,2026-08-17 23:45:56
2026-08-17,SEM/MO/01170 - Enfundado 1,ENFUNDADO 1,Terminada,Sin registro hoy,,,600.0,631.0,105.2,125.2,115.8,0,2026-08-17 16:07,2026-08-17 16:07,,,2026-08-17 23:45:56
2026-08-17,SEM/MO/01146 - Despulpado y refinado,PULPEADO,En progreso,Sin registro hoy,,,9000.0,0.0,0.0,479.5,288.5,0,,,,,2026-08-17 23:45:56
2026-08-17,SEM/MO/01157 - Despulpado manual,DESPULPADO MANUAL,En progreso,Sin registro hoy,,,800.0,0.0,0.0,1411.8,1293.0,0,,,,,2026-08-17 23:45:56
2026-08-17,SEM/MO/00001 - Pasteurizado,PASTEURIZACIÓN,Terminada,Sin registro hoy,,,1500.0,1104.0,73.6,133.6,35.0,0,2026-04-07 09:46,2026-04-07 09:46,,,2026-08-17 23:45:56
2026-08-17,SEM/MO/00003 - Homogenizado,HOMOGENIZACIÓN,Terminada,Sin registro hoy,,,11350.0,11571.0,101.9,114.8,80.0,0,2026-04-07 12:13,2026-04-07 12:13,,,2026-08-17 23:45:56
2026-08-17,SEM/MO/00002 - Calentamiento,CALENTAMIENTO,Terminada,Sin registro hoy,,,9750.0,10806.0,110.8,327.4,220.0,0,2026-04-07 12:29,2026-04-07 12:29,,,2026-08-17 23:45:56
2026-08-17,SEM/MO/00009 - Etiquetado manual,ETIQUETADO,Terminada,Sin registro hoy,,,2600.0,2452.0,94.3,73.6,155.0,0,2026-04-07 12:55,2026-04-07 12:55,,,2026-08-17 23:45:56
2026-08-17,SEM/MO/00016 - Etiquetado manual,ETIQUETADO,Terminada,Sin registro hoy,,,120.0,120.0,100.0,3.6,3.6,0,2026-04-07 13:08,2026-04-07 13:08,,,2026-08-17 23:45:56
2026-08-17,SEM/MO/00014 - Escaldado/descongelado,ESCALDADO,Terminada,Sin registro hoy,,,28500.0,25703.0,90.2,1285.7,410.3,0,2026-04-07 18:29,2026-04-07 18:29,,,2026-08-17 23:45:56
2026-08-17,SEM/MO/00004 - Dosificado manual ,DOSIFICADO MANUAL,Terminada,Sin registro hoy,,,600.0,812.0,135.3,34.1,90.0,0,2026-04-07 18:42,2026-04-07 18:42,,,2026-08-17 23:45:56
2026-08-17,SEM/MO/00020 - Calentamiento,CALENTAMIENTO,Terminada,Sin registro hoy,,,1211.0,1211.0,100.0,36.7,36.7,0,2026-04-07 18:51,2026-04-07 18:51,,,2026-08-17 23:45:56
2026-08-17,SEM/MO/00005 - Dosificado manual ,DOSIFICADO MANUAL,Terminada,Sin registro hoy,,,11000.0,13836.0,125.8,290.4,600.1,0,2026-04-07 18:58,2026-04-07 18:58,,,2026-08-17 23:45:56
2026-08-17,SEM/MO/00022 - Escaldado/descongelado,ESCALDADO,Terminada,Sin registro hoy,,,1004.0,1004.0,100.0,50.2,50.2,0,2026-04-07 19:15,2026-04-07 19:15,,,2026-08-17 23:45:56
2026-08-17,SEM/MO/00025 - Dosificado manual ,DOSIFICADO MANUAL,Terminada,Sin registro hoy,,,2711.0,2711.0,100.0,56.9,56.9,0,2026-04-07 19:22,2026-04-07 19:22,,,2026-08-17 23:45:56
2026-08-17,SEM/MO/00031 - Pasteurizado,PASTEURIZACIÓN,Terminada,Sin registro hoy,,,1040.0,1040.0,100.0,125.8,145.0,0,2026-04-08 18:02,2026-04-08 18:02,,,2026-08-17 23:45:56
2026-08-17,SEM/MO/00023 - Pasteurizado,PASTEURIZACIÓN,Terminada,Sin registro hoy,,,5100.0,5012.0,98.3,241.2,175.0,0,2026-04-08 18:06,2026-04-08 18:06,,,2026-08-17 23:45:56
2026-08-17,SEM/MO/00050 - Dosificado manual ,DOSIFICADO MANUAL,Terminada,Sin registro hoy,,,812.0,812.0,100.0,34.1,90.0,0,2026-04-10 08:37,2026-04-10 08:37,,,2026-08-17 23:45:56
2026-08-17,SEM/MO/00034 - Pasteurizado,PASTEURIZACIÓN,Terminada,Sin registro hoy,,,504.0,376.0,74.6,45.5,10.0,0,2026-04-10 10:25,2026-04-10 10:25,,,2026-08-17 23:45:56
2026-08-17,SEM/MO/00035 - Pasteurizado,PASTEURIZACIÓN,Terminada,Sin registro hoy,,,10000.0,9980.0,99.8,480.2,255.0,0,2026-04-10 11:02,2026-04-10 11:02,,,2026-08-17 23:45:56
2026-08-17,SEM/MO/00033 - Pasteurizado,PASTEURIZACIÓN,Terminada,Sin registro hoy,,,1000.0,843.0,84.3,21.1,10.0,0,2026-04-10 12:42,2026-04-10 12:42,,,2026-08-17 23:45:56
2026-08-17,SEM/MO/00037 - Pasteurizado,PASTEURIZACIÓN,Terminada,Sin registro hoy,,,1000.0,1264.0,126.4,31.6,25.0,0,2026-04-14 11:00,2026-04-14 11:00,,,2026-08-17 23:45:56
2026-08-17,SEM/MO/00053 - Homogenizado,HOMOGENIZACIÓN,Terminada,Sin registro hoy,,,3000.0,1690.0,56.3,16.8,35.0,0,2026-04-14 12:22,2026-04-14 12:22,,,2026-08-17 23:45:56
2026-08-17,SEM/MO/00036 - Homogenizado,HOMOGENIZACIÓN,Terminada,Sin registro hoy,,,8000.0,3381.0,42.3,33.6,35.0,0,2026-04-14 12:23,2026-04-14 12:23,,,2026-08-17 23:45:56
2026-08-17,SEM/MO/00038 - Pasteurizado,PASTEURIZACIÓN,Terminada,Sin registro hoy,,,10000.0,12311.0,123.1,592.4,170.0,0,2026-04-14 12:26,2026-04-14 12:26,,,2026-08-17 23:45:56
2026-08-17,SEM/MO/00039 - Pasteurizado,PASTEURIZACIÓN,Terminada,Sin registro hoy,,,4000.0,3929.0,98.2,189.1,185.0,0,2026-04-14 12:54,2026-04-14 12:54,,,2026-08-17 23:45:56
2026-08-17,SEM/MO/00051 - Pasteurizado,PASTEURIZACIÓN,Terminada,Sin registro hoy,,,1000.0,1238.0,123.8,30.9,10.0,0,2026-04-14 13:05,2026-04-14 13:05,,,2026-08-17 23:45:56
2026-08-17,SEM/MO/00052 - Escaldado/descongelado,ESCALDADO,Terminada,Sin registro hoy,,,16200.0,14577.0,90.0,729.1,355.0,0,2026-04-14 13:11,2026-04-14 13:11,,,2026-08-17 23:45:56
2026-08-17,SEM/MO/00105 - Dosificado manual ,DOSIFICADO MANUAL,Terminada,Sin registro hoy,,,11000.0,11264.0,102.4,236.4,330.0,0,2026-04-16 10:08,2026-04-16 10:08,,,2026-08-17 23:45:56
2026-08-17,SEM/MO/00061 - Dosificado Automático,DOSIFICADO AUTOMÁTICO,Terminada,Sin registro hoy,,,7600.0,7474.0,98.3,373.7,385.0,0,2026-04-16 10:43,2026-04-16 10:43,,,2026-08-17 23:45:56
2026-08-17,SEM/MO/00060 - Dosificado manual ,DOSIFICADO MANUAL,Terminada,Sin registro hoy,,,600.0,1733.0,288.8,72.8,80.0,0,2026-04-16 11:29,2026-04-16 11:29,,,2026-08-17 23:45:56
2026-08-17,SEM/MO/00055 - Dosificado manual ,DOSIFICADO MANUAL,Terminada,Sin registro hoy,,,1200.0,1437.0,119.8,60.3,100.0,0,2026-04-16 11:31,2026-04-16 11:31,,,2026-08-17 23:45:56
2026-08-17,SEM/MO/00059 - Pasteurizado,PASTEURIZACIÓN,Terminada,Sin registro hoy,,,6500.0,6672.0,102.6,321.1,320.0,0,2026-04-16 11:44,2026-04-16 11:44,,,2026-08-17 23:45:56
2026-08-17,SEM/MO/00082 - Calentamiento,CALENTAMIENTO,Terminada,Sin registro hoy,,,16200.0,16178.0,99.9,490.2,420.1,0,2026-04-20 09:05,2026-04-20 09:05,,,2026-08-17 23:45:56
2026-08-17,SEM/MO/00120 - Pasteurizado,PASTEURIZACIÓN,Terminada,Sin registro hoy,,,3800.0,4220.0,111.1,203.1,155.0,0,2026-04-20 09:29,2026-04-20 09:29,,,2026-08-17 23:45:56
2026-08-17,SEM/MO/00078 - Etiquetado manual,ETIQUETADO,Terminada,Sin registro hoy,,,900.0,860.0,95.6,25.8,25.0,0,2026-04-20 09:45,2026-04-20 09:45,,,2026-08-17 23:45:56
2026-08-17,SEM/MO/00109 - Etiquetado manual,ETIQUETADO,Terminada,Sin registro hoy,,,1200.0,1220.0,101.7,36.6,35.0,0,2026-04-20 09:47,2026-04-20 09:47,,,2026-08-17 23:45:56
2026-08-17,SEM/MO/00006 - Dosificado manual ,DOSIFICADO MANUAL,Terminada,Sin registro hoy,,,4000.0,3835.0,95.9,80.5,75.0,0,2026-04-20 09:53,2026-04-20 09:53,,,2026-08-17 23:45:56
2026-08-17,SEM/MO/00127 - Envasado Manual,ENVASADO MANUAL,Terminada,Sin registro hoy,,,810.0,855.0,105.6,51.3,85.0,0,2026-04-21 12:19,2026-04-21 12:19,,,2026-08-17 23:45:56
2026-08-17,SEM/MO/00121 - Pasteurizado,PASTEURIZACIÓN,Terminada,Sin registro hoy,,,1498.0,756.0,50.5,91.5,75.0,0,2026-04-21 12:34,2026-04-21 12:34,,,2026-08-17 23:45:56
2026-08-17,SEM/MO/00129 - Escaldado/descongelado,ESCALDADO,Terminada,Sin registro hoy,,,12960.0,12400.0,95.7,620.2,315.0,0,2026-04-21 12:44,2026-04-21 12:44,,,2026-08-17 23:45:56
2026-08-17,SEM/MO/00062 - Dosificado manual ,DOSIFICADO MANUAL,Terminada,Sin registro hoy,,,12000.0,11730.0,97.8,246.2,285.3,0,2026-04-21 12:51,2026-04-21 12:51,,,2026-08-17 23:45:56
2026-08-17,SEM/MO/00115 - Envasado Manual,ENVASADO MANUAL,Terminada,Sin registro hoy,,,700.0,752.0,107.4,45.1,185.0,0,2026-04-21 14:10,2026-04-21 14:10,,,2026-08-17 23:45:56
2026-08-17,SEM/MO/00128 - Homogenizado,HOMOGENIZACIÓN,Terminada,Sin registro hoy,,,2600.0,3349.0,128.8,33.2,125.0,0,2026-04-21 15:50,2026-04-21 15:50,,,2026-08-17 23:45:56
2026-08-17,SEM/MO/00130 - Pasteurizado,PASTEURIZACIÓN,Terminada,Sin registro hoy,,,336.0,368.0,109.5,44.5,10.0,0,2026-04-21 16:02,2026-04-21 16:02,,,2026-08-17 23:45:56
2026-08-17,SEM/MO/00081 - Homogenizado,HOMOGENIZACIÓN,Terminada,Sin registro hoy,,,4500.0,5044.0,112.1,50.1,225.0,0,2026-04-21 16:23,2026-04-21 16:23,,,2026-08-17 23:45:56
2026-08-17,SEM/MO/00145 - Pasteurizado,PASTEURIZACIÓN,Terminada,Sin registro hoy,,,1300.0,2302.0,177.1,110.8,50.0,0,2026-04-21 17:47,2026-04-21 17:47,,,2026-08-17 23:45:56
2026-08-17,SEM/MO/00146 - Dosificado manual ,DOSIFICADO MANUAL,Terminada,Sin registro hoy,,,11000.0,12574.0,114.3,263.9,425.0,0,2026-04-21 18:29,2026-04-21 18:29,,,2026-08-17 23:45:56
2026-08-17,SEM/MO/00147 - Dosificado manual ,DOSIFICADO MANUAL,Terminada,Sin registro hoy,,,800.0,368.0,46.0,15.4,45.0,0,2026-04-21 18:50,2026-04-21 18:50,,,2026-08-17 23:45:56
2026-08-17,SEM/MO/00122 - Pasteurizado,PASTEURIZACIÓN,Terminada,Sin registro hoy,,,650.0,616.0,94.8,74.5,55.0,0,2026-04-21 22:47,2026-04-21 22:47,,,2026-08-17 23:45:56
2026-08-17,SEM/MO/00169 - Pasteurizado,PASTEURIZACIÓN,Terminada,Sin registro hoy,,,516.0,408.0,79.1,49.4,30.0,0,2026-04-22 12:28,2026-04-22 12:28,,,2026-08-17 23:45:56
2026-08-17,SEM/MO/00171 - Homogenizado,HOMOGENIZACIÓN,Terminada,Sin registro hoy,,,10000.0,2578.0,25.8,25.6,35.0,0,2026-04-23 09:05,2026-04-23 09:05,,,2026-08-17 23:45:56
2026-08-17,SEM/MO/00170 - Calentamiento,CALENTAMIENTO,Terminada,Sin registro hoy,,,10300.0,10283.0,99.8,311.6,200.0,0,2026-04-23 09:08,2026-04-23 09:08,,,2026-08-17 23:45:56
2026-08-17,SEM/MO/00173 - Despulpado y refinado,PULPEADO,Terminada,Sin registro hoy,,,1120.0,1360.0,121.4,226.7,90.0,0,2026-04-24 00:58,2026-04-24 00:58,,,2026-08-17 23:45:56
2026-08-17,SEM/MO/00179 - Envasado Manual,ENVASADO MANUAL,Terminada,Sin registro hoy,,,2000.0,2012.0,100.6,120.7,305.0,0,2026-04-24 12:10,2026-04-24 12:10,,,2026-08-17 23:45:56
2026-08-17,SEM/MO/00177 - Homogenizado,HOMOGENIZACIÓN,Terminada,Sin registro hoy,,,9000.0,8642.0,96.0,54.0,60.0,0,2026-04-24 12:11,2026-04-24 12:11,,,2026-08-17 23:45:56
2026-08-17,SEM/MO/00144 - Despulpado y refinado,PULPEADO,Terminada,Sin registro hoy,,,144.0,144.0,100.0,24.0,40.0,0,2026-04-24 15:37,2026-04-24 15:37,,,2026-08-17 23:45:56
2026-08-17,SEM/MO/00203 - Despulpado y refinado,PULPEADO,Terminada,Sin registro hoy,,,1312.0,1312.0,100.0,218.7,90.0,0,2026-04-24 15:48,2026-04-24 15:48,,,2026-08-17 23:45:56
2026-08-17,SEM/MO/00200 - Pasteurizado,PASTEURIZACIÓN,Terminada,Sin registro hoy,,,4700.0,4257.0,90.6,129.0,110.0,0,2026-04-27 19:53,2026-04-27 19:53,,,2026-08-17 23:45:56
2026-08-17,SEM/MO/00198 - Calentamiento,CALENTAMIENTO,Terminada,Sin registro hoy,,,11500.0,11538.0,100.3,349.6,190.0,0,2026-04-27 20:22,2026-04-27 20:22,,,2026-08-17 23:45:56
2026-08-17,SEM/MO/00209 - Calentamiento,CALENTAMIENTO,Terminada,Sin registro hoy,,,32940.0,32940.0,100.0,998.2,810.1,0,2026-04-27 23:26,2026-04-27 23:26,,,2026-08-17 23:45:56
2026-08-17,SEM/MO/00221 - Pasteurizado,PASTEURIZACIÓN,Terminada,Sin registro hoy,,,1300.0,1360.0,104.6,164.6,160.0,0,2026-04-30 13:32,2026-04-30 13:32,,,2026-08-17 23:45:56
2026-08-17,SEM/MO/00168 - Homogenizado,HOMOGENIZACIÓN,Terminada,Sin registro hoy,,,11100.0,9813.0,88.4,61.3,120.0,0,2026-04-30 13:40,2026-04-30 13:40,,,2026-08-17 23:45:56
2026-08-17,SEM/MO/00214 - Escaldado/descongelado,ESCALDADO,Terminada,Sin registro hoy,,,14000.0,13966.0,99.8,698.6,315.1,0,2026-04-30 14:21,2026-04-30 14:21,,,2026-08-17 23:45:56
2026-08-17,SEM/MO/00222 - Dosificado manual ,DOSIFICADO MANUAL,Terminada,Sin registro hoy,,,8000.0,8063.0,100.8,169.2,320.0,0,2026-04-30 15:46,2026-04-30 15:46,,,2026-08-17 23:45:56
2026-08-17,SEM/MO/00218 - Dosificado manual ,DOSIFICADO MANUAL,Terminada,Sin registro hoy,,,13000.0,13132.0,101.0,275.6,425.1,0,2026-04-30 16:14,2026-04-30 16:14,,,2026-08-17 23:45:56
2026-08-17,SEM/MO/00225 - Pasteurizado,PASTEURIZACIÓN,Terminada,Sin registro hoy,,,2800.0,2120.0,75.7,256.5,200.0,0,2026-04-30 16:59,2026-04-30 16:59,,,2026-08-17 23:45:56
2026-08-17,SEM/MO/00180 - Pasteurizado,PASTEURIZACIÓN,Terminada,Sin registro hoy,,,3510.0,2376.0,67.7,287.5,240.0,0,2026-04-30 17:08,2026-04-30 17:08,,,2026-08-17 23:45:56
2026-08-17,SEM/MO/00231 - Pasteurizado,PASTEURIZACIÓN,Terminada,Sin registro hoy,,,1080.0,1098.0,101.7,132.9,25.0,0,2026-05-04 04:52,2026-05-04 04:52,,,2026-08-17 23:45:56
2026-08-17,SEM/MO/00232 - Pasteurizado,PASTEURIZACIÓN,Terminada,Sin registro hoy,,,400.0,592.0,148.0,71.6,25.0,0,2026-05-04 04:53,2026-05-04 04:53,,,2026-08-17 23:45:56
2026-08-17,SEM/MO/00234 - Pasteurizado,PASTEURIZACIÓN,Terminada,Sin registro hoy,,,6700.0,9700.0,144.8,293.9,45.0,0,2026-05-04 16:57,2026-05-04 16:57,,,2026-08-17 23:45:56
2026-08-17,SEM/MO/00233 - Dosificado manual ,DOSIFICADO MANUAL,Terminada,Sin registro hoy,,,6700.0,7302.0,109.0,153.3,254.4,0,2026-05-04 17:03,2026-05-04 17:03,,,2026-08-17 23:45:56
2026-08-17,SEM/MO/00235 - Calentamiento,CALENTAMIENTO,Terminada,Sin registro hoy,,,3501.0,3501.0,100.0,106.1,45.0,0,2026-05-04 17:12,2026-05-04 17:12,,,2026-08-17 23:45:56
2026-08-17,SEM/MO/00236 - Homogenizado,HOMOGENIZACIÓN,Terminada,Sin registro hoy,,,8000.0,6853.0,85.7,42.8,35.0,0,2026-05-04 17:24,2026-05-04 17:24,,,2026-08-17 23:45:56
2026-08-17,SEM/MO/00230 - Envasado Manual,ENVASADO MANUAL,Terminada,Sin registro hoy,,,600.0,600.0,100.0,36.0,30.1,0,2026-05-04 17:25,2026-05-04 17:25,,,2026-08-17 23:45:56
2026-08-17,SEM/MO/00254 - Pasteurizado,PASTEURIZACIÓN,Terminada,Sin registro hoy,,,13000.0,12724.0,97.9,385.6,280.0,0,2026-05-05 08:30,2026-05-05 08:30,,,2026-08-17 23:45:56
2026-08-17,SEM/MO/00253 - Envasado Manual,ENVASADO MANUAL,Terminada,Sin registro hoy,,,450.0,480.0,106.7,28.8,40.0,0,2026-05-05 08:46,2026-05-05 08:46,,,2026-08-17 23:45:56
2026-08-17,SEM/MO/00252 - Escaldado/descongelado,ESCALDADO,Terminada,Sin registro hoy,,,9800.0,9794.0,99.9,489.9,290.0,0,2026-05-05 09:11,2026-05-05 09:11,,,2026-08-17 23:45:56
2026-08-17,SEM/MO/00270 - Pasteurizado,PASTEURIZACIÓN,Terminada,Sin registro hoy,,,20.0,20.0,100.0,2.4,25.0,0,2026-05-05 12:07,2026-05-05 12:07,,,2026-08-17 23:45:56
2026-08-17,SEM/MO/00267 - Calentamiento,CALENTAMIENTO,Terminada,Sin registro hoy,,,16500.0,16442.0,99.6,498.2,260.0,0,2026-05-05 12:41,2026-05-05 12:41,,,2026-08-17 23:45:56
2026-08-17,SEM/MO/00266 - Homogenizado,HOMOGENIZACIÓN,Terminada,Sin registro hoy,,,2500.0,889.0,35.6,8.8,25.0,0,2026-05-05 12:42,2026-05-05 12:42,,,2026-08-17 23:45:56
2026-08-17,SEM/MO/00265 - Pasteurizado,PASTEURIZACIÓN,Terminada,Sin registro hoy,,,320.0,320.0,100.0,38.7,35.0,0,2026-05-05 12:44,2026-05-05 12:44,,,2026-08-17 23:45:56
2026-08-17,SEM/MO/00278 - Pasteurizado,PASTEURIZACIÓN,Terminada,Sin registro hoy,,,14000.0,6171.0,44.1,297.0,255.0,0,2026-05-07 14:17,2026-05-07 14:17,,,2026-08-17 23:45:56
2026-08-17,SEM/MO/00286 - Dosificado manual ,DOSIFICADO MANUAL,Terminada,Sin registro hoy,,,3000.0,2990.0,99.7,62.8,240.0,0,2026-05-07 14:57,2026-05-07 14:57,,,2026-08-17 23:45:56
2026-08-17,SEM/MO/00305 - Pasteurizado,PASTEURIZACIÓN,Terminada,Sin registro hoy,,,4500.0,4228.0,94.0,203.5,165.0,0,2026-05-11 15:54,2026-05-11 15:54,,,2026-08-17 23:45:56
2026-08-17,SEM/MO/00298 - Envasado Manual,ENVASADO MANUAL,Terminada,Sin registro hoy,,,1000.0,910.0,91.0,54.6,140.0,0,2026-05-11 16:17,2026-05-11 16:17,,,2026-08-17 23:45:56
2026-08-17,SEM/MO/00313 - Escaldado/descongelado,ESCALDADO,Terminada,Sin registro hoy,,,10000.0,3519.0,35.2,279.5,125.0,0,2026-05-11 17:07,2026-05-18 14:21,,,2026-08-17 23:45:56
2026-08-17,SEM/MO/00312 - Despulpado y refinado,PULPEADO,Terminada,Sin registro hoy,,,1000.0,1100.0,110.0,183.3,120.0,0,2026-05-12 08:53,2026-05-12 08:53,,,2026-08-17 23:45:56
2026-08-17,SEM/MO/00288 - Dosificado manual ,DOSIFICADO MANUAL,Terminada,Sin registro hoy,,,1200.0,2256.0,188.0,94.7,480.0,0,2026-05-13 03:51,2026-05-13 03:51,,,2026-08-17 23:45:56
2026-08-17,SEM/MO/00282 - Pasteurizado,PASTEURIZACIÓN,Terminada,Sin registro hoy,,,2520.0,3033.0,120.4,145.9,100.0,0,2026-05-13 04:02,2026-05-13 04:02,,,2026-08-17 23:45:56
2026-08-17,SEM/MO/00297 - Pasteurizado,PASTEURIZACIÓN,Terminada,Sin registro hoy,,,994.0,980.0,98.6,118.6,95.0,0,2026-05-13 04:23,2026-05-13 04:23,,,2026-08-17 23:45:56
2026-08-17,SEM/MO/00316 - Picado,RALLADO,Terminada,Sin registro hoy,,,150.0,104.0,69.3,18.2,160.0,0,2026-05-13 05:08,2026-05-13 05:08,,,2026-08-17 23:45:56
2026-08-17,SEM/MO/00315 - Despulpado y refinado,PULPEADO,Terminada,Sin registro hoy,,,64.0,64.0,100.0,10.7,15.0,0,2026-05-13 05:10,2026-05-13 05:10,,,2026-08-17 23:45:56
2026-08-17,SEM/MO/00317 - Pasteurizado,PASTEURIZACIÓN,Terminada,Sin registro hoy,,,4000.0,1851.0,46.3,89.1,75.0,0,2026-05-13 05:14,2026-05-13 05:14,,,2026-08-17 23:45:56
2026-08-17,SEM/MO/00314 - Escaldado/descongelado,ESCALDADO,Terminada,Sin registro hoy,,,200.0,200.0,100.0,10.0,10.0,0,2026-05-13 08:33,2026-05-13 08:33,,,2026-08-17 23:45:56
2026-08-17,SEM/MO/00323 - Homogenizado,HOMOGENIZACIÓN,Terminada,Sin registro hoy,,,10000.0,9105.0,91.0,90.4,320.0,0,2026-05-13 09:10,2026-05-13 09:10,,,2026-08-17 23:45:56
2026-08-17,SEM/MO/00324-001 - Calentamiento,CALENTAMIENTO,Terminada,Sin registro hoy,,,2989.0,2989.0,100.0,90.6,135.0,0,2026-05-13 09:11,2026-05-13 09:11,,,2026-08-17 23:45:56
2026-08-17,SEM/MO/00336 - Etiquetado manual,ETIQUETADO,Terminada,Sin registro hoy,,,1600.0,1601.0,100.1,48.0,70.0,0,2026-05-13 13:48,2026-05-13 13:48,,,2026-08-17 23:45:56
2026-08-17,SEM/MO/00326 - Despulpado y refinado,PULPEADO,Terminada,Sin registro hoy,,,3520.0,4160.0,118.2,693.3,470.0,0,2026-05-13 13:53,2026-05-13 13:53,,,2026-08-17 23:45:56
2026-08-17,SEM/MO/00311 - Pasteurizado,PASTEURIZACIÓN,Terminada,Sin registro hoy,,,5000.0,3588.0,71.8,108.7,95.0,0,2026-05-13 14:04,2026-05-13 14:04,,,2026-08-17 23:45:56
2026-08-17,SEM/MO/00331 - Pasteurizado,PASTEURIZACIÓN,Terminada,Sin registro hoy,,,320.0,320.0,100.0,38.7,20.0,0,2026-05-14 20:40,2026-05-14 20:40,,,2026-08-17 23:45:56
2026-08-17,SEM/MO/00306 - Homogenizado,HOMOGENIZACIÓN,Terminada,Sin registro hoy,,,10000.0,9320.0,93.2,92.5,495.0,0,2026-05-15 15:27,2026-05-15 15:27,,,2026-08-17 23:45:56
2026-08-17,SEM/MO/00310 - Pasteurizado,PASTEURIZACIÓN,Terminada,Sin registro hoy,,,14000.0,12024.0,85.9,578.6,375.0,0,2026-05-15 15:44,2026-05-15 15:44,,,2026-08-17 23:45:56
2026-08-17,SEM/MO/00325 - Dosificado manual ,DOSIFICADO MANUAL,Terminada,Sin registro hoy,,,600.0,758.0,126.3,31.8,72.1,0,2026-05-18 06:45,2026-05-18 06:45,,,2026-08-17 23:45:56
2026-08-17,SEM/MO/00348 - Pasteurizado,PASTEURIZACIÓN,Terminada,Sin registro hoy,,,1000.0,800.0,80.0,96.8,75.0,0,2026-05-18 06:49,2026-05-18 06:49,,,2026-08-17 23:45:56
2026-08-17,SEM/MO/00349 - Calentamiento,CALENTAMIENTO,Terminada,Sin registro hoy,,,500.0,499.0,99.8,15.1,15.0,0,2026-05-18 07:21,2026-05-18 07:21,,,2026-08-17 23:45:56
2026-08-17,SEM/MO/00353 - Pasteurizado,PASTEURIZACIÓN,Terminada,Sin registro hoy,,,14000.0,9695.0,69.2,466.5,315.0,0,2026-05-18 11:14,2026-05-18 11:14,,,2026-08-17 23:45:56
2026-08-17,SEM/MO/00334 - Dosificado manual ,DOSIFICADO MANUAL,Terminada,Sin registro hoy,,,4500.0,4556.0,101.2,95.6,195.0,0,2026-05-18 14:28,2026-05-18 14:28,,,2026-08-17 23:45:56
2026-08-17,SEM/MO/00333 - Homogenizado,HOMOGENIZACIÓN,Terminada,Sin registro hoy,,,12000.0,6084.0,50.7,60.4,89.5,0,2026-05-18 22:26,2026-05-18 22:26,,,2026-08-17 23:45:56
2026-08-17,SEM/MO/00366 - Homogenizado,HOMOGENIZACIÓN,Terminada,Sin registro hoy,,,3500.0,2829.0,80.8,28.1,30.0,0,2026-05-18 22:31,2026-05-18 22:31,,,2026-08-17 23:45:56
2026-08-17,SEM/MO/00357 - Escaldado/descongelado,ESCALDADO,Terminada,Sin registro hoy,,,6500.0,7677.0,118.1,609.8,330.0,0,2026-05-18 23:20,2026-05-18 23:20,,,2026-08-17 23:45:56
2026-08-17,SEM/MO/00350 - Pasteurizado,PASTEURIZACIÓN,Terminada,Sin registro hoy,,,432.0,432.0,100.0,52.3,20.0,0,2026-05-19 00:30,2026-05-19 00:30,,,2026-08-17 23:45:56
2026-08-17,SEM/MO/00352 - Pasteurizado,PASTEURIZACIÓN,Terminada,Sin registro hoy,,,1008.0,938.0,93.1,113.5,125.0,0,2026-05-19 00:35,2026-05-19 00:35,,,2026-08-17 23:45:56
2026-08-17,SEM/MO/00358 - Envasado Manual,ENVASADO MANUAL,Terminada,Sin registro hoy,,,1050.0,1125.0,107.1,67.5,85.0,0,2026-05-19 11:23,2026-05-19 11:23,,,2026-08-17 23:45:56
2026-08-17,SEM/MO/00332 - Homogenizado,HOMOGENIZACIÓN,Terminada,Sin registro hoy,,,7500.0,7639.0,101.9,75.8,60.0,0,2026-05-19 15:18,2026-05-19 15:18,,,2026-08-17 23:45:56
2026-08-17,SEM/MO/00356 - Envasado Manual,ENVASADO MANUAL,Terminada,Sin registro hoy,,,1000.0,968.0,96.8,58.1,180.0,0,2026-05-19 15:26,2026-05-19 15:26,,,2026-08-17 23:45:56
2026-08-17,SEM/MO/00380 - Envasado Manual,ENVASADO MANUAL,Terminada,Sin registro hoy,,,600.0,675.0,112.5,40.5,185.0,0,2026-05-19 15:55,2026-05-19 15:55,,,2026-08-17 23:45:56
2026-08-17,SEM/MO/00379 - Homogenizado,HOMOGENIZACIÓN,Terminada,Sin registro hoy,,,12000.0,13144.0,109.5,130.4,360.0,0,2026-05-19 17:15,2026-05-19 17:15,,,2026-08-17 23:45:56
2026-08-17,SEM/MO/00399 - Escaldado/descongelado,ESCALDADO,Terminada,Sin registro hoy,,,8000.0,8000.0,100.0,635.5,248.7,0,2026-05-21 06:18,2026-05-21 21:58,,,2026-08-17 23:45:56
2026-08-17,SEM/MO/00382 - Pasteurizado,PASTEURIZACIÓN,Terminada,Sin registro hoy,,,4040.0,4000.0,99.0,484.0,235.1,0,2026-05-21 14:21,2026-05-21 14:21,,,2026-08-17 23:45:56
2026-08-17,SEM/MO/00392 - Envasado Manual,ENVASADO MANUAL,Terminada,Sin registro hoy,,,315.0,345.0,109.5,20.7,15.0,0,2026-05-21 15:04,2026-05-21 15:04,,,2026-08-17 23:45:56
2026-08-17,SEM/MO/00404 - Pasteurizado,PASTEURIZACIÓN,Terminada,Sin registro hoy,,,404.0,404.0,100.0,48.9,35.0,0,2026-05-21 21:38,2026-05-21 21:38,,,2026-08-17 23:45:56
2026-08-17,SEM/MO/00391 - Pasteurizado,PASTEURIZACIÓN,Terminada,Sin registro hoy,,,1200.0,1320.0,110.0,159.7,45.0,0,2026-05-21 21:41,2026-05-21 21:41,,,2026-08-17 23:45:56
2026-08-17,SEM/MO/00389 - Pasteurizado,PASTEURIZACIÓN,Terminada,Sin registro hoy,,,2016.0,2286.0,113.4,276.6,75.0,0,2026-05-21 21:47,2026-05-21 21:47,,,2026-08-17 23:45:56
2026-08-17,SEM/MO/00395 - Despepado,DESPEPADO,Terminada,Sin registro hoy,,,400.0,250.0,62.5,227.3,235.2,0,2026-05-22 06:51,2026-05-26 15:06,,,2026-08-17 23:45:56
2026-08-17,SEM/MO/00396 - Pasteurizado,PASTEURIZACIÓN,Terminada,Sin registro hoy,,,14000.0,9644.0,68.9,464.1,391.8,0,2026-05-22 08:56,2026-05-26 17:33,,,2026-08-17 23:45:56
2026-08-17,SEM/MO/00388 - Homogenizado,HOMOGENIZACIÓN,Terminada,Sin registro hoy,,,7500.0,7977.0,106.4,79.2,260.0,0,2026-05-22 11:29,2026-05-25 17:47,,,2026-08-17 23:45:56
2026-08-17,SEM/MO/00398 - Pasteurizado,PASTEURIZACIÓN,Terminada,Sin registro hoy,,,480.0,552.0,115.0,66.8,15.0,0,2026-05-24 08:49,2026-05-25 21:09,,,2026-08-17 23:45:56
2026-08-17,SEM/MO/00381 - Pasteurizado,PASTEURIZACIÓN,Terminada,Sin registro hoy,,,12000.0,11834.0,98.6,569.5,795.1,0,2026-05-25 17:38,2026-05-25 17:38,,,2026-08-17 23:45:56
2026-08-17,SEM/MO/00418 - Pasteurizado,PASTEURIZACIÓN,Terminada,Sin registro hoy,,,1200.0,1360.0,113.3,164.6,120.9,0,2026-05-26 08:10,2026-05-28 15:32,,,2026-08-17 23:45:56
2026-08-17,SEM/MO/00413 - Escaldado/descongelado,ESCALDADO,Terminada,Sin registro hoy,,,800.0,800.0,100.0,160.1,110.0,0,2026-05-26 08:56,2026-05-26 08:56,,,2026-08-17 23:45:56
2026-08-17,SEM/MO/00414 - Escaldado/descongelado,ESCALDADO,Terminada,Sin registro hoy,,,304.0,304.0,100.0,60.8,109.0,0,2026-05-26 09:11,2026-05-26 09:11,,,2026-08-17 23:45:56
2026-08-17,SEM/MO/00409 - Homogenizado,HOMOGENIZACIÓN,Terminada,Sin registro hoy,,,11300.0,5238.0,46.4,52.0,170.0,0,2026-05-26 10:14,2026-05-28 15:22,,,2026-08-17 23:45:56
2026-08-17,SEM/MO/00419 - Pasteurizado,PASTEURIZACIÓN,Terminada,Sin registro hoy,,,14000.0,8345.0,59.6,401.6,360.4,0,2026-05-26 10:54,2026-05-29 05:45,,,2026-08-17 23:45:56
2026-08-17,SEM/MO/00427 - Pasteurizado,PASTEURIZACIÓN,Terminada,Sin registro hoy,,,1760.0,1760.0,100.0,213.0,160.0,0,2026-05-26 17:30,2026-05-26 17:30,,,2026-08-17 23:45:56
2026-08-17,SEM/MO/00439 - Dosificado manual ,DOSIFICADO MANUAL,Terminada,Sin registro hoy,,,6000.0,6000.0,100.0,125.9,219.6,0,2026-05-27 16:08,2026-05-27 17:31,,,2026-08-17 23:45:56
2026-08-17,SEM/MO/00440 - Pasteurizado,PASTEURIZACIÓN,Terminada,Sin registro hoy,,,1504.0,1504.0,100.0,182.0,83.8,0,2026-05-27 18:07,2026-05-30 12:17,,,2026-08-17 23:45:56
2026-08-17,SEM/MO/00444 - Escaldado/descongelado,ESCALDADO,Terminada,Sin registro hoy,,,8400.0,7811.0,93.0,620.4,142.0,0,2026-05-28 09:46,2026-05-30 15:26,,,2026-08-17 23:45:56
2026-08-17,SEM/MO/00446 - Homogenizado,HOMOGENIZACIÓN,Terminada,Sin registro hoy,,,12000.0,14899.0,124.2,147.9,280.0,0,2026-05-28 15:19,2026-05-31 00:16,,,2026-08-17 23:45:56
2026-08-17,SEM/MO/00441 - Pasteurizado,PASTEURIZACIÓN,Terminada,Sin registro hoy,,,590.0,602.0,102.0,72.8,15.0,0,2026-05-28 15:44,2026-05-30 12:14,,,2026-08-17 23:45:56
2026-08-17,SEM/MO/00450 - Envasado Manual,ENVASADO MANUAL,Terminada,Sin registro hoy,,,1600.0,1744.0,109.0,104.6,210.4,0,2026-05-29 07:23,2026-05-31 00:24,,,2026-08-17 23:45:56
2026-08-17,SEM/MO/00451 - Pasteurizado,PASTEURIZACIÓN,Terminada,Sin registro hoy,,,7500.0,8369.0,111.6,402.7,115.9,0,2026-05-29 07:49,2026-05-31 16:28,,,2026-08-17 23:45:56
2026-08-17,SEM/MO/00452 - Pasteurizado,PASTEURIZACIÓN,Terminada,Sin registro hoy,,,14000.0,9788.0,69.9,471.0,342.5,0,2026-05-29 15:23,2026-05-31 20:13,,,2026-08-17 23:45:56
2026-08-17,SEM/MO/00466 - Pasteurizado,PASTEURIZACIÓN,Terminada,Sin registro hoy,,,1600.0,2375.0,148.4,287.4,151.4,0,2026-05-29 20:36,2026-05-31 17:04,,,2026-08-17 23:45:56
2026-08-17,SEM/MO/00471 - Envasado Manual,ENVASADO MANUAL,Terminada,Sin registro hoy,,,704.0,800.0,113.6,48.0,82.5,0,2026-06-01 08:44,2026-06-01 16:49,,,2026-08-17 23:45:56
2026-08-17,SEM/MO/00468 - Homogenizado,HOMOGENIZACIÓN,Terminada,Sin registro hoy,,,13000.0,14164.0,109.0,140.6,370.0,0,2026-06-01 12:58,2026-06-02 13:56,,,2026-08-17 23:45:56
2026-08-17,SEM/MO/00472 - Pasteurizado,PASTEURIZACIÓN,Terminada,Sin registro hoy,,,10.0,10.0,100.0,1.2,10.3,0,2026-06-01 20:55,2026-06-03 09:11,,,2026-08-17 23:45:56
2026-08-17,SEM/MO/00470 - Dosificado manual ,DOSIFICADO MANUAL,Terminada,Sin registro hoy,,,6000.0,10090.0,168.2,211.8,503.9,0,2026-06-01 21:48,2026-06-02 17:36,,,2026-08-17 23:45:56
2026-08-17,SEM/MO/00488 - Pasteurizado,PASTEURIZACIÓN,Terminada,Sin registro hoy,,,7600.0,7015.0,92.3,337.6,259.0,0,2026-06-02 13:36,2026-06-03 09:29,,,2026-08-17 23:45:56
2026-08-17,SEM/MO/00490 - Pasteurizado,PASTEURIZACIÓN,Terminada,Sin registro hoy,,,512.0,512.0,100.0,62.0,40.7,0,2026-06-02 14:39,2026-06-09 08:22,,,2026-08-17 23:45:56
2026-08-17,SEM/MO/00496 - Pasteurizado,PASTEURIZACIÓN,Terminada,Sin registro hoy,,,14000.0,14000.0,100.0,673.7,124.8,0,2026-06-02 18:40,2026-06-03 08:31,,,2026-08-17 23:45:56
2026-08-17,SEM/MO/00497 - Pasteurizado,PASTEURIZACIÓN,Terminada,Sin registro hoy,,,1400.0,1470.0,105.0,177.9,100.2,0,2026-06-03 08:19,2026-06-04 09:29,,,2026-08-17 23:45:56
2026-08-17,SEM/MO/00508 - Pasteurizado,PASTEURIZACIÓN,Terminada,Sin registro hoy,,,14000.0,29161.0,208.3,1403.3,1024.2,0,2026-06-03 08:32,2026-06-08 12:56,,,2026-08-17 23:45:56
2026-08-17,SEM/MO/00489 - Dosificado manual ,DOSIFICADO MANUAL,Terminada,Sin registro hoy,,,24000.0,1345.0,5.6,28.2,34.0,0,2026-06-04 19:09,2026-06-09 08:22,,,2026-08-17 23:45:56
2026-08-17,SEM/MO/00513 - Escaldado/descongelado,ESCALDADO,Terminada,Sin registro hoy,,,14000.0,14000.0,100.0,700.3,331.8,0,2026-06-05 07:48,2026-06-05 17:55,,,2026-08-17 23:45:56
2026-08-17,SEM/MO/00511 - Envasado Manual,ENVASADO MANUAL,Terminada,Sin registro hoy,,,1600.0,1600.0,100.0,96.0,266.4,0,2026-06-05 07:49,2026-06-05 15:23,,,2026-08-17 23:45:56
2026-08-17,SEM/MO/00521 - Pasteurizado,PASTEURIZACIÓN,Terminada,Sin registro hoy,,,300.0,300.0,100.0,36.3,55.0,0,2026-06-05 15:47,2026-06-05 17:54,,,2026-08-17 23:45:56
2026-08-17,SEM/MO/00522 - Pasteurizado,PASTEURIZACIÓN,Terminada,Sin registro hoy,,,3600.0,3870.0,107.5,468.3,305.9,0,2026-06-05 18:03,2026-06-08 22:30,,,2026-08-17 23:45:56
2026-08-17,SEM/MO/00523 - Pasteurizado,PASTEURIZACIÓN,Terminada,Sin registro hoy,,,1500.0,1500.0,100.0,181.5,84.1,0,2026-06-05 18:04,2026-06-05 18:47,,,2026-08-17 23:45:56
2026-08-17,SEM/MO/00525 - Envasado Manual,ENVASADO MANUAL,Terminada,Sin registro hoy,,,450.0,448.0,99.6,26.9,67.0,0,2026-06-08 08:25,2026-06-08 21:27,,,2026-08-17 23:45:56
2026-08-17,SEM/MO/00526 - Homogenizado,HOMOGENIZACIÓN,Terminada,Sin registro hoy,,,14000.0,13025.0,93.0,129.3,192.3,0,2026-06-08 10:43,2026-06-09 14:16,,,2026-08-17 23:45:56
2026-08-17,SEM/MO/00527 - Dosificado manual ,DOSIFICADO MANUAL,Terminada,Sin registro hoy,,,7800.0,8276.0,106.1,173.7,274.3,0,2026-06-08 18:04,2026-06-09 14:08,,,2026-08-17 23:45:56
2026-08-17,SEM/MO/00537 - Calentamiento,CALENTAMIENTO,Terminada,Sin registro hoy,,,3500.0,3498.0,99.9,106.0,99.4,0,2026-06-09 08:00,2026-06-10 14:07,,,2026-08-17 23:45:56
2026-08-17,SEM/MO/00538 - Pasteurizado,PASTEURIZACIÓN,Terminada,Sin registro hoy,,,11700.0,7560.0,64.6,363.8,397.9,0,2026-06-09 09:40,2026-06-10 09:15,,,2026-08-17 23:45:56
2026-08-17,SEM/MO/00539 - Pasteurizado,PASTEURIZACIÓN,Terminada,Sin registro hoy,,,2020.0,2120.0,105.0,256.5,293.0,0,2026-06-09 14:34,2026-06-10 08:37,,,2026-08-17 23:45:56
2026-08-17,SEM/MO/00544 - Pasteurizado,PASTEURIZACIÓN,Terminada,Sin registro hoy,,,2020.0,2140.0,105.9,258.9,161.0,0,2026-06-10 08:01,2026-06-11 10:10,,,2026-08-17 23:45:56
2026-08-17,SEM/MO/00551 - Pasteurizado,PASTEURIZACIÓN,Terminada,Sin registro hoy,,,420.0,770.0,183.3,93.2,50.8,0,2026-06-10 09:25,2026-06-11 10:46,,,2026-08-17 23:45:56
2026-08-17,SEM/MO/00552 - Pasteurizado,PASTEURIZACIÓN,Terminada,Sin registro hoy,,,630.0,666.0,105.7,80.6,37.1,0,2026-06-10 12:47,2026-06-11 10:46,,,2026-08-17 23:45:56
2026-08-17,SEM/MO/00550 - Calentamiento,CALENTAMIENTO,Terminada,Sin registro hoy,,,11000.0,11000.0,100.0,333.3,149.8,0,2026-06-10 15:58,2026-06-10 18:28,,,2026-08-17 23:45:56
2026-08-17,SEM/MO/00556 - Homogenizado,HOMOGENIZACIÓN,Terminada,Sin registro hoy,,,9000.0,5516.0,61.3,34.5,209.7,0,2026-06-10 18:28,2026-06-11 17:30,,,2026-08-17 23:45:56
2026-08-17,SEM/MO/00557 - Envasado Manual,ENVASADO MANUAL,Terminada,Sin registro hoy,,,1395.0,1455.0,104.3,87.3,118.0,0,2026-06-11 10:52,2026-06-12 09:12,,,2026-08-17 23:45:56
2026-08-17,SEM/MO/00558 - Pasteurizado,PASTEURIZACIÓN,Terminada,Sin registro hoy,,,320.0,320.0,100.0,38.7,37.4,0,2026-06-11 12:39,2026-06-11 15:59,,,2026-08-17 23:45:56
2026-08-17,SEM/MO/00560 - Despulpado y refinado,PULPEADO,Terminada,Sin registro hoy,,,1095.0,1770.0,161.6,295.0,169.7,0,2026-06-11 12:40,2026-06-12 13:43,,,2026-08-17 23:45:56
2026-08-17,SEM/MO/00561 - Dosificado manual ,DOSIFICADO MANUAL,Terminada,Sin registro hoy,,,8000.0,8000.0,100.0,167.9,186.2,0,2026-06-11 16:07,2026-06-11 21:51,,,2026-08-17 23:45:56
2026-08-17,SEM/MO/00562 - Pasteurizado,PASTEURIZACIÓN,Terminada,Sin registro hoy,,,660.0,660.0,100.0,79.9,25.0,0,2026-06-11 17:44,2026-06-11 17:44,,,2026-08-17 23:45:56
2026-08-17,SEM/MO/00571 - Envasado Manual,ENVASADO MANUAL,Terminada,Sin registro hoy,,,2000.0,2000.0,100.0,120.0,213.8,0,2026-06-12 09:14,2026-06-12 15:10,,,2026-08-17 23:45:56
2026-08-17,SEM/MO/00573 - Pasteurizado,PASTEURIZACIÓN,Terminada,Sin registro hoy,,,340.0,336.0,98.8,40.7,15.0,0,2026-06-12 10:18,2026-06-12 10:18,,,2026-08-17 23:45:56
2026-08-17,SEM/MO/00570 - Pasteurizado,PASTEURIZACIÓN,Terminada,Sin registro hoy,,,14000.0,17061.0,121.9,821.0,608.0,0,2026-06-12 17:00,2026-06-15 16:26,,,2026-08-17 23:45:56
2026-08-17,SEM/MO/00579 - Envasado Manual,ENVASADO MANUAL,Terminada,Sin registro hoy,,,850.0,855.0,100.6,51.3,75.2,0,2026-06-15 11:09,2026-06-16 15:02,,,2026-08-17 23:45:56
2026-08-17,SEM/MO/00577 - Dosificado manual ,DOSIFICADO MANUAL,Terminada,Sin registro hoy,,,15000.0,14897.0,99.3,312.7,90.0,0,2026-06-15 19:02,2026-06-16 18:32,,,2026-08-17 23:45:56
2026-08-17,SEM/MO/00576 - Pasteurizado,PASTEURIZACIÓN,Terminada,Sin registro hoy,,,5000.0,5657.0,113.1,272.2,191.7,0,2026-06-15 19:39,2026-06-19 16:25,,,2026-08-17 23:45:56
2026-08-17,SEM/MO/00591 - Pasteurizado,PASTEURIZACIÓN,Terminada,Sin registro hoy,,,12000.0,11300.0,94.2,342.4,309.5,0,2026-06-16 08:39,2026-06-18 08:44,,,2026-08-17 23:45:56
2026-08-17,SEM/MO/00592 - Pasteurizado,PASTEURIZACIÓN,Terminada,Sin registro hoy,,,1500.0,1500.0,100.0,181.5,203.9,0,2026-06-16 15:10,2026-06-18 08:46,,,2026-08-17 23:45:56
2026-08-17,SEM/MO/00593 - Homogenizado,HOMOGENIZACIÓN,Terminada,Sin registro hoy,,,3600.0,3600.0,100.0,35.7,59.3,0,2026-06-16 19:48,2026-06-18 09:49,,,2026-08-17 23:45:56
2026-08-17,SEM/MO/00598 - Dosificado Automático,DOSIFICADO AUTOMÁTICO,Terminada,Sin registro hoy,,,10000.0,9635.0,96.4,481.8,454.5,0,2026-06-17 08:48,2026-06-19 10:19,,,2026-08-17 23:45:56
2026-08-17,SEM/MO/00578 - Escaldado/descongelado,ESCALDADO,Terminada,Sin registro hoy,,,1000.0,1027.0,102.7,51.4,50.0,0,2026-06-17 15:07,2026-06-18 10:14,,,2026-08-17 23:45:56
2026-08-17,SEM/MO/00603 - Pasteurizado,PASTEURIZACIÓN,Terminada,Sin registro hoy,,,5100.0,5100.0,100.0,245.4,118.7,0,2026-06-17 18:10,2026-06-19 21:10,,,2026-08-17 23:45:56
2026-08-17,SEM/MO/00601 - Despulpado y refinado,PULPEADO,Terminada,Sin registro hoy,,,64.0,64.0,100.0,10.7,10.0,0,2026-06-17 19:08,2026-06-19 09:18,,,2026-08-17 23:45:56
2026-08-17,SEM/MO/00599 - Despulpado y refinado,PULPEADO,Terminada,Sin registro hoy,,,1504.0,1744.0,116.0,290.7,206.2,0,2026-06-18 11:25,2026-06-19 12:26,,,2026-08-17 23:45:56
2026-08-17,SEM/MO/00602 - Pasteurizado,PASTEURIZACIÓN,Terminada,Sin registro hoy,,,5000.0,5710.0,114.2,173.0,168.4,0,2026-06-18 15:48,2026-06-19 09:21,,,2026-08-17 23:45:56
2026-08-17,SEM/MO/00607 - Homogenizado,HOMOGENIZACIÓN,Terminada,Sin registro hoy,,,13000.0,13000.0,100.0,129.0,262.5,0,2026-06-18 19:29,2026-06-22 16:15,,,2026-08-17 23:45:56
2026-08-17,SEM/MO/00616 - Pasteurizado,PASTEURIZACIÓN,Terminada,Sin registro hoy,,,11500.0,12383.0,107.7,595.9,526.6,0,2026-06-19 08:05,2026-06-22 16:10,,,2026-08-17 23:45:56
2026-08-17,SEM/MO/00606 - Homogenizado,HOMOGENIZACIÓN,Terminada,Sin registro hoy,,,1200.0,1200.0,100.0,7.5,25.0,0,2026-06-19 17:26,2026-06-22 16:12,,,2026-08-17 23:45:56
2026-08-17,SEM/MO/00618 - Pasteurizado,PASTEURIZACIÓN,Terminada,Sin registro hoy,,,512.0,512.0,100.0,62.0,37.2,0,2026-06-19 17:59,2026-06-22 16:29,,,2026-08-17 23:45:56
2026-08-17,SEM/MO/00626 - Envasado Manual,ENVASADO MANUAL,Terminada,Sin registro hoy,,,1800.0,1800.0,100.0,108.0,244.3,0,2026-06-22 08:52,2026-06-23 10:26,,,2026-08-17 23:45:56
2026-08-17,SEM/MO/00627 - Pasteurizado,PASTEURIZACIÓN,Terminada,Sin registro hoy,,,12000.0,12000.0,100.0,363.6,211.7,0,2026-06-22 11:20,2026-06-23 10:53,,,2026-08-17 23:45:56
2026-08-17,SEM/MO/00640 - Envasado Manual,ENVASADO MANUAL,Terminada,Sin registro hoy,,,855.0,915.0,107.0,54.9,120.2,0,2026-06-23 10:09,2026-06-24 10:05,,,2026-08-17 23:45:56
2026-08-17,SEM/MO/00628 - Dosificado Automático,DOSIFICADO AUTOMÁTICO,Terminada,Sin registro hoy,,,10000.0,10000.0,100.0,500.0,363.7,0,2026-06-23 10:32,2026-06-24 14:35,,,2026-08-17 23:45:56
2026-08-17,SEM/MO/00625 - Pasteurizado,PASTEURIZACIÓN,Terminada,Sin registro hoy,,,2000.0,1377.0,68.8,66.3,40.0,0,2026-06-23 10:56,2026-06-23 10:56,,,2026-08-17 23:45:56
2026-08-17,SEM/MO/00643 - Etiquetado manual,ETIQUETADO,Terminada,Sin registro hoy,,,2000.0,2000.0,100.0,60.0,32.4,0,2026-06-23 12:22,2026-06-24 10:32,,,2026-08-17 23:45:56
2026-08-17,SEM/MO/00654 - Calentamiento,CALENTAMIENTO,Terminada,Sin registro hoy,,,7000.0,6973.0,99.6,211.3,171.8,0,2026-06-24 08:45,2026-06-25 09:53,,,2026-08-17 23:45:56
2026-08-17,SEM/MO/00656 - Envasado Manual,ENVASADO MANUAL,Terminada,Sin registro hoy,,,855.0,915.0,107.0,54.9,147.4,0,2026-06-24 09:38,2026-06-25 09:04,,,2026-08-17 23:45:56
2026-08-17,SEM/MO/00642 - Dosificado manual ,DOSIFICADO MANUAL,Terminada,Sin registro hoy,,,7000.0,7091.0,101.3,148.8,240.0,0,2026-06-24 10:36,2026-06-24 14:34,,,2026-08-17 23:45:56
2026-08-17,SEM/MO/00641 - Pasteurizado,PASTEURIZACIÓN,Terminada,Sin registro hoy,,,10200.0,18612.0,182.5,895.6,791.6,0,2026-06-24 11:38,2026-06-25 12:17,,,2026-08-17 23:45:56
2026-08-17,SEM/MO/00668 - Despepado,DESPEPADO,Terminada,Sin registro hoy,,,300.0,300.0,100.0,272.7,199.8,0,2026-06-24 15:06,2026-06-25 08:34,,,2026-08-17 23:45:56
2026-08-17,SEM/MO/00674 - Calentamiento,CALENTAMIENTO,Terminada,Sin registro hoy,,,13000.0,13000.0,100.0,393.9,231.8,0,2026-06-25 09:30,2026-06-26 14:34,,,2026-08-17 23:45:56
2026-08-17,SEM/MO/00667 - Limpieza,TACHOS,Terminada,Sin registro hoy,,,300.0,330.0,110.0,0.0,55.0,0,2026-06-25 12:31,2026-06-25 12:31,,,2026-08-17 23:45:56
2026-08-17,SEM/MO/00673 - Homogenizado,HOMOGENIZACIÓN,Terminada,Sin registro hoy,,,4000.0,4962.0,124.0,49.2,100.0,0,2026-06-25 13:59,2026-06-26 14:29,,,2026-08-17 23:45:56
2026-08-17,SEM/MO/00675 - Escaldado/descongelado,ESCALDADO,Terminada,Sin registro hoy,,,1520.0,1520.0,100.0,304.1,294.3,0,2026-06-25 16:51,2026-06-28 18:29,,,2026-08-17 23:45:56
2026-08-17,SEM/MO/00680 - Escaldado/descongelado,ESCALDADO,Terminada,Sin registro hoy,,,14000.0,14000.0,100.0,700.3,575.9,0,2026-06-26 09:21,2026-06-28 18:34,,,2026-08-17 23:45:56
2026-08-17,SEM/MO/00681 - Pasteurizado,PASTEURIZACIÓN,Terminada,Sin registro hoy,,,1000.0,1000.0,100.0,25.0,25.5,0,2026-06-26 15:24,2026-06-28 18:36,,,2026-08-17 23:45:56
2026-08-17,SEM/MO/00679 - Dosificado manual ,DOSIFICADO MANUAL,Terminada,Sin registro hoy,,,14000.0,14000.0,100.0,293.9,87.3,0,2026-06-26 22:01,2026-06-28 18:38,,,2026-08-17 23:45:56
2026-08-17,SEM/MO/00696 - Dosificado manual ,DOSIFICADO MANUAL,Terminada,Sin registro hoy,,,7000.0,7000.0,100.0,146.9,458.4,0,2026-06-29 14:25,2026-06-30 15:02,,,2026-08-17 23:45:56
2026-08-17,SEM/MO/00699 - Dosificado manual ,DOSIFICADO MANUAL,Terminada,Sin registro hoy,,,600.0,1258.0,209.7,52.8,202.2,0,2026-06-29 15:05,2026-06-30 14:57,,,2026-08-17 23:45:56
2026-08-17,SEM/MO/00698 - Pasteurizado,PASTEURIZACIÓN,Terminada,Sin registro hoy,,,504.0,504.0,100.0,61.0,16.3,0,2026-06-29 21:34,2026-06-30 14:18,,,2026-08-17 23:45:56
2026-08-17,SEM/MO/00704 - Dosificado manual ,DOSIFICADO MANUAL,Terminada,Sin registro hoy,,,14000.0,4158.0,29.7,87.3,122.6,0,2026-06-29 22:05,2026-06-30 17:12,,,2026-08-17 23:45:56
2026-08-17,SEM/MO/00712 - Dosificado manual ,DOSIFICADO MANUAL,Terminada,Sin registro hoy,,,600.0,517.0,86.2,21.7,38.4,0,2026-06-30 09:30,2026-06-30 15:24,,,2026-08-17 23:45:56
2026-08-17,SEM/MO/00706 - Envasado Manual,ENVASADO MANUAL,Terminada,Sin registro hoy,,,810.0,855.0,105.6,51.3,101.0,0,2026-06-30 09:45,2026-06-30 15:22,,,2026-08-17 23:45:56
2026-08-17,SEM/MO/00707 - Calentamiento,CALENTAMIENTO,Terminada,Sin registro hoy,,,13600.0,17702.0,130.2,536.4,444.3,0,2026-06-30 11:20,2026-06-30 22:23,,,2026-08-17 23:45:56
2026-08-17,SEM/MO/00705 - Pasteurizado,PASTEURIZACIÓN,Terminada,Sin registro hoy,,,1400.0,1498.0,107.0,181.3,132.5,0,2026-06-30 15:52,2026-06-30 22:01,,,2026-08-17 23:45:56
2026-08-17,SEM/MO/00716 - Dosificado manual ,DOSIFICADO MANUAL,Terminada,Sin registro hoy,,,11000.0,11000.0,100.0,230.9,497.9,0,2026-07-01 08:23,2026-07-01 17:24,,,2026-08-17 23:45:56
2026-08-17,SEM/MO/00743 - Despepado,DESPEPADO,Terminada,Sin registro hoy,,,400.0,400.0,100.0,363.6,279.5,0,2026-07-01 13:31,2026-07-02 10:12,,,2026-08-17 23:45:56
2026-08-17,SEM/MO/00714 - Pasteurizado,PASTEURIZACIÓN,Terminada,Sin registro hoy,,,1696.0,1696.0,100.0,205.2,98.0,0,2026-07-01 16:12,2026-07-02 10:03,,,2026-08-17 23:45:56
2026-08-17,SEM/MO/00717 - Pasteurizado,PASTEURIZACIÓN,Terminada,Sin registro hoy,,,504.0,552.0,109.5,66.8,30.0,0,2026-07-01 19:27,2026-07-02 11:17,,,2026-08-17 23:45:56
2026-08-17,SEM/MO/00718 - Pasteurizado,PASTEURIZACIÓN,Terminada,Sin registro hoy,,,994.0,1330.0,133.8,160.9,66.2,0,2026-07-01 21:35,2026-07-02 10:04,,,2026-08-17 23:45:56
2026-08-17,SEM/MO/00723 - Despulpado y refinado,PULPEADO,Terminada,Sin registro hoy,,,1008.0,1328.0,131.7,221.3,50.8,0,2026-07-02 07:23,2026-07-03 09:49,,,2026-08-17 23:45:56
2026-08-17,SEM/MO/00715 - Lavado,TACHOS,Terminada,Sin registro hoy,,,375.0,630.0,168.0,0.0,20.0,0,2026-07-02 10:13,2026-07-02 10:13,,,2026-08-17 23:45:56
2026-08-17,SEM/MO/00721 - Pasteurizado,PASTEURIZACIÓN,Terminada,Sin registro hoy,,,504.0,648.0,128.6,78.4,46.2,0,2026-07-02 12:51,2026-07-03 09:50,,,2026-08-17 23:45:56
2026-08-17,SEM/MO/00726 - Calentamiento,CALENTAMIENTO,Terminada,Sin registro hoy,,,13000.0,13000.0,100.0,393.9,287.6,0,2026-07-02 16:02,2026-07-03 09:54,,,2026-08-17 23:45:56
2026-08-17,SEM/MO/00720 - Homogenizado,HOMOGENIZACIÓN,Terminada,Sin registro hoy,,,4000.0,4000.0,100.0,39.7,12.6,0,2026-07-02 21:44,2026-07-03 10:03,,,2026-08-17 23:45:56
2026-08-17,SEM/MO/00725 - Escaldado/descongelado,ESCALDADO,Terminada,Sin registro hoy,,,1520.0,1520.0,100.0,304.1,151.1,0,2026-07-03 08:04,2026-07-03 11:12,,,2026-08-17 23:45:56
2026-08-17,SEM/MO/00727 - Escaldado/descongelado,ESCALDADO,Terminada,Sin registro hoy,,,13000.0,13000.0,100.0,650.3,435.6,0,2026-07-03 10:36,2026-07-05 19:01,,,2026-08-17 23:45:56
2026-08-17,SEM/MO/00724 - Envasado Manual,ENVASADO MANUAL,Terminada,Sin registro hoy,,,750.0,750.0,100.0,45.0,84.9,0,2026-07-03 21:12,2026-07-05 19:04,,,2026-08-17 23:45:56
2026-08-17,SEM/MO/00751 - Pasteurizado,PASTEURIZACIÓN,Terminada,Sin registro hoy,,,1000.0,770.0,77.0,19.2,20.0,0,2026-07-05 19:30,2026-07-05 19:30,,,2026-08-17 23:45:56
2026-08-17,SEM/MO/00758 - Picado,RALLADO,Terminada,Sin registro hoy,,,200.0,88.0,44.0,15.4,107.2,0,2026-07-06 08:44,2026-07-07 10:41,,,2026-08-17 23:45:56
2026-08-17,SEM/MO/00757 - Pasteurizado,PASTEURIZACIÓN,Terminada,Sin registro hoy,,,5000.0,4052.0,81.0,195.0,60.6,0,2026-07-06 09:45,2026-07-07 10:44,,,2026-08-17 23:45:56
2026-08-17,SEM/MO/00761 - Pasteurizado,PASTEURIZACIÓN,Terminada,Sin registro hoy,,,3000.0,3000.0,100.0,144.4,176.5,0,2026-07-06 15:51,2026-07-07 11:10,,,2026-08-17 23:45:56
2026-08-17,SEM/MO/00759 - Dosificado manual ,DOSIFICADO MANUAL,Terminada,Sin registro hoy,,,8000.0,3392.0,42.4,71.2,66.4,0,2026-07-06 21:30,2026-07-07 16:17,,,2026-08-17 23:45:56
2026-08-17,SEM/MO/00765 - Homogenizado,HOMOGENIZACIÓN,Terminada,Sin registro hoy,,,12000.0,12000.0,100.0,119.1,340.4,0,2026-07-07 08:16,2026-07-08 08:14,,,2026-08-17 23:45:56
2026-08-17,SEM/MO/00764 - Dosificado manual ,DOSIFICADO MANUAL,Terminada,Sin registro hoy,,,600.0,600.0,100.0,25.2,73.0,0,2026-07-07 13:49,2026-07-08 06:03,,,2026-08-17 23:45:56
2026-08-17,SEM/MO/00763 - Dosificado manual ,DOSIFICADO MANUAL,Terminada,Sin registro hoy,,,13000.0,13000.0,100.0,272.9,261.3,0,2026-07-07 20:01,2026-07-08 06:03,,,2026-08-17 23:45:56
2026-08-17,SEM/MO/00770 - Pasteurizado,PASTEURIZACIÓN,Terminada,Sin registro hoy,,,2100.0,2100.0,100.0,254.1,325.8,0,2026-07-08 08:19,2026-07-08 16:21,,,2026-08-17 23:45:56
2026-08-17,SEM/MO/00767 - Despepado,DESPEPADO,Terminada,Sin registro hoy,,,250.0,250.0,100.0,227.3,231.6,0,2026-07-08 14:24,2026-07-08 17:27,,,2026-08-17 23:45:56
2026-08-17,SEM/MO/00769 - Homogenizado,HOMOGENIZACIÓN,Terminada,Sin registro hoy,,,8700.0,11568.0,133.0,114.8,308.2,0,2026-07-08 15:50,2026-07-10 08:52,,,2026-08-17 23:45:56
2026-08-17,SEM/MO/00774 - Etiquetado manual,ETIQUETADO,Terminada,Sin registro hoy,,,2000.0,2000.0,100.0,60.0,24.6,0,2026-07-08 20:06,2026-07-10 12:01,,,2026-08-17 23:45:56
2026-08-17,SEM/MO/00775 - Despulpado y refinado,PULPEADO,Terminada,Sin registro hoy,,,1504.0,1744.0,116.0,290.7,222.9,0,2026-07-09 08:20,2026-07-13 08:42,,,2026-08-17 23:45:56
2026-08-17,SEM/MO/00773 - Pasteurizado,PASTEURIZACIÓN,Terminada,Sin registro hoy,,,512.0,512.0,100.0,62.0,52.9,0,2026-07-09 08:28,2026-07-13 08:38,,,2026-08-17 23:45:56
2026-08-17,SEM/MO/00772 - Dosificado manual ,DOSIFICADO MANUAL,Terminada,Sin registro hoy,,,8000.0,8000.0,100.0,167.9,506.7,0,2026-07-09 12:22,2026-07-13 08:40,,,2026-08-17 23:45:56
2026-08-17,SEM/MO/00813 - Pasteurizado,PASTEURIZACIÓN,Terminada,Sin registro hoy,,,1980.0,1980.0,100.0,239.6,120.0,0,2026-07-10 11:29,2026-07-10 11:29,,,2026-08-17 23:45:56
2026-08-17,SEM/MO/00777 - Escaldado/descongelado,ESCALDADO,Terminada,Sin registro hoy,,,13000.0,11736.0,90.3,587.0,510.1,0,2026-07-10 13:46,2026-07-13 08:49,,,2026-08-17 23:45:56
2026-08-17,SEM/MO/00778 - Escaldado/descongelado,ESCALDADO,Terminada,Sin registro hoy,,,3000.0,2945.0,98.2,233.9,114.0,0,2026-07-10 22:23,2026-07-13 09:09,,,2026-08-17 23:45:56
2026-08-17,SEM/MO/00776 - Escaldado/descongelado,ESCALDADO,Terminada,Sin registro hoy,,,5000.0,6998.0,140.0,661.5,661.5,0,2026-07-11 00:17,2026-07-13 08:50,,,2026-08-17 23:45:56
2026-08-17,SEM/MO/00822 - Calentamiento,CALENTAMIENTO,Terminada,Sin registro hoy,,,12960.0,12928.0,99.8,391.8,277.8,0,2026-07-13 09:41,2026-07-14 12:34,,,2026-08-17 23:45:56
2026-08-17,SEM/MO/00819 - Pasteurizado,PASTEURIZACIÓN,Terminada,Sin registro hoy,,,2016.0,2070.0,102.7,250.5,133.9,0,2026-07-13 20:07,2026-07-14 12:37,,,2026-08-17 23:45:56
2026-08-17,SEM/MO/00820 - Dosificado manual ,DOSIFICADO MANUAL,Terminada,Sin registro hoy,,,9720.0,17346.0,178.5,364.1,350.5,0,2026-07-13 22:16,2026-07-15 09:27,,,2026-08-17 23:45:56
2026-08-17,SEM/MO/00823 - Homogenizado,HOMOGENIZACIÓN,Terminada,Sin registro hoy,,,3240.0,4860.0,150.0,48.2,30.0,0,2026-07-14 11:08,2026-07-14 12:36,,,2026-08-17 23:45:56
2026-08-17,SEM/MO/00824 - Dosificado manual ,DOSIFICADO MANUAL,Terminada,Sin registro hoy,,,720.0,1733.0,240.7,72.8,150.2,0,2026-07-14 17:56,2026-07-15 09:12,,,2026-08-17 23:45:56
2026-08-17,SEM/MO/00828 - Pasteurizado,PASTEURIZACIÓN,Terminada,Sin registro hoy,,,5000.0,7728.0,154.6,371.9,312.2,0,2026-07-14 18:19,2026-07-15 09:15,,,2026-08-17 23:45:56
2026-08-17,SEM/MO/00827 - Pasteurizado,PASTEURIZACIÓN,Terminada,Sin registro hoy,,,10.0,10.0,100.0,1.2,11.7,0,2026-07-14 18:19,2026-07-15 09:27,,,2026-08-17 23:45:56
2026-08-17,SEM/MO/00825 - Homogenizado,HOMOGENIZACIÓN,Terminada,Sin registro hoy,,,3000.0,3504.0,116.8,34.8,182.8,0,2026-07-15 07:26,2026-07-16 09:02,,,2026-08-17 23:45:56
2026-08-17,SEM/MO/00826 - Pasteurizado,PASTEURIZACIÓN,Terminada,Sin registro hoy,,,320.0,326.0,101.9,39.5,38.7,0,2026-07-15 11:02,2026-07-16 09:05,,,2026-08-17 23:45:56
2026-08-17,SEM/MO/00832 - Envasado Manual,ENVASADO MANUAL,Terminada,Sin registro hoy,,,1000.0,1048.0,104.8,62.9,104.8,0,2026-07-15 12:19,2026-07-16 09:27,,,2026-08-17 23:45:56
2026-08-17,SEM/MO/00852 - Despepado,DESPEPADO,Terminada,Sin registro hoy,,,300.0,484.0,161.3,440.0,183.9,0,2026-07-15 14:51,2026-07-16 09:32,,,2026-08-17 23:45:56
2026-08-17,SEM/MO/00831 - Dosificado manual ,DOSIFICADO MANUAL,Terminada,Sin registro hoy,,,9720.0,11298.0,116.2,237.2,388.0,0,2026-07-15 17:26,2026-07-16 09:19,,,2026-08-17 23:45:56
2026-08-17,SEM/MO/00853 - Calentamiento,CALENTAMIENTO,Terminada,Sin registro hoy,,,13000.0,4983.0,38.3,151.0,99.6,0,2026-07-16 08:21,2026-07-17 09:18,,,2026-08-17 23:45:56
2026-08-17,SEM/MO/00835 - Homogenizado,HOMOGENIZACIÓN,Terminada,Sin registro hoy,,,4000.0,12268.0,306.7,121.8,318.8,0,2026-07-16 10:00,2026-07-17 09:23,,,2026-08-17 23:45:56
2026-08-17,SEM/MO/00829 - Etiquetado manual,ETIQUETADO,Terminada,Sin registro hoy,,,2000.0,2000.0,100.0,60.0,58.7,0,2026-07-16 16:51,2026-07-17 09:56,,,2026-08-17 23:45:56
2026-08-17,SEM/MO/00838 - Escaldado/descongelado,ESCALDADO,Terminada,Sin registro hoy,,,12960.0,12960.0,100.0,648.3,367.7,0,2026-07-17 08:27,2026-07-17 16:14,,,2026-08-17 23:45:56
2026-08-17,SEM/MO/00839 - Escaldado/descongelado,ESCALDADO,Terminada,Sin registro hoy,,,3240.0,3240.0,100.0,257.4,40.0,0,2026-07-17 15:20,2026-07-17 16:14,,,2026-08-17 23:45:56
2026-08-17,SEM/MO/00837 - Picado,RALLADO,Terminada,Sin registro hoy,,,200.0,200.0,100.0,35.1,212.1,0,2026-07-17 16:50,2026-07-20 10:25,,,2026-08-17 23:45:56
2026-08-17,SEM/MO/00884 - Pasteurizado,PASTEURIZACIÓN,Terminada,Sin registro hoy,,,5000.0,3285.0,65.7,0.0,61.0,0,2026-07-17 19:06,2026-07-20 10:31,,,2026-08-17 23:45:56
2026-08-17,SEM/MO/00890 - Pasteurizado,PASTEURIZACIÓN,Terminada,Sin registro hoy,,,1200.0,1348.0,112.3,13.4,24.1,0,2026-07-20 08:15,2026-07-21 08:43,,,2026-08-17 23:45:56
2026-08-17,SEM/MO/00886 - Homogenizado,HOMOGENIZACIÓN,Terminada,Sin registro hoy,,,3000.0,4679.0,156.0,46.4,35.8,0,2026-07-20 10:02,2026-07-21 08:53,,,2026-08-17 23:45:56
2026-08-17,SEM/MO/00888 - Dosificado manual ,DOSIFICADO MANUAL,Terminada,Sin registro hoy,,,7000.0,7000.0,100.0,146.9,102.3,0,2026-07-20 18:23,2026-07-23 10:03,,,2026-08-17 23:45:56
2026-08-17,SEM/MO/00887 - Dosificado manual ,DOSIFICADO MANUAL,Terminada,Sin registro hoy,,,1440.0,1440.0,100.0,60.5,202.6,0,2026-07-20 21:27,2026-07-23 09:03,,,2026-08-17 23:45:56
2026-08-17,SEM/MO/00904 - Despulpado y refinado,PULPEADO,Terminada,Sin registro hoy,,,1020.0,1065.0,104.4,177.5,138.7,0,2026-07-21 07:17,2026-07-22 09:33,,,2026-08-17 23:45:56
2026-08-17,SEM/MO/00908 - Pasteurizado,PASTEURIZACIÓN,Terminada,Sin registro hoy,,,512.0,512.0,100.0,62.0,48.4,0,2026-07-21 09:14,2026-07-21 19:04,,,2026-08-17 23:45:56
2026-08-17,SEM/MO/00903 - Envasado Manual,ENVASADO MANUAL,Terminada,Sin registro hoy,,,900.0,900.0,100.0,54.0,202.8,0,2026-07-21 10:26,2026-07-21 23:37,,,2026-08-17 23:45:56
2026-08-17,SEM/MO/00907 - Dosificado manual ,DOSIFICADO MANUAL,Terminada,Sin registro hoy,,,9720.0,9720.0,100.0,204.0,411.0,0,2026-07-21 12:19,2026-07-23 10:17,,,2026-08-17 23:45:56
2026-08-17,SEM/MO/00906 - Pasteurizado,PASTEURIZACIÓN,Terminada,Sin registro hoy,,,2000.0,2000.0,100.0,242.0,202.6,0,2026-07-21 16:46,2026-07-22 10:04,,,2026-08-17 23:45:56
2026-08-17,SEM/MO/00905 - Pasteurizado,PASTEURIZACIÓN,Terminada,Sin registro hoy,,,2016.0,2106.0,104.5,254.8,152.6,0,2026-07-21 20:17,2026-07-22 10:21,,,2026-08-17 23:45:56
2026-08-17,SEM/MO/00910 - Homogenizado,HOMOGENIZACIÓN,Terminada,Sin registro hoy,,,13500.0,6976.0,51.7,43.6,84.4,0,2026-07-22 09:08,2026-07-23 11:07,,,2026-08-17 23:45:56
2026-08-17,SEM/MO/00912 - Etiquetado manual,ETIQUETADO,Terminada,Sin registro hoy,,,2800.0,2800.0,100.0,84.0,69.0,0,2026-07-23 07:15,2026-07-26 15:53,,,2026-08-17 23:45:56
2026-08-17,SEM/MO/00925 - Pasteurizado,PASTEURIZACIÓN,Terminada,Sin registro hoy,,,4500.0,4500.0,100.0,136.4,217.4,0,2026-07-23 09:03,2026-07-26 15:51,,,2026-08-17 23:45:56
2026-08-17,SEM/MO/00909 - Homogenizado,HOMOGENIZACIÓN,Terminada,Sin registro hoy,,,3000.0,6675.0,222.5,66.2,175.0,0,2026-07-23 11:09,2026-07-23 11:09,,,2026-08-17 23:45:56
2026-08-17,SEM/MO/00922 - Despepado,DESPEPADO,Terminada,Sin registro hoy,,,400.0,400.0,100.0,363.6,317.0,0,2026-07-23 13:16,2026-07-26 15:46,,,2026-08-17 23:45:56
2026-08-17,SEM/MO/00924 - Pasteurizado,PASTEURIZACIÓN,Terminada,Sin registro hoy,,,6000.0,9133.0,152.2,439.5,230.8,0,2026-07-23 19:06,2026-07-27 09:31,,,2026-08-17 23:45:56
2026-08-17,SEM/MO/00833 - Etiquetado manual,ETIQUETADO,Terminada,Sin registro hoy,,,700.0,974.0,139.1,29.2,20.0,0,2026-07-23 23:10,2026-07-23 23:10,,,2026-08-17 23:45:56
2026-08-17,SEM/MO/00923 - Pasteurizado,PASTEURIZACIÓN,Terminada,Sin registro hoy,,,4700.0,4471.0,95.1,135.5,312.3,0,2026-07-24 07:10,2026-07-27 11:55,,,2026-08-17 23:45:56
2026-08-17,SEM/MO/00930 - Enfundado 1,ENFUNDADO 1,Terminada,Sin registro hoy,,,1400.0,1400.0,100.0,350.0,183.2,0,2026-07-24 12:48,2026-07-27 12:52,,,2026-08-17 23:45:56
2026-08-17,SEM/MO/00927 - Escaldado/descongelado,ESCALDADO,Terminada,Sin registro hoy,,,3240.0,3240.0,100.0,162.1,162.1,0,2026-07-24 14:48,2026-07-24 19:35,,,2026-08-17 23:45:56
2026-08-17,SEM/MO/00926 - Escaldado/descongelado,ESCALDADO,Terminada,Sin registro hoy,,,6480.0,9559.0,147.5,759.3,285.3,0,2026-07-24 19:35,2026-07-27 13:09,,,2026-08-17 23:45:56
2026-08-17,SEM/MO/00949 - Dosificado manual ,DOSIFICADO MANUAL,Terminada,Sin registro hoy,,,1440.0,1440.0,100.0,60.5,234.8,0,2026-07-27 13:32,2026-07-28 14:00,,,2026-08-17 23:45:56
2026-08-17,SEM/MO/00952 - Envasado Manual,ENVASADO MANUAL,Terminada,Sin registro hoy,,,600.0,640.0,106.7,38.4,80.2,0,2026-07-28 08:46,2026-07-29 09:33,,,2026-08-17 23:45:56
2026-08-17,SEM/MO/00986 - Pasteurizado,PASTEURIZACIÓN,Terminada,Sin registro hoy,,,2900.0,2900.0,100.0,0.0,295.9,0,2026-07-28 08:46,2026-07-29 09:49,,,2026-08-17 23:45:56
2026-08-17,SEM/MO/00989 - Pasteurizado,PASTEURIZACIÓN,Terminada,Sin registro hoy,,,9720.0,11465.0,118.0,0.0,205.6,0,2026-07-28 08:46,2026-07-29 09:13,,,2026-08-17 23:45:56
2026-08-17,SEM/MO/00969 - Despulpado y refinado,PULPEADO,Terminada,Sin registro hoy,,,7000.0,7000.0,100.0,291.7,150.0,0,2026-07-28 12:20,2026-07-28 12:20,,,2026-08-17 23:45:56
2026-08-17,SEM/MO/00987 - Pasteurizado,PASTEURIZACIÓN,Terminada,Sin registro hoy,,,1050.0,1050.0,100.0,0.0,56.0,0,2026-07-28 15:25,2026-07-29 09:40,,,2026-08-17 23:45:56
2026-08-17,SEM/MO/00988 - Pasteurizado,PASTEURIZACIÓN,Terminada,Sin registro hoy,,,2000.0,2016.0,100.8,0.0,116.7,0,2026-07-28 21:02,2026-07-29 09:25,,,2026-08-17 23:45:56
2026-08-17,SEM/MO/01001 - Envasado Manual,ENVASADO MANUAL,Terminada,Sin registro hoy,,,800.0,800.0,100.0,0.0,121.4,0,2026-07-29 07:42,2026-07-29 12:03,,,2026-08-17 23:45:56
2026-08-17,SEM/MO/01000 - Pasteurizado,PASTEURIZACIÓN,Terminada,Sin registro hoy,,,800.0,800.0,100.0,0.0,100.7,0,2026-07-29 08:30,2026-07-29 12:05,,,2026-08-17 23:45:56
2026-08-17,SEM/MO/01004 - Homogenizado,HOMOGENIZACIÓN,Terminada,Sin registro hoy,,,6700.0,6542.0,97.6,0.0,106.6,0,2026-07-29 09:44,2026-07-30 10:48,,,2026-08-17 23:45:56
2026-08-17,SEM/MO/01003 - Homogenizado,HOMOGENIZACIÓN,Terminada,Sin registro hoy,,,4000.0,3842.0,96.0,0.0,103.8,0,2026-07-29 12:51,2026-07-30 09:36,,,2026-08-17 23:45:56
2026-08-17,SEM/MO/01002 - Despepado,DESPEPADO,Terminada,Sin registro hoy,,,500.0,500.0,100.0,0.0,326.3,0,2026-07-29 16:53,2026-07-30 14:09,,,2026-08-17 23:45:56
2026-08-17,SEM/MO/01020 - Etiquetado manual,ETIQUETADO,Terminada,Sin registro hoy,,,1400.0,1400.0,100.0,42.0,24.9,0,2026-07-30 08:50,2026-07-30 23:40,,,2026-08-17 23:45:56
2026-08-17,SEM/MO/01021 - Pasteurizado,PASTEURIZACIÓN,Terminada,Sin registro hoy,,,504.0,512.0,101.6,62.0,22.3,0,2026-07-30 17:05,2026-07-30 23:36,,,2026-08-17 23:45:56
2026-08-17,SEM/MO/01032 - Envasado Manual,ENVASADO MANUAL,Terminada,Sin registro hoy,,,1286.0,1286.0,100.0,77.2,140.9,0,2026-07-31 07:40,2026-07-31 15:53,,,2026-08-17 23:45:56
2026-08-17,SEM/MO/01030 - Enfundado 1,ENFUNDADO 1,Terminada,Sin registro hoy,,,1400.0,1400.0,100.0,350.0,252.7,0,2026-07-31 14:00,2026-07-31 19:01,,,2026-08-17 23:45:56
2026-08-17,SEM/MO/00955 - Pasteurizado,PASTEURIZACIÓN,Terminada,Sin registro hoy,,,1430.0,1430.0,100.0,68.8,65.0,0,2026-07-31 15:26,2026-07-31 15:26,,,2026-08-17 23:45:56
2026-08-17,SEM/MO/01029 - Escaldado/descongelado,ESCALDADO,Terminada,Sin registro hoy,,,13000.0,13000.0,100.0,650.3,320.4,0,2026-07-31 16:39,2026-08-03 08:56,,,2026-08-17 23:45:56
2026-08-17,SEM/MO/01031 - Despulpado y refinado,PULPEADO,Terminada,Sin registro hoy,,,460.0,460.0,100.0,76.7,49.1,0,2026-07-31 17:27,2026-07-31 18:33,,,2026-08-17 23:45:56
2026-08-17,SEM/MO/01063 - Pasteurizado,PASTEURIZACIÓN,Terminada,Sin registro hoy,,,1600.0,1600.0,100.0,193.6,174.7,0,2026-07-31 21:18,2026-07-31 21:18,,,2026-08-17 23:45:56
2026-08-17,SEM/MO/01072 - Etiquetado manual,ETIQUETADO,Terminada,Sin registro hoy,,,1000.0,1353.0,135.3,0.0,46.2,0,2026-08-03 07:25,2026-08-04 08:45,,,2026-08-17 23:45:56
2026-08-17,SEM/MO/01070 - Envasado Automático,DOSIFICADO AUTOMÁTICO,Terminada,Sin registro hoy,,,7000.0,8820.0,126.0,0.0,757.9,0,2026-08-03 07:57,2026-08-04 08:37,,,2026-08-17 23:45:56
2026-08-17,SEM/MO/01069 - Envasado Manual,ENVASADO MANUAL,Terminada,Sin registro hoy,,,1300.0,1300.0,100.0,0.0,125.4,0,2026-08-03 08:11,2026-08-03 12:44,,,2026-08-17 23:45:56
2026-08-17,SEM/MO/01068 - Envasado Manual,ENVASADO MANUAL,Terminada,Sin registro hoy,,,2000.0,2008.0,100.4,120.5,260.0,0,2026-08-03 10:49,2026-08-03 10:49,,,2026-08-17 23:45:56
2026-08-17,SEM/MO/01071 - Pasteurizado,PASTEURIZACIÓN,Terminada,Sin registro hoy,,,3800.0,3800.0,100.0,0.0,241.7,0,2026-08-03 13:41,2026-08-04 08:49,,,2026-08-17 23:45:56
2026-08-17,SEM/MO/01085 - Pasteurizado,PASTEURIZACIÓN,Terminada,Sin registro hoy,,,13000.0,12359.0,95.1,374.5,286.5,0,2026-08-04 07:21,2026-08-05 09:41,,,2026-08-17 23:45:56
2026-08-17,SEM/MO/01084 - Envasado Manual,ENVASADO MANUAL,Terminada,Sin registro hoy,,,2010.0,2010.0,100.0,120.6,214.6,0,2026-08-04 09:12,2026-08-04 16:16,,,2026-08-17 23:45:56
2026-08-17,SEM/MO/01083 - Dosificado manual ,DOSIFICADO MANUAL,Terminada,Sin registro hoy,,,2250.0,2250.0,100.0,47.2,319.7,0,2026-08-04 18:24,2026-08-05 17:32,,,2026-08-17 23:45:56
2026-08-17,SEM/MO/01089 - Envasado Manual,ENVASADO MANUAL,Terminada,Sin registro hoy,,,1800.0,1800.0,100.0,0.0,296.7,0,2026-08-05 07:43,2026-08-05 17:30,,,2026-08-17 23:45:56
2026-08-17,SEM/MO/01088 - Pasteurizado,PASTEURIZACIÓN,Terminada,Sin registro hoy,,,13000.0,11271.0,86.7,0.0,281.4,0,2026-08-05 08:47,2026-08-06 09:45,,,2026-08-17 23:45:56
2026-08-17,SEM/MO/01090 - Despepado,DESPEPADO,Terminada,Sin registro hoy,,,150.0,150.0,100.0,0.0,88.8,0,2026-08-05 14:44,2026-08-05 16:34,,,2026-08-17 23:45:56
2026-08-17,SEM/MO/01106 - Calentamiento,CALENTAMIENTO,Terminada,Sin registro hoy,,,6500.0,6500.0,100.0,197.0,25.6,0,2026-08-06 09:07,2026-08-06 19:15,,,2026-08-17 23:45:56
2026-08-17,SEM/MO/01107 - Pasteurizado,PASTEURIZACIÓN,Terminada,Sin registro hoy,,,400.0,400.0,100.0,12.1,75.2,0,2026-08-06 09:33,2026-08-06 16:59,,,2026-08-17 23:45:56
2026-08-17,SEM/MO/01108 - Pasteurizado,PASTEURIZACIÓN,Terminada,Sin registro hoy,,,8100.0,8100.0,100.0,389.8,370.1,0,2026-08-06 10:48,2026-08-06 16:59,,,2026-08-17 23:45:56
2026-08-17,SEM/MO/01093 - Enfundado 1,ENFUNDADO 1,Terminada,Sin registro hoy,,,1400.0,1400.0,100.0,0.0,327.7,0,2026-08-06 17:14,2026-08-07 09:13,,,2026-08-17 23:45:56
2026-08-17,SEM/MO/01121 - Pasteurizado,PASTEURIZACIÓN,Terminada,Sin registro hoy,,,3600.0,3600.0,100.0,435.6,332.0,0,2026-08-06 17:57,2026-08-07 09:23,,,2026-08-17 23:45:56
2026-08-17,SEM/MO/01123 - Escaldado/descongelado,ESCALDADO,Terminada,Sin registro hoy,,,1200.0,1200.0,100.0,240.1,158.3,0,2026-08-07 09:21,2026-08-10 13:03,,,2026-08-17 23:45:56
2026-08-17,SEM/MO/01122 - Escaldado/descongelado,ESCALDADO,Terminada,Sin registro hoy,,,6500.0,4522.0,69.6,359.2,258.5,0,2026-08-07 14:36,2026-08-10 13:04,,,2026-08-17 23:45:56
2026-08-17,SEM/MO/01127 - Pasteurizado,PASTEURIZACIÓN,Terminada,Sin registro hoy,,,1300.0,1300.0,100.0,157.3,103.8,0,2026-08-07 16:28,2026-08-10 09:25,,,2026-08-17 23:45:56
2026-08-17,SEM/MO/01137 - Dosificado manual ,DOSIFICADO MANUAL,Lista,Sin registro hoy,,,1550.0,0.0,0.0,65.1,120.5,0,2026-08-11 08:54,2026-08-11 09:59,,,2026-08-17 23:45:56
2026-08-17,SEM/MO/01146 - Pasteurizado,PASTEURIZACIÓN,En progreso,Sin registro hoy,,,9000.0,0.0,0.0,348.7,208.2,0,2026-08-11 09:03,2026-08-12 08:16,,,2026-08-17 23:45:56
2026-08-17,SEM/MO/01136 - Dosificado Automático,DOSIFICADO AUTOMÁTICO,Lista,Sin registro hoy,,,14000.0,0.0,0.0,651.9,307.3,0,2026-08-11 10:18,2026-08-12 14:58,,,2026-08-17 23:45:56
2026-08-17,SEM/MO/01149 - Pasteurizado,PASTEURIZACIÓN,Terminada,Sin registro hoy,,,320.0,368.0,115.0,44.5,45.0,0,2026-08-11 19:50,2026-08-17 13:18,,,2026-08-17 23:45:56
2026-08-17,SEM/MO/01170 - Etiquetado manual,ETIQUETADO,Terminada,Sin registro hoy,,,600.0,631.0,105.2,18.9,81.6,0,2026-08-11 20:09,2026-08-17 16:07,,,2026-08-17 23:45:56
2026-08-17,SEM/MO/01150 - Dosificado manual ,DOSIFICADO MANUAL,Terminada,Sin registro hoy,,,13000.0,13000.0,100.0,272.9,833.9,0,2026-08-12 08:45,2026-08-13 08:51,,,2026-08-17 23:45:56
2026-08-17,SEM/MO/01151 - Despulpado y refinado,PULPEADO,Terminada,Sin registro hoy,,,2512.0,2512.0,100.0,418.7,284.4,0,2026-08-12 16:54,2026-08-13 09:04,,,2026-08-17 23:45:56
2026-08-17,SEM/MO/01168 - Dosificado Automático,DOSIFICADO AUTOMÁTICO,Terminada,Sin registro hoy,,,5000.0,5000.0,100.0,250.0,257.6,0,2026-08-12 17:18,2026-08-13 15:22,,,2026-08-17 23:45:56
2026-08-17,SEM/MO/01183 - Despulpado y refinado,PULPEADO,Terminada,Sin registro hoy,,,192.0,192.0,100.0,32.0,35.0,0,2026-08-13 09:08,2026-08-13 09:08,,,2026-08-17 23:45:56
2026-08-17,SEM/MO/01177 - Pasteurizado,PASTEURIZACIÓN,Terminada,Sin registro hoy,,,3168.0,3168.0,100.0,383.3,119.8,0,2026-08-13 10:05,2026-08-13 10:05,,,2026-08-17 23:45:56
2026-08-17,SEM/MO/01171 - Pasteurizado,PASTEURIZACIÓN,Terminada,Sin registro hoy,,,17820.0,17820.0,100.0,857.5,712.8,0,2026-08-13 11:07,2026-08-14 06:29,,,2026-08-17 23:45:56
2026-08-17,SEM/MO/01173 - Etiquetado manual,ETIQUETADO,Terminada,Sin registro hoy,,,1400.0,1147.0,81.9,34.4,30.0,0,2026-08-13 11:23,2026-08-13 11:23,,,2026-08-17 23:45:56
2026-08-17,SEM/MO/01169 - Dosificado manual ,DOSIFICADO MANUAL,Terminada,Sin registro hoy,,,2800.0,2800.0,100.0,58.8,60.0,0,2026-08-13 16:32,2026-08-13 16:32,,,2026-08-17 23:45:56
2026-08-17,SEM/MO/01175 - Enfundado 1,ENFUNDADO 1,Terminada,Sin registro hoy,,,1400.0,1401.0,100.1,350.2,177.2,0,2026-08-13 20:46,2026-08-14 06:28,,,2026-08-17 23:45:56
2026-08-17,SEM/MO/01176 - Dosificado Automático,DOSIFICADO AUTOMÁTICO,Terminada,Sin registro hoy,,,4100.0,7338.0,179.0,366.9,87.1,0,2026-08-14 08:34,2026-08-17 09:04,,,2026-08-17 23:45:56
2026-08-17,SEM/MO/01174 - Escaldado/descongelado,ESCALDADO,Terminada,Sin registro hoy,,,12960.0,10526.0,81.2,836.1,569.3,0,2026-08-14 13:51,2026-08-17 10:12,,,2026-08-17 23:45:56
2026-08-17,SEM/MO/01144 - Pasteurizado,PASTEURIZACIÓN,Terminada,Sin registro hoy,,,10.0,10.0,100.0,1.2,10.0,0,2026-08-15 09:25,2026-08-17 14:18,,,2026-08-17 23:45:56
2026-08-17,SEM/MO/01195 - Envasado Manual,ENVASADO MANUAL,En progreso,MORA CANENCIA ANA GABRIELA,OPERADOR DE PRODUCCION,PRODUCCION,1000.0,0.0,0.0,60.0,110.5,105.5,2026-08-17 09:08,2026-08-17 10:08,2026-08-17 09:08,2026-08-17 11:36,2026-08-17 23:45:56
2026-08-17,SEM/MO/01195 - Envasado Manual,ENVASADO MANUAL,En progreso,LANCHIMBA ESCORZA DAYANA PAOLA,OPERADOR DE PRODUCCION,PRODUCCION,1000.0,0.0,0.0,60.0,110.5,105.6,2026-08-17 09:08,2026-08-17 10:08,2026-08-17 09:08,2026-08-17 11:36,2026-08-17 23:45:56
2026-08-17,SEM/MO/01195 - Envasado Manual,ENVASADO MANUAL,En progreso,UMAQUINGA ANCHAPAXI HIPATIA MARICELA,OPERADOR DE PRODUCCION,PRODUCCION,1000.0,0.0,0.0,60.0,110.5,105.5,2026-08-17 09:08,2026-08-17 10:08,2026-08-17 09:08,2026-08-17 11:36,2026-08-17 23:45:56
2026-08-17,SEM/MO/01200 - Escaldado/descongelado,ESCALDADO,Terminada,Sin registro hoy,,,800.0,800.0,100.0,160.1,180.0,0,2026-08-17 10:13,2026-08-17 10:13,,,2026-08-17 23:45:56
2026-08-17,SEM/MO/01198 - Dosificado Automático,DOSIFICADO AUTOMÁTICO,En progreso,PUMALPA PAUCAR JORGE LUIS,OPERADOR DE PRODUCCION,PRODUCCION,2000.0,0.0,0.0,100.0,242.4,242.3,2026-08-17 12:58,2026-08-17 14:40,2026-08-17 14:35,2026-08-17 18:37,2026-08-17 23:45:56
2026-08-17,SEM/MO/01198 - Dosificado Automático,DOSIFICADO AUTOMÁTICO,En progreso,OJEDA MALUSIN VINICIO ALEXANDER,OPERADOR DE PRODUCCION,PRODUCCION,2000.0,0.0,0.0,100.0,242.4,0.1,2026-08-17 12:58,2026-08-17 14:40,2026-08-17 12:58,2026-08-17 12:58,2026-08-17 23:45:56
2026-08-17,SEM/MO/00001 - Envasado Manual,ENVASADO MANUAL,Terminada,Sin registro hoy,,,1500.0,1104.0,73.6,66.2,50.0,0,2026-04-07 09:46,2026-04-07 09:46,,,2026-08-17 23:45:56
2026-08-17,SEM/MO/00003 - Pasteurizado,PASTEURIZACIÓN,Terminada,Sin registro hoy,,,11350.0,11571.0,101.9,556.8,140.0,0,2026-04-07 12:13,2026-04-07 12:13,,,2026-08-17 23:45:56
2026-08-17,SEM/MO/00002 - Dosificado manual ,DOSIFICADO MANUAL,Terminada,Sin registro hoy,,,9750.0,10806.0,110.8,226.8,320.0,0,2026-04-07 12:29,2026-04-07 12:29,,,2026-08-17 23:45:56
2026-08-17,SEM/MO/00014 - Despulpado y refinado,PULPEADO,Terminada,Sin registro hoy,,,28500.0,25703.0,90.2,1071.0,464.8,0,2026-04-07 18:29,2026-04-07 18:29,,,2026-08-17 23:45:56
2026-08-17,SEM/MO/00004 - Etiquetado manual,ETIQUETADO,Terminada,Sin registro hoy,,,600.0,812.0,135.3,24.4,25.0,0,2026-04-07 18:42,2026-04-07 18:42,,,2026-08-17 23:45:56
2026-08-17,SEM/MO/00020 - Dosificado manual ,DOSIFICADO MANUAL,Terminada,Sin registro hoy,,,1211.0,1211.0,100.0,25.4,25.4,0,2026-04-07 18:51,2026-04-07 18:51,,,2026-08-17 23:45:56
2026-08-17,SEM/MO/00005 - Etiquetado manual,ETIQUETADO,Terminada,Sin registro hoy,,,11000.0,13836.0,125.8,415.1,165.0,0,2026-04-07 18:58,2026-04-07 18:58,,,2026-08-17 23:45:56
2026-08-17,SEM/MO/00022 - Despulpado y refinado,PULPEADO,Terminada,Sin registro hoy,,,1004.0,1004.0,100.0,41.8,41.8,0,2026-04-07 19:15,2026-04-07 19:15,,,2026-08-17 23:45:56
2026-08-17,SEM/MO/00025 - Etiquetado manual,ETIQUETADO,Terminada,Sin registro hoy,,,2711.0,2711.0,100.0,81.3,81.3,0,2026-04-07 19:22,2026-04-07 19:22,,,2026-08-17 23:45:56
2026-08-17,SEM/MO/00031 - Envasado Manual,ENVASADO MANUAL,Terminada,Sin registro hoy,,,1040.0,1040.0,100.0,62.4,100.0,0,2026-04-08 18:02,2026-04-08 18:02,,,2026-08-17 23:45:56
2026-08-17,SEM/MO/00023 - Dosificado Automático,DOSIFICADO AUTOMÁTICO,Terminada,Sin registro hoy,,,5100.0,5012.0,98.3,250.6,250.6,0,2026-04-08 18:06,2026-04-08 18:06,,,2026-08-17 23:45:56
2026-08-17,SEM/MO/00050 - Etiquetado manual,ETIQUETADO,Terminada,Sin registro hoy,,,812.0,812.0,100.0,24.4,25.0,0,2026-04-10 08:37,2026-04-10 08:37,,,2026-08-17 23:45:56
2026-08-17,SEM/MO/00034 - Envasado Manual,ENVASADO MANUAL,Terminada,Sin registro hoy,,,504.0,376.0,74.6,22.6,30.0,0,2026-04-10 10:25,2026-04-10 10:25,,,2026-08-17 23:45:56
2026-08-17,SEM/MO/00035 - Dosificado Automático,DOSIFICADO AUTOMÁTICO,Terminada,Sin registro hoy,,,10000.0,9980.0,99.8,499.0,165.0,0,2026-04-10 11:02,2026-04-10 11:02,,,2026-08-17 23:45:56
2026-08-17,SEM/MO/00033 - Dosificado Automático,DOSIFICADO AUTOMÁTICO,Terminada,Sin registro hoy,,,1000.0,843.0,84.3,33.7,80.0,0,2026-04-10 12:42,2026-04-10 12:42,,,2026-08-17 23:45:56
2026-08-17,SEM/MO/00037 - Dosificado Automático,DOSIFICADO AUTOMÁTICO,Terminada,Sin registro hoy,,,1000.0,1264.0,126.4,50.6,180.0,0,2026-04-14 11:00,2026-04-14 11:00,,,2026-08-17 23:45:56
2026-08-17,SEM/MO/00053 - Pasteurizado,PASTEURIZACIÓN,Terminada,Sin registro hoy,,,3000.0,1690.0,56.3,81.3,25.0,0,2026-04-14 12:22,2026-04-14 12:22,,,2026-08-17 23:45:56
2026-08-17,SEM/MO/00036 - Pasteurizado,PASTEURIZACIÓN,Terminada,Sin registro hoy,,,8000.0,3381.0,42.3,162.7,65.0,0,2026-04-14 12:23,2026-04-14 12:23,,,2026-08-17 23:45:56
2026-08-17,SEM/MO/00038 - Dosificado Automático,DOSIFICADO AUTOMÁTICO,Terminada,Sin registro hoy,,,10000.0,12311.0,123.1,615.5,400.0,0,2026-04-14 12:26,2026-04-14 12:26,,,2026-08-17 23:45:56
2026-08-17,SEM/MO/00039 - Dosificado manual ,DOSIFICADO MANUAL,Terminada,Sin registro hoy,,,4000.0,3929.0,98.2,208.0,199.6,0,2026-04-14 12:54,2026-04-14 12:54,,,2026-08-17 23:45:56
2026-08-17,SEM/MO/00051 - Dosificado Automático,DOSIFICADO AUTOMÁTICO,Terminada,Sin registro hoy,,,1000.0,1238.0,123.8,49.5,270.0,0,2026-04-14 13:05,2026-04-14 13:05,,,2026-08-17 23:45:56
2026-08-17,SEM/MO/00052 - Despulpado y refinado,PULPEADO,Terminada,Sin registro hoy,,,16200.0,14577.0,90.0,607.4,370.1,0,2026-04-14 13:11,2026-04-14 13:11,,,2026-08-17 23:45:56
2026-08-17,SEM/MO/00105 - Etiquetado manual,ETIQUETADO,Terminada,Sin registro hoy,,,11000.0,11264.0,102.4,337.9,205.0,0,2026-04-16 10:08,2026-04-16 10:08,,,2026-08-17 23:45:56
2026-08-17,SEM/MO/00061 - Dosificado manual ,DOSIFICADO MANUAL,Terminada,Sin registro hoy,,,7600.0,7474.0,98.3,395.6,165.0,0,2026-04-16 10:43,2026-04-16 10:43,,,2026-08-17 23:45:56
2026-08-17,SEM/MO/00060 - Etiquetado manual,ETIQUETADO,Terminada,Sin registro hoy,,,600.0,1733.0,288.8,52.0,30.0,0,2026-04-16 11:29,2026-04-16 11:29,,,2026-08-17 23:45:56
2026-08-17,SEM/MO/00055 - Etiquetado manual,ETIQUETADO,Terminada,Sin registro hoy,,,1200.0,1437.0,119.8,43.1,30.0,0,2026-04-16 11:31,2026-04-16 11:31,,,2026-08-17 23:45:56
2026-08-17,SEM/MO/00082 - Dosificado manual ,DOSIFICADO MANUAL,Terminada,Sin registro hoy,,,16200.0,16178.0,99.9,339.6,445.1,0,2026-04-20 09:05,2026-04-20 09:05,,,2026-08-17 23:45:56
2026-08-17,SEM/MO/00006 - Etiquetado manual,ETIQUETADO,Terminada,Sin registro hoy,,,4000.0,3835.0,95.9,115.0,30.0,0,2026-04-20 09:53,2026-04-20 09:53,,,2026-08-17 23:45:56
2026-08-17,SEM/MO/00028 - Dosificado manual ,DOSIFICADO MANUAL,Terminada,Sin registro hoy,,,8000.0,6831.0,85.4,361.6,180.0,0,2026-04-20 09:58,2026-04-20 09:58,,,2026-08-17 23:45:56
2026-08-17,SEM/MO/00110 - Despulpado y refinado,PULPEADO,Terminada,Sin registro hoy,,,1000.0,1617.0,161.7,107.0,60.0,0,2026-04-20 10:16,2026-04-20 10:16,,,2026-08-17 23:45:56
2026-08-17,SEM/MO/00121 - Envasado Manual,ENVASADO MANUAL,Terminada,Sin registro hoy,,,1498.0,756.0,50.5,45.4,75.0,0,2026-04-21 12:34,2026-04-21 12:34,,,2026-08-17 23:45:56
2026-08-17,SEM/MO/00129 - Despulpado y refinado,PULPEADO,Terminada,Sin registro hoy,,,12960.0,12400.0,95.7,516.7,315.0,0,2026-04-21 12:44,2026-04-21 12:44,,,2026-08-17 23:45:56
2026-08-17,SEM/MO/00062 - Etiquetado manual,ETIQUETADO,Terminada,Sin registro hoy,,,12000.0,11730.0,97.8,351.9,255.2,0,2026-04-21 12:51,2026-04-21 12:51,,,2026-08-17 23:45:56
2026-08-17,SEM/MO/00128 - Pasteurizado,PASTEURIZACIÓN,Terminada,Sin registro hoy,,,2600.0,3349.0,128.8,161.2,95.0,0,2026-04-21 15:50,2026-04-21 15:50,,,2026-08-17 23:45:56
2026-08-17,SEM/MO/00130 - Envasado Manual,ENVASADO MANUAL,Terminada,Sin registro hoy,,,336.0,368.0,109.5,22.1,40.0,0,2026-04-21 16:02,2026-04-21 16:02,,,2026-08-17 23:45:56
2026-08-17,SEM/MO/00081 - Pasteurizado,PASTEURIZACIÓN,Terminada,Sin registro hoy,,,4500.0,5044.0,112.1,242.7,290.0,0,2026-04-21 16:23,2026-04-21 16:23,,,2026-08-17 23:45:56
2026-08-17,SEM/MO/00145 - Dosificado manual ,DOSIFICADO MANUAL,Terminada,Sin registro hoy,,,1300.0,2302.0,177.1,121.8,90.0,0,2026-04-21 17:47,2026-04-21 17:47,,,2026-08-17 23:45:56
2026-08-17,SEM/MO/00146 - Etiquetado manual,ETIQUETADO,Terminada,Sin registro hoy,,,11000.0,12574.0,114.3,377.2,240.0,0,2026-04-21 18:29,2026-04-21 18:29,,,2026-08-17 23:45:56
2026-08-17,SEM/MO/00148 - Envasado Manual,ENVASADO MANUAL,Terminada,Sin registro hoy,,,10.0,10.0,100.0,0.6,10.0,0,2026-04-21 18:45,2026-04-21 18:45,,,2026-08-17 23:45:56
2026-08-17,SEM/MO/00147 - Etiquetado manual,ETIQUETADO,Terminada,Sin registro hoy,,,800.0,368.0,46.0,11.0,30.0,0,2026-04-21 18:50,2026-04-21 18:50,,,2026-08-17 23:45:56
2026-08-17,SEM/MO/00122 - Envasado Manual,ENVASADO MANUAL,Terminada,Sin registro hoy,,,650.0,616.0,94.8,37.0,40.0,0,2026-04-21 22:47,2026-04-21 22:47,,,2026-08-17 23:45:56
2026-08-17,SEM/MO/00169 - Envasado Manual,ENVASADO MANUAL,Terminada,Sin registro hoy,,,516.0,408.0,79.1,24.5,25.0,0,2026-04-22 12:28,2026-04-22 12:28,,,2026-08-17 23:45:56
2026-08-17,SEM/MO/00171 - Pasteurizado,PASTEURIZACIÓN,Terminada,Sin registro hoy,,,10000.0,2578.0,25.8,124.1,85.0,0,2026-04-23 09:05,2026-04-23 09:05,,,2026-08-17 23:45:56
2026-08-17,SEM/MO/00170 - Dosificado manual ,DOSIFICADO MANUAL,Terminada,Sin registro hoy,,,10300.0,10283.0,99.8,215.8,225.0,0,2026-04-23 09:08,2026-04-23 09:08,,,2026-08-17 23:45:56
2026-08-17,SEM/MO/00173 - Pasteurizado,PASTEURIZACIÓN,Terminada,Sin registro hoy,,,1120.0,1360.0,121.4,164.6,145.0,0,2026-04-24 00:58,2026-04-24 00:58,,,2026-08-17 23:45:56
2026-08-17,SEM/MO/00177 - Pasteurizado,PASTEURIZACIÓN,Terminada,Sin registro hoy,,,9000.0,8642.0,96.0,261.9,85.0,0,2026-04-24 12:11,2026-04-24 12:11,,,2026-08-17 23:45:56
2026-08-17,SEM/MO/00144 - Pasteurizado,PASTEURIZACIÓN,Terminada,Sin registro hoy,,,144.0,144.0,100.0,17.4,15.0,0,2026-04-24 15:37,2026-04-24 15:37,,,2026-08-17 23:45:56
2026-08-17,SEM/MO/00203 - Pasteurizado,PASTEURIZACIÓN,Terminada,Sin registro hoy,,,1312.0,1312.0,100.0,158.8,145.0,0,2026-04-24 15:48,2026-04-24 15:48,,,2026-08-17 23:45:56
2026-08-17,SEM/MO/00200 - Dosificado manual ,DOSIFICADO MANUAL,Terminada,Sin registro hoy,,,4700.0,4257.0,90.6,89.4,105.0,0,2026-04-27 19:53,2026-04-27 19:53,,,2026-08-17 23:45:56
2026-08-17,SEM/MO/00198 - Dosificado manual ,DOSIFICADO MANUAL,Terminada,Sin registro hoy,,,11500.0,11538.0,100.3,242.2,345.0,0,2026-04-27 20:22,2026-04-27 20:22,,,2026-08-17 23:45:56
2026-08-17,SEM/MO/00209 - Dosificado manual ,DOSIFICADO MANUAL,Terminada,Sin registro hoy,,,32940.0,32940.0,100.0,691.4,530.0,0,2026-04-27 23:26,2026-04-27 23:26,,,2026-08-17 23:45:56
2026-08-17,SEM/MO/00221 - Envasado Manual,ENVASADO MANUAL,Terminada,Sin registro hoy,,,1300.0,1360.0,104.6,81.6,70.0,0,2026-04-30 13:32,2026-04-30 13:32,,,2026-08-17 23:45:56
2026-08-17,SEM/MO/00168 - Pasteurizado,PASTEURIZACIÓN,Terminada,Sin registro hoy,,,11100.0,9813.0,88.4,297.4,230.0,0,2026-04-30 13:40,2026-04-30 13:40,,,2026-08-17 23:45:56
2026-08-17,SEM/MO/00214 - Despulpado y refinado,PULPEADO,Terminada,Sin registro hoy,,,14000.0,13966.0,99.8,581.9,295.0,0,2026-04-30 14:21,2026-04-30 14:21,,,2026-08-17 23:45:56
2026-08-17,SEM/MO/00222 - Etiquetado manual,ETIQUETADO,Terminada,Sin registro hoy,,,8000.0,8063.0,100.8,241.9,110.0,0,2026-04-30 15:46,2026-04-30 15:46,,,2026-08-17 23:45:56
2026-08-17,SEM/MO/00210 - Envasado Manual,ENVASADO MANUAL,Terminada,Sin registro hoy,,,200.0,200.0,100.0,12.0,20.0,0,2026-04-30 16:04,2026-04-30 16:04,,,2026-08-17 23:45:56
2026-08-17,SEM/MO/00218 - Etiquetado manual,ETIQUETADO,Terminada,Sin registro hoy,,,13000.0,13132.0,101.0,394.0,299.0,0,2026-04-30 16:14,2026-04-30 16:14,,,2026-08-17 23:45:56
2026-08-17,SEM/MO/00224 - Despulpado y refinado,PULPEADO,Terminada,Sin registro hoy,,,10000.0,12069.0,120.7,502.9,120.0,0,2026-04-30 16:30,2026-04-30 16:30,,,2026-08-17 23:45:56
2026-08-17,SEM/MO/00225 - Envasado Manual,ENVASADO MANUAL,Terminada,Sin registro hoy,,,2800.0,2120.0,75.7,127.2,145.0,0,2026-04-30 16:59,2026-04-30 16:59,,,2026-08-17 23:45:56
2026-08-17,SEM/MO/00180 - Envasado Manual,ENVASADO MANUAL,Terminada,Sin registro hoy,,,3510.0,2376.0,67.7,142.6,90.0,0,2026-04-30 17:08,2026-04-30 17:08,,,2026-08-17 23:45:56
2026-08-17,SEM/MO/00231 - Envasado Manual,ENVASADO MANUAL,Terminada,Sin registro hoy,,,1080.0,1098.0,101.7,65.9,40.0,0,2026-05-04 04:52,2026-05-04 04:52,,,2026-08-17 23:45:56
2026-08-17,SEM/MO/00232 - Envasado Manual,ENVASADO MANUAL,Terminada,Sin registro hoy,,,400.0,592.0,148.0,35.5,40.0,0,2026-05-04 04:53,2026-05-04 04:53,,,2026-08-17 23:45:56
2026-08-17,SEM/MO/00234 - Dosificado manual ,DOSIFICADO MANUAL,Terminada,Sin registro hoy,,,6700.0,9700.0,144.8,203.6,215.0,0,2026-05-04 16:57,2026-05-04 16:57,,,2026-08-17 23:45:56
2026-08-17,SEM/MO/00233 - Etiquetado manual,ETIQUETADO,Terminada,Sin registro hoy,,,6700.0,7302.0,109.0,219.1,180.0,0,2026-05-04 17:03,2026-05-04 17:03,,,2026-08-17 23:45:56
2026-08-17,SEM/MO/00235 - Dosificado manual ,DOSIFICADO MANUAL,Terminada,Sin registro hoy,,,3501.0,3501.0,100.0,73.5,90.0,0,2026-05-04 17:12,2026-05-04 17:12,,,2026-08-17 23:45:56
2026-08-17,SEM/MO/00236 - Pasteurizado,PASTEURIZACIÓN,Terminada,Sin registro hoy,,,8000.0,6853.0,85.7,207.7,80.0,0,2026-05-04 17:24,2026-05-04 17:24,,,2026-08-17 23:45:56
2026-08-17,SEM/MO/00254 - Dosificado manual ,DOSIFICADO MANUAL,Terminada,Sin registro hoy,,,13000.0,12724.0,97.9,267.1,434.9,0,2026-05-05 08:30,2026-05-05 08:30,,,2026-08-17 23:45:56
2026-08-17,SEM/MO/00252 - Despulpado y refinado,PULPEADO,Terminada,Sin registro hoy,,,9800.0,9794.0,99.9,408.1,285.0,0,2026-05-05 09:11,2026-05-05 09:11,,,2026-08-17 23:45:56
2026-08-17,SEM/MO/00270 - Envasado Manual,ENVASADO MANUAL,Terminada,Sin registro hoy,,,20.0,20.0,100.0,1.2,15.0,0,2026-05-05 12:07,2026-05-05 12:07,,,2026-08-17 23:45:56
2026-08-17,SEM/MO/00267 - Dosificado manual ,DOSIFICADO MANUAL,Terminada,Sin registro hoy,,,16500.0,16442.0,99.6,345.1,429.9,0,2026-05-05 12:41,2026-05-05 12:41,,,2026-08-17 23:45:56
2026-08-17,SEM/MO/00266 - Pasteurizado,PASTEURIZACIÓN,Terminada,Sin registro hoy,,,2500.0,889.0,35.6,42.8,10.0,0,2026-05-05 12:42,2026-05-05 12:42,,,2026-08-17 23:45:56
2026-08-17,SEM/MO/00265 - Envasado Manual,ENVASADO MANUAL,Terminada,Sin registro hoy,,,320.0,320.0,100.0,19.2,30.0,0,2026-05-05 12:44,2026-05-05 12:44,,,2026-08-17 23:45:56
2026-08-17,SEM/MO/00278 - Dosificado Automático,DOSIFICADO AUTOMÁTICO,Terminada,Sin registro hoy,,,14000.0,6171.0,44.1,308.6,165.0,0,2026-05-07 14:17,2026-05-07 14:17,,,2026-08-17 23:45:56
2026-08-17,SEM/MO/00286 - Etiquetado manual,ETIQUETADO,Terminada,Sin registro hoy,,,3000.0,2990.0,99.7,89.7,75.0,0,2026-05-07 14:57,2026-05-07 14:57,,,2026-08-17 23:45:56
2026-08-17,SEM/MO/00305 - Dosificado Automático,DOSIFICADO AUTOMÁTICO,Terminada,Sin registro hoy,,,4500.0,4228.0,94.0,211.4,274.9,0,2026-05-11 15:54,2026-05-11 15:54,,,2026-08-17 23:45:56
2026-08-17,SEM/MO/00312 - Pasteurizado,PASTEURIZACIÓN,Terminada,Sin registro hoy,,,1000.0,1100.0,110.0,133.1,100.0,0,2026-05-12 08:53,2026-05-12 08:53,,,2026-08-17 23:45:56
2026-08-17,SEM/MO/00313 - Despulpado y refinado,PULPEADO,Terminada,Sin registro hoy,,,10000.0,3519.0,35.2,232.8,125.0,0,2026-05-12 13:39,2026-05-18 14:21,,,2026-08-17 23:45:56
2026-08-17,SEM/MO/00288 - Etiquetado manual,ETIQUETADO,Terminada,Sin registro hoy,,,1200.0,2256.0,188.0,67.7,70.0,0,2026-05-13 03:51,2026-05-13 03:51,,,2026-08-17 23:45:56
2026-08-17,SEM/MO/00297 - Envasado Manual,ENVASADO MANUAL,Terminada,Sin registro hoy,,,994.0,980.0,98.6,58.8,75.0,0,2026-05-13 04:23,2026-05-13 04:23,,,2026-08-17 23:45:56
2026-08-17,SEM/MO/00316 - Pasteurizado,PASTEURIZACIÓN,Terminada,Sin registro hoy,,,150.0,104.0,69.3,12.6,45.0,0,2026-05-13 05:08,2026-05-13 05:08,,,2026-08-17 23:45:56
2026-08-17,SEM/MO/00315 - Pasteurizado,PASTEURIZACIÓN,Terminada,Sin registro hoy,,,64.0,64.0,100.0,7.7,25.0,0,2026-05-13 05:10,2026-05-13 05:10,,,2026-08-17 23:45:56
2026-08-17,SEM/MO/00317 - Dosificado manual ,DOSIFICADO MANUAL,Terminada,Sin registro hoy,,,4000.0,1851.0,46.3,98.0,60.0,0,2026-05-13 05:14,2026-05-13 05:14,,,2026-08-17 23:45:56
2026-08-17,SEM/MO/00314 - Despulpado y refinado,PULPEADO,Terminada,Sin registro hoy,,,200.0,200.0,100.0,8.3,20.0,0,2026-05-13 08:33,2026-05-13 08:33,,,2026-08-17 23:45:56
2026-08-17,SEM/MO/00323 - Pasteurizado,PASTEURIZACIÓN,Terminada,Sin registro hoy,,,10000.0,9105.0,91.0,438.1,335.0,0,2026-05-13 09:10,2026-05-13 09:10,,,2026-08-17 23:45:56
2026-08-17,SEM/MO/00324-001 - Dosificado manual ,DOSIFICADO MANUAL,Terminada,Sin registro hoy,,,2989.0,2989.0,100.0,62.7,115.0,0,2026-05-13 09:11,2026-05-13 09:11,,,2026-08-17 23:45:56
2026-08-17,SEM/MO/00326 - Pasteurizado,PASTEURIZACIÓN,Terminada,Sin registro hoy,,,3520.0,4160.0,118.2,503.4,450.0,0,2026-05-13 13:53,2026-05-13 13:53,,,2026-08-17 23:45:56
2026-08-17,SEM/MO/00311 - Dosificado manual ,DOSIFICADO MANUAL,Terminada,Sin registro hoy,,,5000.0,3588.0,71.8,75.3,70.0,0,2026-05-13 14:04,2026-05-13 14:04,,,2026-08-17 23:45:56
2026-08-17,SEM/MO/00338 - Despulpado y refinado,PULPEADO,Terminada,Sin registro hoy,,,1700.0,1700.0,100.0,112.5,100.0,0,2026-05-13 14:25,2026-05-13 14:25,,,2026-08-17 23:45:56
2026-08-17,SEM/MO/00331 - Envasado Manual,ENVASADO MANUAL,Terminada,Sin registro hoy,,,320.0,320.0,100.0,19.2,15.0,0,2026-05-14 20:40,2026-05-14 20:40,,,2026-08-17 23:45:56
2026-08-17,SEM/MO/00306 - Pasteurizado,PASTEURIZACIÓN,Terminada,Sin registro hoy,,,10000.0,9320.0,93.2,448.5,380.0,0,2026-05-15 15:27,2026-05-15 15:27,,,2026-08-17 23:45:56
2026-08-17,SEM/MO/00310 - Dosificado Automático,DOSIFICADO AUTOMÁTICO,Terminada,Sin registro hoy,,,14000.0,12024.0,85.9,601.2,325.0,0,2026-05-15 15:44,2026-05-15 15:44,,,2026-08-17 23:45:56
2026-08-17,SEM/MO/00325 - Etiquetado manual,ETIQUETADO,Terminada,Sin registro hoy,,,600.0,758.0,126.3,22.7,35.0,0,2026-05-18 06:45,2026-05-18 06:45,,,2026-08-17 23:45:56
2026-08-17,SEM/MO/00348 - Envasado Manual,ENVASADO MANUAL,Terminada,Sin registro hoy,,,1000.0,800.0,80.0,48.0,80.0,0,2026-05-18 06:49,2026-05-18 06:49,,,2026-08-17 23:45:56
2026-08-17,SEM/MO/00349 - Dosificado manual ,DOSIFICADO MANUAL,Terminada,Sin registro hoy,,,500.0,499.0,99.8,10.5,20.0,0,2026-05-18 07:21,2026-05-18 07:21,,,2026-08-17 23:45:56
2026-08-17,SEM/MO/00353 - Dosificado Automático,DOSIFICADO AUTOMÁTICO,Terminada,Sin registro hoy,,,14000.0,9695.0,69.2,484.8,280.0,0,2026-05-18 11:14,2026-05-18 11:14,,,2026-08-17 23:45:56
2026-08-17,SEM/MO/00334 - Etiquetado manual,ETIQUETADO,Terminada,Sin registro hoy,,,4500.0,4556.0,101.2,136.7,120.0,0,2026-05-18 14:28,2026-05-18 14:28,,,2026-08-17 23:45:56
2026-08-17,SEM/MO/00333 - Pasteurizado,PASTEURIZACIÓN,Terminada,Sin registro hoy,,,12000.0,6084.0,50.7,292.8,195.0,0,2026-05-18 22:26,2026-05-18 22:26,,,2026-08-17 23:45:56
2026-08-17,SEM/MO/00366 - Pasteurizado,PASTEURIZACIÓN,Terminada,Sin registro hoy,,,3500.0,2829.0,80.8,136.1,95.0,0,2026-05-18 22:31,2026-05-18 22:31,,,2026-08-17 23:45:56
2026-08-17,SEM/MO/00357 - Despulpado y refinado,PULPEADO,Terminada,Sin registro hoy,,,6500.0,7677.0,118.1,508.0,320.0,0,2026-05-18 23:20,2026-05-18 23:20,,,2026-08-17 23:45:56
2026-08-17,SEM/MO/00350 - Envasado Manual,ENVASADO MANUAL,Terminada,Sin registro hoy,,,432.0,432.0,100.0,25.9,30.0,0,2026-05-19 00:30,2026-05-19 00:30,,,2026-08-17 23:45:56
2026-08-17,SEM/MO/00352 - Envasado Manual,ENVASADO MANUAL,Terminada,Sin registro hoy,,,1008.0,938.0,93.1,56.3,210.0,0,2026-05-19 00:35,2026-05-19 00:35,,,2026-08-17 23:45:56
2026-08-17,SEM/MO/00332 - Pasteurizado,PASTEURIZACIÓN,Terminada,Sin registro hoy,,,7500.0,7639.0,101.9,367.6,250.0,0,2026-05-19 15:18,2026-05-19 15:18,,,2026-08-17 23:45:56
2026-08-17,SEM/MO/00379 - Pasteurizado,PASTEURIZACIÓN,Terminada,Sin registro hoy,,,12000.0,13144.0,109.5,632.5,405.1,0,2026-05-19 17:15,2026-05-19 17:15,,,2026-08-17 23:45:56
2026-08-17,SEM/MO/00399 - Despulpado y refinado,PULPEADO,Terminada,Sin registro hoy,,,8000.0,8000.0,100.0,529.3,322.1,0,2026-05-21 13:40,2026-05-21 22:13,,,2026-08-17 23:45:56
2026-08-17,SEM/MO/00382 - Envasado Manual,ENVASADO MANUAL,Terminada,Sin registro hoy,,,4040.0,4000.0,99.0,240.0,305.0,0,2026-05-21 14:21,2026-05-21 14:21,,,2026-08-17 23:45:56
2026-08-17,SEM/MO/00404 - Envasado Manual,ENVASADO MANUAL,Terminada,Sin registro hoy,,,404.0,404.0,100.0,24.2,40.0,0,2026-05-21 21:38,2026-05-21 21:38,,,2026-08-17 23:45:56
2026-08-17,SEM/MO/00391 - Envasado Manual,ENVASADO MANUAL,Terminada,Sin registro hoy,,,1200.0,1320.0,110.0,79.2,70.0,0,2026-05-21 21:41,2026-05-21 21:41,,,2026-08-17 23:45:56
2026-08-17,SEM/MO/00389 - Envasado Manual,ENVASADO MANUAL,Terminada,Sin registro hoy,,,2016.0,2286.0,113.4,137.2,145.0,0,2026-05-21 21:47,2026-05-21 21:47,,,2026-08-17 23:45:56
2026-08-17,SEM/MO/00395 - Pelado químico,PELADO QUÍMICO,Terminada,Sin registro hoy,,,400.0,250.0,62.5,79.7,285.6,0,2026-05-22 07:24,2026-05-26 15:06,,,2026-08-17 23:45:56
2026-08-17,SEM/MO/00396 - Dosificado Automático,DOSIFICADO AUTOMÁTICO,Terminada,Sin registro hoy,,,14000.0,9644.0,68.9,482.2,372.0,0,2026-05-22 09:20,2026-05-26 17:33,,,2026-08-17 23:45:56
2026-08-17,SEM/MO/00388 - Pasteurizado,PASTEURIZACIÓN,Terminada,Sin registro hoy,,,7500.0,7977.0,106.4,383.9,300.1,0,2026-05-22 13:44,2026-05-25 17:47,,,2026-08-17 23:45:56
2026-08-17,SEM/MO/00409 - Pasteurizado,PASTEURIZACIÓN,Terminada,Sin registro hoy,,,11300.0,5238.0,46.4,252.1,173.2,0,2026-05-22 18:39,2026-05-28 15:22,,,2026-08-17 23:45:56
2026-08-17,SEM/MO/00398 - Envasado Manual,ENVASADO MANUAL,Terminada,Sin registro hoy,,,480.0,552.0,115.0,33.1,52.3,0,2026-05-24 09:56,2026-05-25 21:09,,,2026-08-17 23:45:56
2026-08-17,SEM/MO/00381 - Dosificado Automático,DOSIFICADO AUTOMÁTICO,Terminada,Sin registro hoy,,,12000.0,11834.0,98.6,591.7,728.0,0,2026-05-25 17:38,2026-05-25 17:38,,,2026-08-17 23:45:56
2026-08-17,SEM/MO/00418 - Envasado Manual,ENVASADO MANUAL,Terminada,Sin registro hoy,,,1200.0,1360.0,113.3,81.6,104.9,0,2026-05-26 08:49,2026-05-28 15:32,,,2026-08-17 23:45:56
2026-08-17,SEM/MO/00413 - Despulpado y refinado,PULPEADO,Terminada,Sin registro hoy,,,800.0,800.0,100.0,133.3,21.0,0,2026-05-26 08:56,2026-05-26 08:56,,,2026-08-17 23:45:56
2026-08-17,SEM/MO/00414 - Despulpado y refinado,PULPEADO,Terminada,Sin registro hoy,,,304.0,304.0,100.0,50.7,40.0,0,2026-05-26 09:11,2026-05-26 09:11,,,2026-08-17 23:45:56
2026-08-17,SEM/MO/00419 - Dosificado Automático,DOSIFICADO AUTOMÁTICO,Terminada,Sin registro hoy,,,14000.0,8345.0,59.6,417.2,347.4,0,2026-05-26 13:01,2026-05-29 05:45,,,2026-08-17 23:45:56
2026-08-17,SEM/MO/00420 - Despulpado y refinado,PULPEADO,Terminada,Sin registro hoy,,,2000.0,2615.0,130.8,173.0,150.2,0,2026-05-26 16:41,2026-05-28 15:40,,,2026-08-17 23:45:56
2026-08-17,SEM/MO/00427 - Envasado Manual,ENVASADO MANUAL,Terminada,Sin registro hoy,,,1760.0,1760.0,100.0,105.6,60.0,0,2026-05-26 17:30,2026-05-26 17:30,,,2026-08-17 23:45:56
2026-08-17,SEM/MO/00439 - Etiquetado manual,ETIQUETADO,Terminada,Sin registro hoy,,,6000.0,6575.0,109.6,197.2,152.0,0,2026-05-27 07:02,2026-05-30 14:41,,,2026-08-17 23:45:56
2026-08-17,SEM/MO/00440 - Envasado Manual,ENVASADO MANUAL,Terminada,Sin registro hoy,,,1504.0,1504.0,100.0,90.2,100.6,0,2026-05-27 17:50,2026-05-30 12:17,,,2026-08-17 23:45:56
2026-08-17,SEM/MO/00441 - Envasado Manual,ENVASADO MANUAL,Terminada,Sin registro hoy,,,590.0,602.0,102.0,36.1,49.2,0,2026-05-27 18:40,2026-05-30 12:14,,,2026-08-17 23:45:56
2026-08-17,SEM/MO/00444 - Despulpado y refinado,PULPEADO,Terminada,Sin registro hoy,,,8400.0,7811.0,93.0,516.8,463.8,0,2026-05-28 06:30,2026-05-30 15:26,,,2026-08-17 23:45:56
2026-08-17,SEM/MO/00446 - Pasteurizado,PASTEURIZACIÓN,Terminada,Sin registro hoy,,,12000.0,14899.0,124.2,717.0,323.5,0,2026-05-28 14:50,2026-05-31 00:16,,,2026-08-17 23:45:56
2026-08-17,SEM/MO/00451 - Dosificado Automático,DOSIFICADO AUTOMÁTICO,Terminada,Sin registro hoy,,,7500.0,8369.0,111.6,418.4,420.2,0,2026-05-29 07:59,2026-05-31 16:28,,,2026-08-17 23:45:56
2026-08-17,SEM/MO/00452 - Dosificado Automático,DOSIFICADO AUTOMÁTICO,Terminada,Sin registro hoy,,,14000.0,9788.0,69.9,489.4,255.6,0,2026-05-29 16:59,2026-05-31 20:13,,,2026-08-17 23:45:56
2026-08-17,SEM/MO/00450 - Lavado de tachos,TACHOS,Terminada,Sin registro hoy,,,1600.0,1744.0,109.0,0.0,180.0,0,2026-05-30 08:00,2026-05-31 00:24,,,2026-08-17 23:45:56
2026-08-17,SEM/MO/00466 - Envasado Manual,ENVASADO MANUAL,Terminada,Sin registro hoy,,,1600.0,2375.0,148.4,142.5,145.2,0,2026-05-31 08:00,2026-05-31 17:04,,,2026-08-17 23:45:56
2026-08-17,SEM/MO/00471 - Tachos,TACHOS,Terminada,Sin registro hoy,,,704.0,800.0,113.6,0.0,182.3,0,2026-06-01 06:06,2026-06-01 16:49,,,2026-08-17 23:45:56
2026-08-17,SEM/MO/00470 - Etiquetado manual,ETIQUETADO,Terminada,Sin registro hoy,,,6000.0,10090.0,168.2,302.7,328.8,0,2026-06-01 07:15,2026-06-02 17:36,,,2026-08-17 23:45:56
2026-08-17,SEM/MO/00468 - Pasteurizado,PASTEURIZACIÓN,Terminada,Sin registro hoy,,,13000.0,14164.0,109.0,681.6,383.0,0,2026-06-01 10:25,2026-06-02 13:56,,,2026-08-17 23:45:56
2026-08-17,SEM/MO/00472 - Envasado Manual,ENVASADO MANUAL,Terminada,Sin registro hoy,,,10.0,10.0,100.0,0.6,8.4,0,2026-06-01 21:10,2026-06-03 09:11,,,2026-08-17 23:45:56
2026-08-17,SEM/MO/00488 - Dosificado manual ,DOSIFICADO MANUAL,Terminada,Sin registro hoy,,,7600.0,7015.0,92.3,371.3,264.1,0,2026-06-02 13:47,2026-06-03 09:29,,,2026-08-17 23:45:56
2026-08-17,SEM/MO/00497 - Envasado Manual,ENVASADO MANUAL,Terminada,Sin registro hoy,,,1400.0,1400.0,100.0,84.0,116.0,0,2026-06-03 09:08,2026-06-03 12:59,,,2026-08-17 23:45:56
2026-08-17,SEM/MO/00508 - Dosificado Automático,DOSIFICADO AUTOMÁTICO,Terminada,Sin registro hoy,,,14000.0,29161.0,208.3,1458.0,1167.6,0,2026-06-03 09:10,2026-06-08 12:56,,,2026-08-17 23:45:56
2026-08-17,SEM/MO/00489 - Etiquetado manual,ETIQUETADO,Terminada,Sin registro hoy,,,24000.0,1345.0,5.6,40.4,215.7,0,2026-06-04 06:40,2026-06-09 08:22,,,2026-08-17 23:45:56
2026-08-17,SEM/MO/00490 - Envasado Manual,ENVASADO MANUAL,Terminada,Sin registro hoy,,,512.0,512.0,100.0,30.7,78.5,0,2026-06-04 16:54,2026-06-09 08:22,,,2026-08-17 23:45:56
2026-08-17,SEM/MO/00511 - lavado,TACHOS,Terminada,Sin registro hoy,,,1600.0,1600.0,100.0,0.0,333.3,0,2026-06-05 06:16,2026-06-05 15:23,,,2026-08-17 23:45:56
2026-08-17,SEM/MO/00513 - Despulpado y refinado,PULPEADO,Terminada,Sin registro hoy,,,14000.0,14000.0,100.0,583.3,332.5,0,2026-06-05 10:03,2026-06-05 17:55,,,2026-08-17 23:45:56
2026-08-17,SEM/MO/00521 - Envasado,ENVASADO MANUAL,Terminada,Sin registro hoy,,,300.0,300.0,100.0,0.0,50.0,0,2026-06-05 16:24,2026-06-05 17:54,,,2026-08-17 23:45:56
2026-08-17,SEM/MO/00522 - Envasado Manual,ENVASADO MANUAL,Terminada,Sin registro hoy,,,3600.0,3870.0,107.5,232.2,316.1,0,2026-06-05 17:59,2026-06-08 22:30,,,2026-08-17 23:45:56
2026-08-17,SEM/MO/00523 - Envasado Manual,ENVASADO MANUAL,Terminada,Sin registro hoy,,,1500.0,1500.0,100.0,90.0,109.6,0,2026-06-05 18:46,2026-06-05 22:39,,,2026-08-17 23:45:56
2026-08-17,SEM/MO/00526 - Pasteurizado,PASTEURIZACIÓN,Terminada,Sin registro hoy,,,14000.0,13025.0,93.0,626.8,331.8,0,2026-06-08 08:25,2026-06-09 14:16,,,2026-08-17 23:45:56
2026-08-17,SEM/MO/00525 - Lavado de tachos,TACHOS,Terminada,Sin registro hoy,,,450.0,448.0,99.6,0.0,85.0,0,2026-06-08 10:15,2026-06-08 21:27,,,2026-08-17 23:45:56
2026-08-17,SEM/MO/00527 - Etiquetado manual,ETIQUETADO,Terminada,Sin registro hoy,,,7800.0,8276.0,106.1,248.3,159.5,0,2026-06-08 16:06,2026-06-09 14:08,,,2026-08-17 23:45:56
2026-08-17,SEM/MO/00537 - Dosificado manual ,DOSIFICADO MANUAL,Terminada,Sin registro hoy,,,3500.0,3498.0,99.9,73.4,129.8,0,2026-06-09 09:29,2026-06-10 14:07,,,2026-08-17 23:45:56
2026-08-17,SEM/MO/00538 - Dosificado Automático,DOSIFICADO AUTOMÁTICO,Terminada,Sin registro hoy,,,11700.0,7560.0,64.6,378.0,243.8,0,2026-06-09 11:59,2026-06-10 09:15,,,2026-08-17 23:45:56
2026-08-17,SEM/MO/00539 - Envasado Manual,ENVASADO MANUAL,Terminada,Sin registro hoy,,,2020.0,2020.0,100.0,121.2,248.8,0,2026-06-09 15:18,2026-06-09 20:23,,,2026-08-17 23:45:56
2026-08-17,SEM/MO/00547 - Dosificado manual ,DOSIFICADO MANUAL,Terminada,Sin registro hoy,,,2600.0,2340.0,90.0,123.9,84.9,0,2026-06-09 21:12,2026-06-10 09:26,,,2026-08-17 23:45:56
2026-08-17,SEM/MO/00551 - Envasado Manual,ENVASADO MANUAL,Terminada,Sin registro hoy,,,420.0,770.0,183.3,46.2,99.4,0,2026-06-10 09:35,2026-06-11 18:07,,,2026-08-17 23:45:56
2026-08-17,SEM/MO/00544 - Envasado Manual,ENVASADO MANUAL,Terminada,Sin registro hoy,,,2020.0,2140.0,105.9,128.4,108.6,0,2026-06-10 10:03,2026-06-11 10:11,,,2026-08-17 23:45:56
2026-08-17,SEM/MO/00552 - Envasado Manual,ENVASADO MANUAL,Terminada,Sin registro hoy,,,630.0,666.0,105.7,40.0,24.8,0,2026-06-10 13:02,2026-06-11 10:46,,,2026-08-17 23:45:56
2026-08-17,SEM/MO/00550 - Dosificado manual ,DOSIFICADO MANUAL,Terminada,Sin registro hoy,,,11000.0,11000.0,100.0,230.9,219.8,0,2026-06-10 16:44,2026-06-10 21:19,,,2026-08-17 23:45:56
2026-08-17,SEM/MO/00556 - Pasteurizado,PASTEURIZACIÓN,Terminada,Sin registro hoy,,,9000.0,5516.0,61.3,167.2,1520.4,0,2026-06-10 21:00,2026-06-11 17:30,,,2026-08-17 23:45:56
2026-08-17,SEM/MO/00557 - Limpieza,LIMPIEZA,Terminada,Sin registro hoy,,,1395.0,1455.0,104.3,0.0,53.6,0,2026-06-11 06:16,2026-06-12 09:13,,,2026-08-17 23:45:56
2026-08-17,SEM/MO/00561 - Etiquetado manual,ETIQUETADO,Terminada,Sin registro hoy,,,8000.0,7178.0,89.7,215.3,109.9,0,2026-06-11 07:10,2026-06-15 15:50,,,2026-08-17 23:45:56
2026-08-17,SEM/MO/00560 - Pasteurizado,PASTEURIZACIÓN,Terminada,Sin registro hoy,,,1095.0,1770.0,161.6,214.2,154.4,0,2026-06-11 12:42,2026-06-12 13:43,,,2026-08-17 23:45:56
2026-08-17,SEM/MO/00558 - Envasado Manual,ENVASADO MANUAL,Terminada,Sin registro hoy,,,320.0,320.0,100.0,19.2,19.2,0,2026-06-11 13:16,2026-06-11 15:59,,,2026-08-17 23:45:56
2026-08-17,SEM/MO/00562 - Envasado Manual,ENVASADO MANUAL,Terminada,Sin registro hoy,,,660.0,660.0,100.0,39.6,60.0,0,2026-06-11 17:44,2026-06-11 17:44,,,2026-08-17 23:45:56
2026-08-17,SEM/MO/00563 - Dosificado manual ,DOSIFICADO MANUAL,Terminada,Sin registro hoy,,,200.0,200.0,100.0,10.6,11.9,0,2026-06-11 18:43,2026-06-11 21:51,,,2026-08-17 23:45:56
2026-08-17,SEM/MO/00569 - Pasteurizado,PASTEURIZACIÓN,Terminada,Sin registro hoy,,,2800.0,2800.0,100.0,84.8,92.5,0,2026-06-11 20:58,2026-06-11 22:30,,,2026-08-17 23:45:56
2026-08-17,SEM/MO/00571 - Etiquetado,ETIQUETADO,Terminada,Sin registro hoy,,,2000.0,2000.0,100.0,0.0,102.7,0,2026-06-12 07:32,2026-06-12 15:07,,,2026-08-17 23:45:56
2026-08-17,SEM/MO/00572 - Despulpado y refinado,PULPEADO,Terminada,Sin registro hoy,,,7000.0,7000.0,100.0,291.7,168.1,0,2026-06-12 07:58,2026-06-15 14:24,,,2026-08-17 23:45:56
2026-08-17,SEM/MO/00573 - Envasado Manual,ENVASADO MANUAL,Terminada,Sin registro hoy,,,340.0,336.0,98.8,20.2,65.0,0,2026-06-12 11:14,2026-06-12 11:18,,,2026-08-17 23:45:56
2026-08-17,SEM/MO/00570 - Dosificado Automático,DOSIFICADO AUTOMÁTICO,Terminada,Sin registro hoy,,,14000.0,17061.0,121.9,853.0,515.1,0,2026-06-12 19:08,2026-06-15 16:26,,,2026-08-17 23:45:56
2026-08-17,SEM/MO/00577 - Etiquetado manual,ETIQUETADO,Terminada,Sin registro hoy,,,15000.0,14897.0,99.3,446.9,92.2,0,2026-06-15 11:59,2026-06-16 18:32,,,2026-08-17 23:45:56
2026-08-17,SEM/MO/00578 - Despulpado y refinado,PULPEADO,Terminada,Sin registro hoy,,,1000.0,1000.0,100.0,41.7,25.0,0,2026-06-16 07:06,2026-06-16 07:06,,,2026-08-17 23:45:56
2026-08-17,SEM/MO/00591 - Dosificado manual ,DOSIFICADO MANUAL,Terminada,Sin registro hoy,,,12000.0,11300.0,94.2,237.2,454.3,0,2026-06-16 08:39,2026-06-18 08:45,,,2026-08-17 23:45:56
2026-08-17,SEM/MO/00592 - Envasado Manual,ENVASADO MANUAL,Terminada,Sin registro hoy,,,1500.0,1500.0,100.0,90.0,150.2,0,2026-06-16 15:24,2026-06-18 08:47,,,2026-08-17 23:45:56
2026-08-17,SEM/MO/00593 - Pasteurizado,PASTEURIZACIÓN,Terminada,Sin registro hoy,,,3600.0,3600.0,100.0,173.2,42.9,0,2026-06-16 20:03,2026-06-18 09:49,,,2026-08-17 23:45:56
2026-08-17,SEM/MO/00598 - Dosificado manual ,DOSIFICADO MANUAL,Terminada,Sin registro hoy,,,10000.0,9635.0,96.4,510.0,243.4,0,2026-06-17 10:51,2026-06-19 10:19,,,2026-08-17 23:45:56
2026-08-17,SEM/MO/00601 - Pasteurizado,PASTEURIZACIÓN,Terminada,Sin registro hoy,,,64.0,64.0,100.0,7.7,14.3,0,2026-06-17 17:39,2026-06-19 09:19,,,2026-08-17 23:45:56
2026-08-17,SEM/MO/00603 - Dosificado manual ,DOSIFICADO MANUAL,Terminada,Sin registro hoy,,,5100.0,5100.0,100.0,270.0,283.3,0,2026-06-17 18:19,2026-06-19 21:10,,,2026-08-17 23:45:56
2026-08-17,SEM/MO/00599 - Pasteurizado,PASTEURIZACIÓN,Terminada,Sin registro hoy,,,1504.0,1744.0,116.0,211.0,207.4,0,2026-06-18 11:40,2026-06-19 12:26,,,2026-08-17 23:45:56
2026-08-17,SEM/MO/00602 - Dosificado manual ,DOSIFICADO MANUAL,Terminada,Sin registro hoy,,,5000.0,5710.0,114.2,119.9,170.3,0,2026-06-18 15:47,2026-06-19 09:21,,,2026-08-17 23:45:56
2026-08-17,SEM/MO/00607 - Pasteurizado,PASTEURIZACIÓN,Terminada,Sin registro hoy,,,13000.0,13000.0,100.0,625.6,294.6,0,2026-06-18 19:28,2026-06-22 16:16,,,2026-08-17 23:45:56
2026-08-17,SEM/MO/00616 - Dosificado Automático,DOSIFICADO AUTOMÁTICO,Terminada,Sin registro hoy,,,11500.0,12383.0,107.7,619.1,499.3,0,2026-06-19 09:30,2026-06-22 16:11,,,2026-08-17 23:45:56
2026-08-17,SEM/MO/00618 - Envasado Manual,ENVASADO MANUAL,Terminada,Sin registro hoy,,,512.0,512.0,100.0,30.7,64.2,0,2026-06-19 18:37,2026-06-22 16:29,,,2026-08-17 23:45:56
2026-08-17,SEM/MO/00617 - Dosificado manual ,DOSIFICADO MANUAL,Terminada,Sin registro hoy,,,5000.0,4901.0,98.0,259.4,133.9,0,2026-06-19 20:46,2026-06-22 16:26,,,2026-08-17 23:45:56
2026-08-17,SEM/MO/00625 - Dosificado manual ,DOSIFICADO MANUAL,Terminada,Sin registro hoy,,,2000.0,1377.0,68.8,72.9,56.0,0,2026-06-22 08:53,2026-06-23 10:56,,,2026-08-17 23:45:56
2026-08-17,SEM/MO/00627 - Dosificado manual ,DOSIFICADO MANUAL,Terminada,Sin registro hoy,,,12000.0,12000.0,100.0,251.9,544.3,0,2026-06-22 12:04,2026-06-23 10:54,,,2026-08-17 23:45:56
2026-08-17,SEM/MO/00606 - Pasteurizado,PASTEURIZACIÓN,Terminada,Sin registro hoy,,,1200.0,1200.0,100.0,36.4,32.0,0,2026-06-22 16:15,2026-06-22 16:15,,,2026-08-17 23:45:56
2026-08-17,SEM/MO/00628 - Dosificado manual ,DOSIFICADO MANUAL,Terminada,Sin registro hoy,,,10000.0,10000.0,100.0,529.3,258.0,0,2026-06-22 22:40,2026-06-24 14:35,,,2026-08-17 23:45:56
2026-08-17,SEM/MO/00642 - Etiquetado manual,ETIQUETADO,Terminada,Sin registro hoy,,,7000.0,7091.0,101.3,212.7,154.3,0,2026-06-23 08:51,2026-06-24 10:20,,,2026-08-17 23:45:56
2026-08-17,SEM/MO/00654 - Dosificado manual ,DOSIFICADO MANUAL,Terminada,Sin registro hoy,,,7000.0,6973.0,99.6,146.4,206.1,0,2026-06-24 09:28,2026-06-25 09:53,,,2026-08-17 23:45:56
2026-08-17,SEM/MO/00641 - Dosificado Automático,DOSIFICADO AUTOMÁTICO,Terminada,Sin registro hoy,,,10200.0,18612.0,182.5,930.6,620.5,0,2026-06-24 14:29,2026-06-25 12:18,,,2026-08-17 23:45:56
2026-08-17,SEM/MO/00668 - Pelado químico,PELADO QUÍMICO,Terminada,Sin registro hoy,,,300.0,300.0,100.0,95.7,162.8,0,2026-06-24 15:55,2026-06-25 08:34,,,2026-08-17 23:45:56
2026-08-17,SEM/MO/00674 - Dosificado manual ,DOSIFICADO MANUAL,Terminada,Sin registro hoy,,,13000.0,13000.0,100.0,272.9,471.3,0,2026-06-25 10:46,2026-06-26 14:34,,,2026-08-17 23:45:56
2026-08-17,SEM/MO/00656 - Limpieza,TACHOS,Terminada,Sin registro hoy,,,855.0,915.0,107.0,0.0,50.0,0,2026-06-25 12:30,2026-06-25 12:30,,,2026-08-17 23:45:56
2026-08-17,SEM/MO/00673 - Pasteurizado,PASTEURIZACIÓN,Terminada,Sin registro hoy,,,4000.0,4962.0,124.0,238.8,100.2,0,2026-06-25 13:59,2026-06-26 14:29,,,2026-08-17 23:45:56
2026-08-17,SEM/MO/00675 - Despulpado y refinado,PULPEADO,Terminada,Sin registro hoy,,,1520.0,1520.0,100.0,253.3,294.0,0,2026-06-25 16:51,2026-06-28 18:29,,,2026-08-17 23:45:56
2026-08-17,SEM/MO/00680 - Despulpado y refinado,PULPEADO,Terminada,Sin registro hoy,,,14000.0,14000.0,100.0,583.3,566.9,0,2026-06-26 10:09,2026-06-28 18:34,,,2026-08-17 23:45:56
2026-08-17,SEM/MO/00681 - Dosificado Automático,DOSIFICADO AUTOMÁTICO,Terminada,Sin registro hoy,,,1000.0,1000.0,100.0,40.0,94.2,0,2026-06-26 17:56,2026-06-28 18:36,,,2026-08-17 23:45:56
2026-08-17,SEM/MO/00679 - Etiquetado manual,ETIQUETADO,Terminada,Sin registro hoy,,,14000.0,14000.0,100.0,420.0,108.8,0,2026-06-26 19:55,2026-06-28 18:38,,,2026-08-17 23:45:56
2026-08-17,SEM/MO/00696 - Etiquetado manual,ETIQUETADO,Terminada,Sin registro hoy,,,7000.0,7000.0,100.0,210.0,208.3,0,2026-06-29 07:39,2026-06-30 15:02,,,2026-08-17 23:45:56
2026-08-17,SEM/MO/00699 - Etiquetado manual,ETIQUETADO,Terminada,Sin registro hoy,,,600.0,1258.0,209.7,37.7,47.6,0,2026-06-29 14:42,2026-06-30 14:57,,,2026-08-17 23:45:56
2026-08-17,SEM/MO/00704 - Etiquetado manual,ETIQUETADO,Terminada,Sin registro hoy,,,14000.0,4158.0,29.7,124.7,98.8,0,2026-06-29 20:25,2026-06-30 17:12,,,2026-08-17 23:45:56
2026-08-17,SEM/MO/00698 - Envasado Manual,ENVASADO MANUAL,Terminada,Sin registro hoy,,,504.0,504.0,100.0,30.2,112.7,0,2026-06-29 21:35,2026-06-30 14:19,,,2026-08-17 23:45:56
2026-08-17,SEM/MO/00712 - Etiquetado manual,ETIQUETADO,Terminada,Sin registro hoy,,,600.0,517.0,86.2,15.5,32.0,0,2026-06-30 08:08,2026-06-30 15:24,,,2026-08-17 23:45:56
2026-08-17,SEM/MO/00707 - Dosificado manual ,DOSIFICADO MANUAL,Terminada,Sin registro hoy,,,13600.0,17702.0,130.2,371.6,623.6,0,2026-06-30 11:39,2026-06-30 22:23,,,2026-08-17 23:45:56
2026-08-17,SEM/MO/00705 - Envasado Manual,ENVASADO MANUAL,Terminada,Sin registro hoy,,,1400.0,1498.0,107.0,89.9,146.6,0,2026-06-30 16:30,2026-06-30 22:02,,,2026-08-17 23:45:56
2026-08-17,SEM/MO/00716 - Etiquetado manual,ETIQUETADO,Terminada,Sin registro hoy,,,11000.0,11000.0,100.0,330.0,251.0,0,2026-07-01 06:40,2026-07-01 17:24,,,2026-08-17 23:45:56
2026-08-17,SEM/MO/00743 - Pelado químico,PELADO QUÍMICO,Terminada,Sin registro hoy,,,400.0,400.0,100.0,127.6,235.2,0,2026-07-01 13:30,2026-07-02 10:12,,,2026-08-17 23:45:56
2026-08-17,SEM/MO/00714 - Envasado Manual,ENVASADO MANUAL,Terminada,Sin registro hoy,,,1696.0,1696.0,100.0,101.8,117.6,0,2026-07-01 16:57,2026-07-02 10:04,,,2026-08-17 23:45:56
2026-08-17,SEM/MO/00718 - Envasado Manual,ENVASADO MANUAL,Terminada,Sin registro hoy,,,994.0,1330.0,133.8,79.8,154.5,0,2026-07-01 20:20,2026-07-02 10:05,,,2026-08-17 23:45:56
2026-08-17,SEM/MO/00717 - En,ENVASADO MANUAL,Terminada,Sin registro hoy,,,504.0,552.0,109.5,0.0,40.0,0,2026-07-02 09:38,2026-07-02 11:17,,,2026-08-17 23:45:56
2026-08-17,SEM/MO/00723 - Pasteurizado,PASTEURIZACIÓN,Terminada,Sin registro hoy,,,1008.0,1008.0,100.0,122.0,122.0,0,2026-07-02 12:51,2026-07-02 12:51,,,2026-08-17 23:45:56
2026-08-17,SEM/MO/00721 - Envasado Manual,ENVASADO MANUAL,Terminada,Sin registro hoy,,,504.0,648.0,128.6,38.9,76.6,0,2026-07-02 13:37,2026-07-03 09:50,,,2026-08-17 23:45:56
2026-08-17,SEM/MO/00726 - Dosificado manual ,DOSIFICADO MANUAL,Terminada,Sin registro hoy,,,13000.0,13000.0,100.0,272.9,347.0,0,2026-07-02 16:21,2026-07-03 09:54,,,2026-08-17 23:45:56
2026-08-17,SEM/MO/00720 - Pasteurizado,PASTEURIZACIÓN,Terminada,Sin registro hoy,,,4000.0,4000.0,100.0,192.5,115.5,0,2026-07-02 20:49,2026-07-03 10:03,,,2026-08-17 23:45:56
2026-08-17,SEM/MO/00725 - Despulpado y refinado,PULPEADO,Terminada,Sin registro hoy,,,1520.0,1520.0,100.0,253.3,114.1,0,2026-07-03 08:41,2026-07-03 11:11,,,2026-08-17 23:45:56
2026-08-17,SEM/MO/00727 - Despulpado y refinado,PULPEADO,Terminada,Sin registro hoy,,,13000.0,13000.0,100.0,541.7,407.8,0,2026-07-03 11:11,2026-07-05 19:01,,,2026-08-17 23:45:56
2026-08-17,SEM/MO/00751 - Dosificado Automático,DOSIFICADO AUTOMÁTICO,Terminada,Sin registro hoy,,,1000.0,1000.0,100.0,40.0,242.4,0,2026-07-03 15:09,2026-07-05 19:00,,,2026-08-17 23:45:56
2026-08-17,SEM/MO/00724 - Limpieza,TACHOS,Terminada,Sin registro hoy,,,750.0,780.0,104.0,0.0,40.0,0,2026-07-05 19:25,2026-07-05 19:25,,,2026-08-17 23:45:56
2026-08-17,SEM/MO/00757 - Dosificado manual ,DOSIFICADO MANUAL,Terminada,Sin registro hoy,,,5000.0,4052.0,81.0,214.5,209.9,0,2026-07-06 11:06,2026-07-07 10:44,,,2026-08-17 23:45:56
2026-08-17,SEM/MO/00758 - Pasteurizado,PASTEURIZACIÓN,Terminada,Sin registro hoy,,,200.0,88.0,44.0,10.7,12.7,0,2026-07-06 13:17,2026-07-07 10:41,,,2026-08-17 23:45:56
2026-08-17,SEM/MO/00759 - Etiquetado manual,ETIQUETADO,Terminada,Sin registro hoy,,,8000.0,3392.0,42.4,101.8,136.9,0,2026-07-06 16:03,2026-07-07 16:17,,,2026-08-17 23:45:56
2026-08-17,SEM/MO/00761 - Dosificado Automático,DOSIFICADO AUTOMÁTICO,Terminada,Sin registro hoy,,,3000.0,3000.0,100.0,150.0,38.1,0,2026-07-06 18:33,2026-07-07 11:10,,,2026-08-17 23:45:56
2026-08-17,SEM/MO/00765 - Pasteurizado,PASTEURIZACIÓN,Terminada,Sin registro hoy,,,12000.0,12000.0,100.0,577.5,271.4,0,2026-07-07 08:35,2026-07-08 08:14,,,2026-08-17 23:45:56
2026-08-17,SEM/MO/00763 - Etiquetado manual,ETIQUETADO,Terminada,Sin registro hoy,,,13000.0,13000.0,100.0,390.0,299.6,0,2026-07-07 15:02,2026-07-08 08:15,,,2026-08-17 23:45:56
2026-08-17,SEM/MO/00764 - Etiquetado manual,ETIQUETADO,Terminada,Sin registro hoy,,,600.0,600.0,100.0,18.0,18.0,0,2026-07-08 08:14,2026-07-08 08:14,,,2026-08-17 23:45:56
2026-08-17,SEM/MO/00770 - Envasado Manual,ENVASADO MANUAL,Terminada,Sin registro hoy,,,2100.0,2100.0,100.0,126.0,319.5,0,2026-07-08 09:00,2026-07-08 16:33,,,2026-08-17 23:45:56
2026-08-17,SEM/MO/00767 - Pelado químico,PELADO QUÍMICO,Terminada,Sin registro hoy,,,250.0,250.0,100.0,79.7,210.3,0,2026-07-08 14:23,2026-07-08 17:27,,,2026-08-17 23:45:56
2026-08-17,SEM/MO/00769 - Pasteurizado,PASTEURIZACIÓN,Terminada,Sin registro hoy,,,8700.0,11568.0,133.0,556.7,307.9,0,2026-07-08 15:50,2026-07-10 08:52,,,2026-08-17 23:45:56
2026-08-17,SEM/MO/00772 - Etiquetado manual,ETIQUETADO,Terminada,Sin registro hoy,,,8000.0,8000.0,100.0,240.0,292.9,0,2026-07-09 06:56,2026-07-13 08:40,,,2026-08-17 23:45:56
2026-08-17,SEM/MO/00775 - Pasteurizado,PASTEURIZACIÓN,Terminada,Sin registro hoy,,,1504.0,1744.0,116.0,211.0,105.2,0,2026-07-09 09:30,2026-07-13 08:42,,,2026-08-17 23:45:56
2026-08-17,SEM/MO/00776 - Despulpado y refinado,PULPEADO,Terminada,Sin registro hoy,,,5000.0,5000.0,100.0,330.8,174.1,0,2026-07-10 07:25,2026-07-10 11:19,,,2026-08-17 23:45:56
2026-08-17,SEM/MO/00813 - Envasado Manual,ENVASADO MANUAL,Terminada,Sin registro hoy,,,1980.0,1980.0,100.0,118.8,105.0,0,2026-07-10 11:30,2026-07-10 11:30,,,2026-08-17 23:45:56
2026-08-17,SEM/MO/00777 - Despulpado y refinado,PULPEADO,Terminada,Sin registro hoy,,,13000.0,11736.0,90.3,489.0,443.3,0,2026-07-10 15:00,2026-07-13 08:49,,,2026-08-17 23:45:56
2026-08-17,SEM/MO/00778 - Despulpado y refinado,PULPEADO,Terminada,Sin registro hoy,,,3000.0,2945.0,98.2,194.9,113.8,0,2026-07-10 22:23,2026-07-13 09:09,,,2026-08-17 23:45:56
2026-08-17,SEM/MO/00820 - Etiquetado manual,ETIQUETADO,Terminada,Sin registro hoy,,,9720.0,17346.0,178.5,520.4,116.0,0,2026-07-13 09:56,2026-07-15 09:27,,,2026-08-17 23:45:56
2026-08-17,SEM/MO/00822 - Dosificado manual ,DOSIFICADO MANUAL,Terminada,Sin registro hoy,,,12960.0,12960.0,100.0,272.0,275.7,0,2026-07-13 10:43,2026-07-13 19:05,,,2026-08-17 23:45:56
2026-08-17,SEM/MO/00823 - Pasteurizado,PASTEURIZACIÓN,Terminada,Sin registro hoy,,,3240.0,4860.0,150.0,233.9,96.9,0,2026-07-13 15:45,2026-07-14 11:15,,,2026-08-17 23:45:56
2026-08-17,SEM/MO/00819 - Envasado Manual,ENVASADO MANUAL,Terminada,Sin registro hoy,,,2016.0,2070.0,102.7,124.2,142.8,0,2026-07-13 21:01,2026-07-14 12:38,,,2026-08-17 23:45:56
2026-08-17,SEM/MO/00824 - Etiquetado manual,ETIQUETADO,Terminada,Sin registro hoy,,,720.0,1733.0,240.7,52.0,99.8,0,2026-07-14 08:33,2026-07-15 09:12,,,2026-08-17 23:45:56
2026-08-17,SEM/MO/00827 - Envasado Manual,ENVASADO MANUAL,Terminada,Sin registro hoy,,,10.0,10.0,100.0,0.6,31.7,0,2026-07-14 19:07,2026-07-15 09:28,,,2026-08-17 23:45:56
2026-08-17,SEM/MO/00828 - Dosificado Automático,DOSIFICADO AUTOMÁTICO,Terminada,Sin registro hoy,,,5000.0,7728.0,154.6,386.4,250.0,0,2026-07-14 19:40,2026-07-15 09:15,,,2026-08-17 23:45:56
2026-08-17,SEM/MO/00825 - Pasteurizado,PASTEURIZACIÓN,Terminada,Sin registro hoy,,,3000.0,3504.0,116.8,168.6,103.6,0,2026-07-15 08:45,2026-07-16 09:02,,,2026-08-17 23:45:56
2026-08-17,SEM/MO/00826 - Envasado Manual,ENVASADO MANUAL,Terminada,Sin registro hoy,,,320.0,326.0,101.9,19.6,35.5,0,2026-07-15 11:44,2026-07-16 09:06,,,2026-08-17 23:45:56
2026-08-17,SEM/MO/00831 - Etiquetado manual,ETIQUETADO,Terminada,Sin registro hoy,,,9720.0,11298.0,116.2,338.9,197.4,0,2026-07-15 12:37,2026-07-16 09:19,,,2026-08-17 23:45:56
2026-08-17,SEM/MO/00852 - Pelado químico,PELADO QUÍMICO,Terminada,Sin registro hoy,,,300.0,484.0,161.3,154.4,112.1,0,2026-07-15 15:27,2026-07-16 09:32,,,2026-08-17 23:45:56
2026-08-17,SEM/MO/00853 - Dosificado manual ,DOSIFICADO MANUAL,Terminada,Sin registro hoy,,,13000.0,4983.0,38.3,104.6,198.4,0,2026-07-16 08:55,2026-07-17 09:18,,,2026-08-17 23:45:56
2026-08-17,SEM/MO/00835 - Pasteurizado,PASTEURIZACIÓN,Terminada,Sin registro hoy,,,4000.0,12268.0,306.7,590.4,402.5,0,2026-07-16 10:01,2026-07-17 09:24,,,2026-08-17 23:45:56
2026-08-17,SEM/MO/00838 - Despulpado y refinado,PULPEADO,Terminada,Sin registro hoy,,,12960.0,12920.0,99.7,538.3,331.9,0,2026-07-17 09:03,2026-07-20 10:16,,,2026-08-17 23:45:56
2026-08-17,SEM/MO/00839 - Despulpado y refinado,PULPEADO,Terminada,Sin registro hoy,,,3240.0,3240.0,100.0,214.4,14.0,0,2026-07-17 15:46,2026-07-20 10:17,,,2026-08-17 23:45:56
2026-08-17,SEM/MO/00884 - Dosificado manual ,DOSIFICADO MANUAL,Terminada,Sin registro hoy,,,5000.0,3285.0,65.7,0.0,163.9,0,2026-07-17 20:43,2026-07-20 10:33,,,2026-08-17 23:45:56
2026-08-17,SEM/MO/00837 - Pasteurizado,PASTEURIZACIÓN,Terminada,Sin registro hoy,,,200.0,200.0,100.0,24.2,51.0,0,2026-07-17 21:20,2026-07-20 10:25,,,2026-08-17 23:45:56
2026-08-17,SEM/MO/00887 - Etiquetado manual,ETIQUETADO,Terminada,Sin registro hoy,,,1440.0,1440.0,100.0,43.2,101.8,0,2026-07-20 06:45,2026-07-23 09:03,,,2026-08-17 23:45:56
2026-08-17,SEM/MO/00890 - Dosificado Automático,DOSIFICADO AUTOMÁTICO,Terminada,Sin registro hoy,,,1200.0,1348.0,112.3,67.4,160.6,0,2026-07-20 08:39,2026-07-21 08:43,,,2026-08-17 23:45:56
2026-08-17,SEM/MO/00886 - Pasteurizado,PASTEURIZACIÓN,Terminada,Sin registro hoy,,,3000.0,4679.0,156.0,225.2,170.3,0,2026-07-20 10:36,2026-07-21 08:53,,,2026-08-17 23:45:56
2026-08-17,SEM/MO/00888 - Etiquetado manual,ETIQUETADO,Terminada,Sin registro hoy,,,7000.0,7000.0,100.0,210.0,139.3,0,2026-07-20 17:29,2026-07-20 17:29,,,2026-08-17 23:45:56
2026-08-17,SEM/MO/00903 - Limpieza,LIMPIEZA,Terminada,Sin registro hoy,,,900.0,900.0,100.0,0.0,93.4,0,2026-07-21 06:12,2026-07-21 14:58,,,2026-08-17 23:45:56
2026-08-17,SEM/MO/00907 - Etiquetado manual,ETIQUETADO,Terminada,Sin registro hoy,,,9720.0,9720.0,100.0,291.6,241.8,0,2026-07-21 07:48,2026-07-23 10:17,,,2026-08-17 23:45:56
2026-08-17,SEM/MO/00908 - Homogenizado,ENVASADO MANUAL,Terminada,Sin registro hoy,,,512.0,512.0,100.0,30.7,7.2,0,2026-07-21 09:37,2026-07-21 19:22,,,2026-08-17 23:45:56
2026-08-17,SEM/MO/00904 - Pasteurizado,PASTEURIZACIÓN,Terminada,Sin registro hoy,,,1020.0,1020.0,100.0,123.4,86.8,0,2026-07-21 11:28,2026-07-21 19:04,,,2026-08-17 23:45:56
2026-08-17,SEM/MO/00906 - Envasado Manual,ENVASADO MANUAL,Terminada,Sin registro hoy,,,2000.0,2000.0,100.0,120.0,152.0,0,2026-07-21 17:35,2026-07-21 23:37,,,2026-08-17 23:45:56
2026-08-17,SEM/MO/00905 - Envasado Manual,ENVASADO MANUAL,Terminada,Sin registro hoy,,,2016.0,2106.0,104.5,126.4,140.2,0,2026-07-21 21:01,2026-07-22 10:21,,,2026-08-17 23:45:56
2026-08-17,SEM/MO/00910 - Pasteurizado,PASTEURIZACIÓN,Terminada,Sin registro hoy,,,13500.0,6976.0,51.7,211.4,122.1,0,2026-07-22 09:08,2026-07-23 11:07,,,2026-08-17 23:45:56
2026-08-17,SEM/MO/00911 - Despulpado y refinado,PULPEADO,Terminada,Sin registro hoy,,,14000.0,14000.0,100.0,583.3,255.6,0,2026-07-22 14:31,2026-07-23 10:25,,,2026-08-17 23:45:56
2026-08-17,SEM/MO/00925 - Dosificado manual ,DOSIFICADO MANUAL,Terminada,Sin registro hoy,,,4500.0,4500.0,100.0,94.5,217.2,0,2026-07-23 06:26,2026-07-26 15:52,,,2026-08-17 23:45:56
2026-08-17,SEM/MO/00909 - Pasteurizado,PASTEURIZACIÓN,Terminada,Sin registro hoy,,,3000.0,6675.0,222.5,321.2,175.0,0,2026-07-23 11:10,2026-07-23 11:10,,,2026-08-17 23:45:56
2026-08-17,SEM/MO/00922 - Pelado químico,PELADO QUÍMICO,Terminada,Sin registro hoy,,,400.0,400.0,100.0,127.6,356.6,0,2026-07-23 16:00,2026-07-26 15:46,,,2026-08-17 23:45:56
2026-08-17,SEM/MO/00924 - Dosificado Automático,DOSIFICADO AUTOMÁTICO,Terminada,Sin registro hoy,,,6000.0,9133.0,152.2,456.6,481.4,0,2026-07-23 20:18,2026-07-27 09:31,,,2026-08-17 23:45:56
2026-08-17,SEM/MO/00923 - Dosificado manual ,DOSIFICADO MANUAL,Terminada,Sin registro hoy,,,4700.0,4471.0,95.1,93.8,174.6,0,2026-07-24 08:00,2026-07-27 11:56,,,2026-08-17 23:45:56
2026-08-17,SEM/MO/00927 - Despulpado y refinado,PULPEADO,Terminada,Sin registro hoy,,,3240.0,3241.0,100.0,135.0,65.0,0,2026-07-24 15:25,2026-07-27 13:07,,,2026-08-17 23:45:56
2026-08-17,SEM/MO/00926 - Despulpado y refinado,PULPEADO,Terminada,Sin registro hoy,,,6480.0,9559.0,147.5,632.5,325.9,0,2026-07-24 19:58,2026-07-27 13:09,,,2026-08-17 23:45:56
2026-08-17,SEM/MO/00949 - Etiquetado manual,ETIQUETADO,Terminada,Sin registro hoy,,,1440.0,1440.0,100.0,43.2,59.0,0,2026-07-27 07:39,2026-07-28 14:01,,,2026-08-17 23:45:56
2026-08-17,SEM/MO/00930 - Etiquetado manual,ETIQUETADO,Terminada,Sin registro hoy,,,1400.0,1400.0,100.0,42.0,30.0,0,2026-07-27 12:48,2026-07-27 12:48,,,2026-08-17 23:45:56
2026-08-17,SEM/MO/00952 - Tachos,TACHOS,Terminada,Sin registro hoy,,,600.0,640.0,106.7,0.0,117.8,0,2026-07-28 06:33,2026-07-29 09:33,,,2026-08-17 23:45:56
2026-08-17,SEM/MO/00988 - Envasado Manual,ENVASADO MANUAL,Terminada,Sin registro hoy,,,2000.0,2016.0,100.8,0.0,157.8,0,2026-07-28 08:46,2026-07-29 09:26,,,2026-08-17 23:45:56
2026-08-17,SEM/MO/00986 - Envasado Manual,ENVASADO MANUAL,Terminada,Sin registro hoy,,,2900.0,2900.0,100.0,0.0,280.3,0,2026-07-28 09:33,2026-07-29 09:49,,,2026-08-17 23:45:56
2026-08-17,SEM/MO/00969 - Dosificado manual ,DOSIFICADO MANUAL,Terminada,Sin registro hoy,,,7000.0,7000.0,100.0,146.9,234.1,0,2026-07-28 12:20,2026-07-28 12:20,,,2026-08-17 23:45:56
2026-08-17,SEM/MO/00989 - Dosificado manual ,DOSIFICADO MANUAL,Terminada,Sin registro hoy,,,9720.0,11465.0,118.0,0.0,415.0,0,2026-07-28 15:36,2026-07-29 09:15,,,2026-08-17 23:45:56
2026-08-17,SEM/MO/00987 - Envasado Manual,ENVASADO MANUAL,Terminada,Sin registro hoy,,,1050.0,1050.0,100.0,0.0,115.2,0,2026-07-28 15:47,2026-07-29 09:40,,,2026-08-17 23:45:56
2026-08-17,SEM/MO/01001 - Tachos,TACHOS,Terminada,Sin registro hoy,,,800.0,800.0,100.0,0.0,121.8,0,2026-07-29 06:28,2026-07-29 12:04,,,2026-08-17 23:45:56
2026-08-17,SEM/MO/01000 - Envasado Manual,ENVASADO MANUAL,Terminada,Sin registro hoy,,,800.0,800.0,100.0,0.0,136.0,0,2026-07-29 09:14,2026-07-29 12:06,,,2026-08-17 23:45:56
2026-08-17,SEM/MO/01004 - Pasteurizado,PASTEURIZACIÓN,Terminada,Sin registro hoy,,,6700.0,6542.0,97.6,0.0,102.5,0,2026-07-29 10:27,2026-07-30 10:48,,,2026-08-17 23:45:56
2026-08-17,SEM/MO/01002 - Pelado químico,PELADO QUÍMICO,Terminada,Sin registro hoy,,,500.0,500.0,100.0,0.0,376.1,0,2026-07-29 17:38,2026-07-30 14:10,,,2026-08-17 23:45:56
2026-08-17,SEM/MO/01007 - Despulpado y refinado,PULPEADO,Terminada,Sin registro hoy,,,1800.0,1800.0,100.0,0.0,188.6,0,2026-07-30 07:00,2026-07-31 14:15,,,2026-08-17 23:45:56
2026-08-17,SEM/MO/01003 - Pasteurizado,PASTEURIZACIÓN,Terminada,Sin registro hoy,,,4000.0,3842.0,96.0,0.0,100.0,0,2026-07-30 09:34,2026-07-30 14:01,,,2026-08-17 23:45:56
2026-08-17,SEM/MO/01021 - Envasado Manual,ENVASADO MANUAL,Terminada,Sin registro hoy,,,504.0,512.0,101.6,30.7,103.6,0,2026-07-30 17:27,2026-07-30 23:36,,,2026-08-17 23:45:56
2026-08-17,SEM/MO/01022 - Dosificado manual ,DOSIFICADO MANUAL,Terminada,Sin registro hoy,,,4000.0,4000.0,100.0,211.7,213.9,0,2026-07-30 20:37,2026-07-30 23:39,,,2026-08-17 23:45:56
2026-08-17,SEM/MO/01032 - Tachos,TACHOS,Terminada,Sin registro hoy,,,1286.0,1286.0,100.0,0.0,220.9,0,2026-07-31 06:19,2026-07-31 15:54,,,2026-08-17 23:45:56
2026-08-17,SEM/MO/01030 - Etiquetado manual,ETIQUETADO,Terminada,Sin registro hoy,,,1400.0,1400.0,100.0,42.0,86.7,0,2026-07-31 10:50,2026-07-31 19:01,,,2026-08-17 23:45:56
2026-08-17,SEM/MO/01009 - Despulpado y refinado,PULPEADO,Terminada,Sin registro hoy,,,1800.0,1800.0,100.0,0.0,30.0,0,2026-07-31 14:17,2026-07-31 14:17,,,2026-08-17 23:45:56
2026-08-17,SEM/MO/01008 - Despulpado y refinado,PULPEADO,Terminada,Sin registro hoy,,,1300.0,1300.0,100.0,0.0,85.0,0,2026-07-31 14:19,2026-07-31 14:19,,,2026-08-17 23:45:56
2026-08-17,SEM/MO/00955 - Dosificado manual ,DOSIFICADO MANUAL,Terminada,Sin registro hoy,,,1430.0,1430.0,100.0,75.7,125.0,0,2026-07-31 15:26,2026-07-31 15:26,,,2026-08-17 23:45:56
2026-08-17,SEM/MO/01031 - Pasteurizado,PASTEURIZACIÓN,Terminada,Sin registro hoy,,,460.0,460.0,100.0,55.7,37.3,0,2026-07-31 17:57,2026-07-31 19:16,,,2026-08-17 23:45:56
2026-08-17,SEM/MO/01029 - Despulpado y refinado,PULPEADO,Terminada,Sin registro hoy,,,13000.0,13000.0,100.0,541.7,280.4,0,2026-07-31 18:16,2026-08-03 08:56,,,2026-08-17 23:45:56
2026-08-17,SEM/MO/01063 - Envasado Manual,ENVASADO MANUAL,Terminada,Sin registro hoy,,,1600.0,1600.0,100.0,96.0,151.7,0,2026-07-31 21:18,2026-07-31 21:18,,,2026-08-17 23:45:56
2026-08-17,SEM/MO/01070 - Limpieza,LIMPIEZA,Terminada,Sin registro hoy,,,7000.0,7000.0,100.0,0.0,46.2,0,2026-08-03 06:37,2026-08-03 12:46,,,2026-08-17 23:45:56
2026-08-17,SEM/MO/01069 - Tachos,TACHOS,Terminada,Sin registro hoy,,,1300.0,1300.0,100.0,0.0,201.8,0,2026-08-03 06:38,2026-08-03 12:42,,,2026-08-17 23:45:56
2026-08-17,SEM/MO/01071 - Envasado Manual,ENVASADO MANUAL,Terminada,Sin registro hoy,,,3800.0,3800.0,100.0,0.0,291.9,0,2026-08-03 15:47,2026-08-04 08:49,,,2026-08-17 23:45:56
2026-08-17,SEM/MO/01084 - Limpieza,LIMPIEZA,Terminada,Sin registro hoy,,,2010.0,2010.0,100.0,0.0,45.8,0,2026-08-04 06:14,2026-08-05 10:01,,,2026-08-17 23:45:56
2026-08-17,SEM/MO/01085 - Dosificado manual ,DOSIFICADO MANUAL,Terminada,Sin registro hoy,,,13000.0,12359.0,95.1,259.4,577.3,0,2026-08-04 07:58,2026-08-05 09:42,,,2026-08-17 23:45:56
2026-08-17,SEM/MO/01083 - Etiquetado manual,ETIQUETADO,Terminada,Sin registro hoy,,,2250.0,2250.0,100.0,67.5,273.3,0,2026-08-04 13:11,2026-08-05 17:32,,,2026-08-17 23:45:56
2026-08-17,SEM/MO/01089 - Tachos,TACHOS,Terminada,Sin registro hoy,,,1800.0,1800.0,100.0,0.0,190.8,0,2026-08-05 07:22,2026-08-05 17:30,,,2026-08-17 23:45:56
2026-08-17,SEM/MO/01088 - Dosificado manual ,DOSIFICADO MANUAL,Terminada,Sin registro hoy,,,13000.0,13000.0,100.0,0.0,309.6,0,2026-08-05 10:11,2026-08-05 17:00,,,2026-08-17 23:45:56
2026-08-17,SEM/MO/01090 - Pelado químico,PELADO QUÍMICO,Terminada,Sin registro hoy,,,150.0,150.0,100.0,0.0,27.8,0,2026-08-05 15:47,2026-08-05 16:34,,,2026-08-17 23:45:56
2026-08-17,SEM/MO/01092 - Dosificado manual ,DOSIFICADO MANUAL,Terminada,Sin registro hoy,,,7000.0,7644.0,109.2,0.0,226.8,0,2026-08-05 17:50,2026-08-06 10:20,,,2026-08-17 23:45:56
2026-08-17,SEM/MO/01106 - Dosificado manual ,DOSIFICADO MANUAL,Terminada,Sin registro hoy,,,6500.0,6500.0,100.0,136.4,178.3,0,2026-08-06 09:08,2026-08-06 16:43,,,2026-08-17 23:45:56
2026-08-17,SEM/MO/01108 - Dosificado Automático,DOSIFICADO AUTOMÁTICO,Terminada,Sin registro hoy,,,8100.0,8100.0,100.0,405.0,331.6,0,2026-08-06 11:08,2026-08-06 19:18,,,2026-08-17 23:45:56
2026-08-17,SEM/MO/01107 - Dosificado manual ,DOSIFICADO MANUAL,Terminada,Sin registro hoy,,,400.0,400.0,100.0,8.4,8.2,0,2026-08-06 12:06,2026-08-06 16:43,,,2026-08-17 23:45:56
2026-08-17,SEM/MO/01093 - Etiquetado manual,ETIQUETADO,Terminada,Sin registro hoy,,,1400.0,1400.0,100.0,0.0,10.0,0,2026-08-06 16:42,2026-08-07 09:13,,,2026-08-17 23:45:56
2026-08-17,SEM/MO/01121 - Envasado Manual,ENVASADO MANUAL,Terminada,Sin registro hoy,,,3600.0,3600.0,100.0,216.0,327.6,0,2026-08-06 18:23,2026-08-07 09:23,,,2026-08-17 23:45:56
2026-08-17,SEM/MO/01122 - Despulpado y refinado,PULPEADO,Terminada,Sin registro hoy,,,6500.0,4522.0,69.6,299.2,273.9,0,2026-08-07 11:08,2026-08-10 13:04,,,2026-08-17 23:45:56
2026-08-17,SEM/MO/01127 - Envasado Manual,ENVASADO MANUAL,Terminada,Sin registro hoy,,,1300.0,1300.0,100.0,78.0,171.2,0,2026-08-07 17:11,2026-08-10 09:25,,,2026-08-17 23:45:56
2026-08-17,SEM/MO/01123 - Despulpado y refinado,PULPEADO,Terminada,Sin registro hoy,,,1200.0,1200.0,100.0,200.0,68.4,0,2026-08-10 13:00,2026-08-10 16:26,,,2026-08-17 23:45:56
2026-08-17,SEM/MO/01146 - Dosificado manual ,DOSIFICADO MANUAL,En progreso,Sin registro hoy,,,9000.0,0.0,0.0,383.6,307.6,0,2026-08-11 10:33,2026-08-12 10:30,,,2026-08-17 23:45:56
2026-08-17,SEM/MO/01150 - Etiquetado manual,ETIQUETADO,Terminada,Sin registro hoy,,,13000.0,13000.0,100.0,390.0,227.0,0,2026-08-12 06:13,2026-08-13 08:51,,,2026-08-17 23:45:56
2026-08-17,SEM/MO/01172 - Despulpado y refinado,PULPEADO,Terminada,Sin registro hoy,,,7000.0,7000.0,100.0,291.7,63.5,0,2026-08-13 07:48,2026-08-14 06:43,,,2026-08-17 23:45:56
2026-08-17,SEM/MO/01175 - Etiquetado manual,ETIQUETADO,Terminada,Sin registro hoy,,,1400.0,1401.0,100.1,42.0,48.7,0,2026-08-13 09:01,2026-08-14 06:29,,,2026-08-17 23:45:56
2026-08-17,SEM/MO/01183 - Pasteurizado,PASTEURIZACIÓN,Terminada,Sin registro hoy,,,192.0,192.0,100.0,23.2,23.2,0,2026-08-13 09:08,2026-08-13 09:08,,,2026-08-17 23:45:56
2026-08-17,SEM/MO/01177 - Envasado Manual,ENVASADO MANUAL,Terminada,Sin registro hoy,,,3168.0,3168.0,100.0,190.1,211.0,0,2026-08-13 10:05,2026-08-13 10:05,,,2026-08-17 23:45:56
2026-08-17,SEM/MO/01168 - Dosificado manual ,DOSIFICADO MANUAL,Terminada,Sin registro hoy,,,5000.0,5000.0,100.0,264.7,519.5,0,2026-08-13 11:15,2026-08-13 11:15,,,2026-08-17 23:45:56
2026-08-17,SEM/MO/01169 - Etiquetado manual,ETIQUETADO,Terminada,Sin registro hoy,,,2800.0,2800.0,100.0,84.0,110.0,0,2026-08-13 11:16,2026-08-13 11:16,,,2026-08-17 23:45:56
2026-08-17,SEM/MO/01171 - Dosificado Automático,DOSIFICADO AUTOMÁTICO,Terminada,Sin registro hoy,,,17820.0,17820.0,100.0,891.0,696.1,0,2026-08-13 11:57,2026-08-14 06:29,,,2026-08-17 23:45:56
2026-08-17,SEM/MO/01151 - Pasteurizado,PASTEURIZACIÓN,Terminada,Sin registro hoy,,,2512.0,2512.0,100.0,303.9,325.0,0,2026-08-14 07:02,2026-08-14 07:02,,,2026-08-17 23:45:56
2026-08-17,SEM/MO/01176 - Dosificado manual ,DOSIFICADO MANUAL,Terminada,Sin registro hoy,,,4100.0,7338.0,179.0,388.4,288.8,0,2026-08-14 08:45,2026-08-17 09:04,,,2026-08-17 23:45:56
2026-08-17,SEM/MO/01174 - Despulpado y refinado,PULPEADO,Terminada,Sin registro hoy,,,12960.0,10526.0,81.2,696.5,510.8,0,2026-08-14 14:53,2026-08-17 10:43,,,2026-08-17 23:45:56
2026-08-17,SEM/MO/01144 - Envasado Manual,ENVASADO MANUAL,Terminada,Sin registro hoy,,,10.0,10.0,100.0,0.6,10.0,0,2026-08-15 09:26,2026-08-17 14:18,,,2026-08-17 23:45:56
2026-08-17,SEM/MO/01195 - Homegenizado,HOMOGENIZACIÓN,En progreso,OJEDA MALUSIN VINICIO ALEXANDER,OPERADOR DE PRODUCCION,PRODUCCION,1000.0,0.0,0.0,0.0,74.9,39.2,2026-08-17 07:32,2026-08-17 08:00,2026-08-17 08:04,2026-08-17 09:38,2026-08-17 23:45:56
2026-08-17,SEM/MO/01195 - Homegenizado,HOMOGENIZACIÓN,En progreso,TOGAN MASABANDA ALEX WLADIMIR,OPERADOR DE PRODUCCION,PRODUCCION,1000.0,0.0,0.0,0.0,74.9,16.4,2026-08-17 07:32,2026-08-17 08:00,2026-08-17 08:04,2026-08-17 09:02,2026-08-17 23:45:56
2026-08-17,SEM/MO/01195 - Homegenizado,HOMOGENIZACIÓN,En progreso,GUARANDA CONLAGO ESTEBAN ALEJANDRO,OPERADOR DE PRODUCCION,PRODUCCION,1000.0,0.0,0.0,0.0,74.9,31.3,2026-08-17 07:32,2026-08-17 08:00,2026-08-17 07:32,2026-08-17 08:03,2026-08-17 23:45:56
2026-08-17,SEM/MO/01196 - Etiquetado manual,ETIQUETADO,En progreso,MORA CANENCIA ANA GABRIELA,OPERADOR DE PRODUCCION,PRODUCCION,1440.0,0.0,0.0,43.2,40.2,40.2,2026-08-17 08:21,2026-08-17 09:05,2026-08-17 08:21,2026-08-17 09:02,2026-08-17 23:45:56
2026-08-17,SEM/MO/01200 - Despulpado y refinado,PULPEADO,Terminada,Sin registro hoy,,,800.0,800.0,100.0,133.3,60.0,0,2026-08-17 10:17,2026-08-17 10:43,,,2026-08-17 23:45:56
2026-08-17,SEM/MO/01198 - Dosificado manual ,DOSIFICADO MANUAL,En progreso,LANCHIMBA ESCORZA DAYANA PAOLA,OPERADOR DE PRODUCCION,PRODUCCION,2000.0,0.0,0.0,105.9,152.2,121.3,2026-08-17 12:55,2026-08-17 14:45,2026-08-17 12:55,2026-08-17 14:57,2026-08-17 23:45:56
2026-08-17,SEM/MO/01198 - Dosificado manual ,DOSIFICADO MANUAL,En progreso,MORA CANENCIA ANA GABRIELA,OPERADOR DE PRODUCCION,PRODUCCION,2000.0,0.0,0.0,105.9,152.2,121.3,2026-08-17 12:55,2026-08-17 14:45,2026-08-17 12:55,2026-08-17 14:57,2026-08-17 23:45:56
2026-08-17,SEM/MO/01198 - Dosificado manual ,DOSIFICADO MANUAL,En progreso,ESCORZA ALQUINGA BRITHANY ANAHI,OPERADOR DE PRODUCCION,PRODUCCION,2000.0,0.0,0.0,105.9,152.2,121.2,2026-08-17 12:55,2026-08-17 14:45,2026-08-17 12:55,2026-08-17 14:57,2026-08-17 23:45:56
2026-08-17,SEM/MO/01149 - Envasado Manual,ENVASADO MANUAL,Terminada,Sin registro hoy,,,320.0,368.0,115.0,22.1,30.0,0,2026-08-17 13:00,2026-08-17 13:18,,,2026-08-17 23:45:56
2026-08-17,SEM/MO/01197 - Etiquetado manual,ETIQUETADO,En progreso,AYALA HERRERA LILIANA MARCELA,OPERADOR DE PRODUCCION,PRODUCCION,5000.0,0.0,0.0,150.0,200.8,200.8,2026-08-17 14:56,2026-08-18 08:26,2026-08-17 14:56,2026-08-17 18:17,2026-08-17 23:45:56
2026-08-17,SEM/MO/01157 - Etiquetado manual,ETIQUETADO,En progreso,Sin registro hoy,,,800.0,0.0,0.0,24.0,89.7,0,,,,,2026-08-17 23:45:56
2026-08-17,SEM/MO/00003 - Dosificado Automático,DOSIFICADO AUTOMÁTICO,Terminada,Sin registro hoy,,,11350.0,11571.0,101.9,578.5,335.0,0,2026-04-07 12:13,2026-04-07 12:13,,,2026-08-17 23:45:56
2026-08-17,SEM/MO/00002 - Etiquetado manual,ETIQUETADO,Terminada,Sin registro hoy,,,9750.0,10806.0,110.8,324.2,324.2,0,2026-04-07 12:29,2026-04-07 12:29,,,2026-08-17 23:45:56
2026-08-17,SEM/MO/00014 - Calentamiento,CALENTAMIENTO,Terminada,Sin registro hoy,,,28500.0,25703.0,90.2,778.9,470.1,0,2026-04-07 18:29,2026-04-07 18:29,,,2026-08-17 23:45:56
2026-08-17,SEM/MO/00020 - Etiquetado manual,ETIQUETADO,Terminada,Sin registro hoy,,,1211.0,1211.0,100.0,36.3,36.3,0,2026-04-07 18:51,2026-04-07 18:51,,,2026-08-17 23:45:56
2026-08-17,SEM/MO/00022 - Calentamiento,CALENTAMIENTO,Terminada,Sin registro hoy,,,1004.0,1004.0,100.0,30.4,30.4,0,2026-04-07 19:15,2026-04-07 19:15,,,2026-08-17 23:45:56
2026-08-17,SEM/MO/00023 - Dosificado manual ,DOSIFICADO MANUAL,Terminada,Sin registro hoy,,,5100.0,5012.0,98.3,265.3,145.0,0,2026-04-08 18:06,2026-04-08 18:06,,,2026-08-17 23:45:56
2026-08-17,SEM/MO/00035 - Dosificado manual ,DOSIFICADO MANUAL,Terminada,Sin registro hoy,,,10000.0,9980.0,99.8,528.3,250.0,0,2026-04-10 11:02,2026-04-10 11:02,,,2026-08-17 23:45:56
2026-08-17,SEM/MO/00033 - Etiquetado,ETIQUETADO,Terminada,Sin registro hoy,,,1000.0,843.0,84.3,0.0,95.0,0,2026-04-10 12:42,2026-04-10 12:42,,,2026-08-17 23:45:56
2026-08-17,SEM/MO/00053 - Dosificado Automático,DOSIFICADO AUTOMÁTICO,Terminada,Sin registro hoy,,,3000.0,1690.0,56.3,84.5,84.5,0,2026-04-14 12:22,2026-04-14 12:22,,,2026-08-17 23:45:56
2026-08-17,SEM/MO/00036 - Dosificado Automático,DOSIFICADO AUTOMÁTICO,Terminada,Sin registro hoy,,,8000.0,3381.0,42.3,169.1,169.1,0,2026-04-14 12:23,2026-04-14 12:23,,,2026-08-17 23:45:56
2026-08-17,SEM/MO/00038 - Dosificado manual ,DOSIFICADO MANUAL,Terminada,Sin registro hoy,,,10000.0,12311.0,123.1,651.7,294.9,0,2026-04-14 12:26,2026-04-14 12:26,,,2026-08-17 23:45:56
2026-08-17,SEM/MO/00039 - Etiquetado manual,ETIQUETADO,Terminada,Sin registro hoy,,,4000.0,3929.0,98.2,117.9,110.0,0,2026-04-14 12:54,2026-04-14 12:54,,,2026-08-17 23:45:56
2026-08-17,SEM/MO/00052 - Calentamiento,CALENTAMIENTO,Terminada,Sin registro hoy,,,16200.0,14577.0,90.0,441.7,310.0,0,2026-04-14 13:11,2026-04-14 13:11,,,2026-08-17 23:45:56
2026-08-17,SEM/MO/00061 - Etiquetado manual,ETIQUETADO,Terminada,Sin registro hoy,,,7600.0,7474.0,98.3,224.2,95.0,0,2026-04-16 10:43,2026-04-16 10:43,,,2026-08-17 23:45:56
2026-08-17,SEM/MO/00059 - Dosificado manual ,DOSIFICADO MANUAL,Terminada,Sin registro hoy,,,6500.0,6672.0,102.6,353.2,360.0,0,2026-04-16 11:44,2026-04-16 11:44,,,2026-08-17 23:45:56
2026-08-17,SEM/MO/00082 - Etiquetado manual,ETIQUETADO,Terminada,Sin registro hoy,,,16200.0,16178.0,99.9,485.3,240.0,0,2026-04-20 09:05,2026-04-20 09:05,,,2026-08-17 23:45:56
2026-08-17,SEM/MO/00120 - Dosificado manual ,DOSIFICADO MANUAL,Terminada,Sin registro hoy,,,3800.0,4220.0,111.1,223.4,320.0,0,2026-04-20 09:29,2026-04-20 09:29,,,2026-08-17 23:45:56
2026-08-17,SEM/MO/00028 - Etiquetado manual,ETIQUETADO,Terminada,Sin registro hoy,,,8000.0,6831.0,85.4,204.9,85.1,0,2026-04-20 09:58,2026-04-20 09:58,,,2026-08-17 23:45:56
2026-08-17,SEM/MO/00110 - Pasteurizado,PASTEURIZACIÓN,Terminada,Sin registro hoy,,,1000.0,1617.0,161.7,77.8,40.0,0,2026-04-20 10:16,2026-04-20 10:16,,,2026-08-17 23:45:56
2026-08-17,SEM/MO/00129 - Calentamiento,CALENTAMIENTO,Terminada,Sin registro hoy,,,12960.0,12400.0,95.7,375.8,290.0,0,2026-04-21 12:44,2026-04-21 12:44,,,2026-08-17 23:45:56
2026-08-17,SEM/MO/00128 - Dosificado manual ,DOSIFICADO MANUAL,Terminada,Sin registro hoy,,,2600.0,3349.0,128.8,177.3,115.0,0,2026-04-21 15:50,2026-04-21 15:50,,,2026-08-17 23:45:56
2026-08-17,SEM/MO/00130 - Despepado,DESPEPADO,Terminada,Sin registro hoy,,,336.0,368.0,109.5,0.0,30.0,0,2026-04-21 16:02,2026-04-21 16:02,,,2026-08-17 23:45:56
2026-08-17,SEM/MO/00145 - Etiquetado manual,ETIQUETADO,Terminada,Sin registro hoy,,,1300.0,2302.0,177.1,69.1,40.0,0,2026-04-21 17:47,2026-04-21 17:47,,,2026-08-17 23:45:56
2026-08-17,SEM/MO/00146 - Liberación,LIMPIEZA,Terminada,Sin registro hoy,,,11000.0,12574.0,114.3,0.0,120.0,0,2026-04-21 18:29,2026-04-21 18:29,,,2026-08-17 23:45:56
2026-08-17,SEM/MO/00171 - Dosificado Automático,DOSIFICADO AUTOMÁTICO,Terminada,Sin registro hoy,,,10000.0,2578.0,25.8,128.9,215.0,0,2026-04-23 09:05,2026-04-23 09:05,,,2026-08-17 23:45:56
2026-08-17,SEM/MO/00170 - Etiquetado manual,ETIQUETADO,Terminada,Sin registro hoy,,,10300.0,10283.0,99.8,308.5,350.0,0,2026-04-23 09:08,2026-04-23 09:08,,,2026-08-17 23:45:56
2026-08-17,SEM/MO/00173 - Envasado Manual,ENVASADO MANUAL,Terminada,Sin registro hoy,,,1120.0,1360.0,121.4,81.6,95.0,0,2026-04-24 00:58,2026-04-24 00:58,,,2026-08-17 23:45:56
2026-08-17,SEM/MO/00177 - Dosificado manual ,DOSIFICADO MANUAL,Terminada,Sin registro hoy,,,9000.0,8642.0,96.0,181.4,285.0,0,2026-04-24 12:11,2026-04-24 12:11,,,2026-08-17 23:45:56
2026-08-17,SEM/MO/00144 - Envasado Manual,ENVASADO MANUAL,Terminada,Sin registro hoy,,,144.0,144.0,100.0,8.6,15.0,0,2026-04-24 15:37,2026-04-24 15:37,,,2026-08-17 23:45:56
2026-08-17,SEM/MO/00203 - Envasado Manual,ENVASADO MANUAL,Terminada,Sin registro hoy,,,1312.0,1312.0,100.0,78.7,95.0,0,2026-04-24 15:48,2026-04-24 15:48,,,2026-08-17 23:45:56
2026-08-17,SEM/MO/00200 - Etiquetado manual,ETIQUETADO,Terminada,Sin registro hoy,,,4700.0,4257.0,90.6,127.7,200.1,0,2026-04-27 19:53,2026-04-27 19:53,,,2026-08-17 23:45:56
2026-08-17,SEM/MO/00198 - Etiquetado manual,ETIQUETADO,Terminada,Sin registro hoy,,,11500.0,11538.0,100.3,346.1,190.1,0,2026-04-27 20:22,2026-04-27 20:22,,,2026-08-17 23:45:56
2026-08-17,SEM/MO/00209 - Etiquetado manual,ETIQUETADO,Terminada,Sin registro hoy,,,32940.0,32940.0,100.0,988.2,435.2,0,2026-04-27 23:26,2026-04-27 23:26,,,2026-08-17 23:45:56
2026-08-17,SEM/MO/00168 - Dosificado manual ,DOSIFICADO MANUAL,Terminada,Sin registro hoy,,,11100.0,9813.0,88.4,206.0,145.0,0,2026-04-30 13:40,2026-04-30 13:40,,,2026-08-17 23:45:56
2026-08-17,SEM/MO/00214 - Calentamiento,CALENTAMIENTO,Terminada,Sin registro hoy,,,14000.0,13966.0,99.8,423.2,230.0,0,2026-04-30 14:21,2026-04-30 14:21,,,2026-08-17 23:45:56
2026-08-17,SEM/MO/00224 - Pasteurizado,PASTEURIZACIÓN,Terminada,Sin registro hoy,,,10000.0,12069.0,120.7,365.7,335.0,0,2026-04-30 16:30,2026-04-30 16:30,,,2026-08-17 23:45:56
2026-08-17,SEM/MO/00234 - Etiquetado manual,ETIQUETADO,Terminada,Sin registro hoy,,,6700.0,9700.0,144.8,291.0,115.0,0,2026-05-04 16:57,2026-05-04 16:57,,,2026-08-17 23:45:56
2026-08-17,SEM/MO/00235 - Etiquetado manual,ETIQUETADO,Terminada,Sin registro hoy,,,3501.0,3501.0,100.0,105.0,35.0,0,2026-05-04 17:12,2026-05-04 17:12,,,2026-08-17 23:45:56
2026-08-17,SEM/MO/00236 - Dosificado manual ,DOSIFICADO MANUAL,Terminada,Sin registro hoy,,,8000.0,6853.0,85.7,143.8,260.0,0,2026-05-04 17:24,2026-05-04 17:24,,,2026-08-17 23:45:56
2026-08-17,SEM/MO/00254 - Etiquetado manual,ETIQUETADO,Terminada,Sin registro hoy,,,13000.0,12724.0,97.9,381.7,215.0,0,2026-05-05 08:30,2026-05-05 08:30,,,2026-08-17 23:45:56
2026-08-17,SEM/MO/00252 - Calentamiento,CALENTAMIENTO,Terminada,Sin registro hoy,,,9800.0,9794.0,99.9,296.8,330.0,0,2026-05-05 09:11,2026-05-05 09:11,,,2026-08-17 23:45:56
2026-08-17,SEM/MO/00267 - Etiquetado manual,ETIQUETADO,Terminada,Sin registro hoy,,,16500.0,16442.0,99.6,493.3,250.0,0,2026-05-05 12:41,2026-05-05 12:41,,,2026-08-17 23:45:56
2026-08-17,SEM/MO/00278 - Dosificado manual ,DOSIFICADO MANUAL,Terminada,Sin registro hoy,,,14000.0,6171.0,44.1,326.6,135.0,0,2026-05-07 14:17,2026-05-07 14:17,,,2026-08-17 23:45:56
2026-08-17,SEM/MO/00305 - Dosificado manual ,DOSIFICADO MANUAL,Terminada,Sin registro hoy,,,4500.0,4228.0,94.0,223.8,114.1,0,2026-05-11 15:54,2026-05-11 15:54,,,2026-08-17 23:45:56
2026-08-17,SEM/MO/00312 - Envasado Manual,ENVASADO MANUAL,Terminada,Sin registro hoy,,,1000.0,1100.0,110.0,66.0,90.0,0,2026-05-12 08:53,2026-05-12 08:53,,,2026-08-17 23:45:56
2026-08-17,SEM/MO/00282 - Dosificado manual ,DOSIFICADO MANUAL,Terminada,Sin registro hoy,,,2520.0,3033.0,120.4,160.6,145.0,0,2026-05-13 04:02,2026-05-13 04:02,,,2026-08-17 23:45:56
2026-08-17,SEM/MO/00316 - Envasado Manual,ENFUNDADO 2,Terminada,Sin registro hoy,,,150.0,104.0,69.3,12.5,35.0,0,2026-05-13 05:08,2026-05-13 05:08,,,2026-08-17 23:45:56
2026-08-17,SEM/MO/00315 - Envasado Manual,ENVASADO MANUAL,Terminada,Sin registro hoy,,,64.0,64.0,100.0,3.8,30.0,0,2026-05-13 05:10,2026-05-13 05:10,,,2026-08-17 23:45:56
2026-08-17,SEM/MO/00317 - Etiquetado manual,ETIQUETADO,Terminada,Sin registro hoy,,,4000.0,1851.0,46.3,55.5,30.0,0,2026-05-13 05:14,2026-05-13 05:14,,,2026-08-17 23:45:56
2026-08-17,SEM/MO/00313 - Pasteurizado,PASTEURIZACIÓN,Terminada,Sin registro hoy,,,10000.0,3519.0,35.2,169.3,190.0,0,2026-05-13 08:32,2026-05-18 14:21,,,2026-08-17 23:45:56
2026-08-17,SEM/MO/00314 - Calentamiento,CALENTAMIENTO,Terminada,Sin registro hoy,,,200.0,200.0,100.0,6.1,10.0,0,2026-05-13 08:33,2026-05-13 08:33,,,2026-08-17 23:45:56
2026-08-17,SEM/MO/00323 - Dosificado Automático,DOSIFICADO AUTOMÁTICO,Terminada,Sin registro hoy,,,10000.0,9105.0,91.0,455.2,475.0,0,2026-05-13 09:10,2026-05-13 09:10,,,2026-08-17 23:45:56
2026-08-17,SEM/MO/00324-001 - Etiquetado manual,ETIQUETADO,Terminada,Sin registro hoy,,,2989.0,2989.0,100.0,89.7,40.0,0,2026-05-13 09:11,2026-05-13 09:11,,,2026-08-17 23:45:56
2026-08-17,SEM/MO/00326 - Envasado Manual,ENVASADO MANUAL,Terminada,Sin registro hoy,,,3520.0,4160.0,118.2,249.6,284.6,0,2026-05-13 13:53,2026-05-13 13:53,,,2026-08-17 23:45:56
2026-08-17,SEM/MO/00311 - Etiquetado manual,ETIQUETADO,Terminada,Sin registro hoy,,,5000.0,3588.0,71.8,107.6,290.0,0,2026-05-13 14:04,2026-05-13 14:04,,,2026-08-17 23:45:56
2026-08-17,SEM/MO/00338 - Pasteurizado,PASTEURIZACIÓN,Terminada,Sin registro hoy,,,1700.0,1700.0,100.0,81.8,60.0,0,2026-05-13 14:25,2026-05-13 14:25,,,2026-08-17 23:45:56
2026-08-17,SEM/MO/00331 - Despepado,DESPEPADO,Terminada,Sin registro hoy,,,320.0,320.0,100.0,0.0,30.0,0,2026-05-14 20:40,2026-05-14 20:40,,,2026-08-17 23:45:56
2026-08-17,SEM/MO/00306 - Dosificado Automático,DOSIFICADO AUTOMÁTICO,Terminada,Sin registro hoy,,,10000.0,9320.0,93.2,466.0,330.0,0,2026-05-15 15:27,2026-05-15 15:27,,,2026-08-17 23:45:56
2026-08-17,SEM/MO/00310 - Dosificado manual ,DOSIFICADO MANUAL,Terminada,Sin registro hoy,,,14000.0,12024.0,85.9,636.5,455.0,0,2026-05-15 15:44,2026-05-15 15:44,,,2026-08-17 23:45:56
2026-08-17,SEM/MO/00349 - Etiquetado manual,ETIQUETADO,Terminada,Sin registro hoy,,,500.0,499.0,99.8,15.0,15.0,0,2026-05-18 07:21,2026-05-18 07:21,,,2026-08-17 23:45:56
2026-08-17,SEM/MO/00353 - Dosificado manual ,DOSIFICADO MANUAL,Terminada,Sin registro hoy,,,14000.0,9695.0,69.2,513.2,370.0,0,2026-05-18 11:14,2026-05-18 11:14,,,2026-08-17 23:45:56
2026-08-17,SEM/MO/00334 - Limpieza,LIMPIEZA,Terminada,Sin registro hoy,,,4500.0,4556.0,101.2,0.0,80.0,0,2026-05-18 14:28,2026-05-18 14:28,,,2026-08-17 23:45:56
2026-08-17,SEM/MO/00333 - Dosificado Automático,DOSIFICADO AUTOMÁTICO,Terminada,Sin registro hoy,,,12000.0,6084.0,50.7,304.2,455.0,0,2026-05-18 22:26,2026-05-18 22:26,,,2026-08-17 23:45:56
2026-08-17,SEM/MO/00357 - Pasteurizado,PASTEURIZACIÓN,Terminada,Sin registro hoy,,,6500.0,7677.0,118.1,369.4,90.0,0,2026-05-18 23:20,2026-05-18 23:20,,,2026-08-17 23:45:56
2026-08-17,SEM/MO/00332 - Dosificado manual ,DOSIFICADO MANUAL,Terminada,Sin registro hoy,,,7500.0,7639.0,101.9,404.4,290.4,0,2026-05-19 15:18,2026-05-19 15:18,,,2026-08-17 23:45:56
2026-08-17,SEM/MO/00379 - Dosificado Automático,DOSIFICADO AUTOMÁTICO,Terminada,Sin registro hoy,,,12000.0,13144.0,109.5,657.2,525.0,0,2026-05-19 17:15,2026-05-19 17:15,,,2026-08-17 23:45:56
2026-08-17,SEM/MO/00399 - Pasteurizado,PASTEURIZACIÓN,Terminada,Sin registro hoy,,,8000.0,9499.0,118.7,457.1,142.1,0,2026-05-21 14:13,2026-05-22 10:27,,,2026-08-17 23:45:56
2026-08-17,SEM/MO/00395 - Inspección ,REVISIÓN VISUAL/ MANUAL,Terminada,Sin registro hoy,,,400.0,250.0,62.5,375.0,297.2,0,2026-05-22 08:04,2026-05-26 15:06,,,2026-08-17 23:45:56
2026-08-17,SEM/MO/00396 - Dosificado manual ,DOSIFICADO MANUAL,Terminada,Sin registro hoy,,,14000.0,9644.0,68.9,510.5,175.2,0,2026-05-22 13:38,2026-05-26 17:33,,,2026-08-17 23:45:56
2026-08-17,SEM/MO/00388 - Dosificado manual ,DOSIFICADO MANUAL,Terminada,Sin registro hoy,,,7500.0,7977.0,106.4,422.2,295.0,0,2026-05-23 10:44,2026-05-25 17:47,,,2026-08-17 23:45:56
2026-08-17,SEM/MO/00381 - Dosificado manual ,DOSIFICADO MANUAL,Terminada,Sin registro hoy,,,12000.0,11834.0,98.6,626.4,180.0,0,2026-05-25 17:38,2026-05-25 17:38,,,2026-08-17 23:45:56
2026-08-17,SEM/MO/00418 - lavado tachos,TACHOS,Terminada,Sin registro hoy,,,1200.0,1360.0,113.3,0.0,155.6,0,2026-05-26 06:35,2026-05-28 15:32,,,2026-08-17 23:45:56
2026-08-17,SEM/MO/00413 - Pasteurizado,PASTEURIZACIÓN,Terminada,Sin registro hoy,,,800.0,800.0,100.0,96.8,139.0,0,2026-05-26 08:56,2026-05-26 08:56,,,2026-08-17 23:45:56
2026-08-17,SEM/MO/00414 - Pasteurizado,PASTEURIZACIÓN,Terminada,Sin registro hoy,,,304.0,304.0,100.0,36.8,42.0,0,2026-05-26 09:11,2026-05-26 09:11,,,2026-08-17 23:45:56
2026-08-17,SEM/MO/00419 - Dosificado manual ,DOSIFICADO MANUAL,Terminada,Sin registro hoy,,,14000.0,8345.0,59.6,441.7,131.3,0,2026-05-26 11:34,2026-05-29 05:45,,,2026-08-17 23:45:56
2026-08-17,SEM/MO/00420 - Pasteurizado,PASTEURIZACIÓN,Terminada,Sin registro hoy,,,2000.0,2615.0,130.8,125.8,66.3,0,2026-05-26 18:25,2026-05-28 15:40,,,2026-08-17 23:45:56
2026-08-17,SEM/MO/00439 - Limpieza,LIMPIEZA,Terminada,Sin registro hoy,,,6000.0,6575.0,109.6,0.0,98.3,0,2026-05-27 06:58,2026-05-30 14:41,,,2026-08-17 23:45:56
2026-08-17,SEM/MO/00440 - Lavado de tachos,TACHOS,Terminada,Sin registro hoy,,,1504.0,1504.0,100.0,0.0,58.1,0,2026-05-27 06:59,2026-05-30 12:17,,,2026-08-17 23:45:56
2026-08-17,SEM/MO/00444 - Pasteurizado,PASTEURIZACIÓN,Terminada,Sin registro hoy,,,8400.0,7811.0,93.0,375.9,388.7,0,2026-05-27 20:57,2026-05-30 15:26,,,2026-08-17 23:45:56
2026-08-17,SEM/MO/00446 - Dosificado Automático,DOSIFICADO AUTOMÁTICO,Terminada,Sin registro hoy,,,12000.0,14899.0,124.2,745.0,270.9,0,2026-05-28 16:36,2026-05-31 00:16,,,2026-08-17 23:45:56
2026-08-17,SEM/MO/00451 - Dosificado manual ,DOSIFICADO MANUAL,Terminada,Sin registro hoy,,,7500.0,8369.0,111.6,443.0,120.6,0,2026-05-29 12:47,2026-05-31 16:28,,,2026-08-17 23:45:56
2026-08-17,SEM/MO/00452 - Dosificado manual ,DOSIFICADO MANUAL,Terminada,Sin registro hoy,,,14000.0,9788.0,69.9,518.1,306.8,0,2026-05-29 16:59,2026-05-31 20:13,,,2026-08-17 23:45:56
2026-08-17,SEM/MO/00470 - Liberacion,LIMPIEZA,Terminada,Sin registro hoy,,,6000.0,10090.0,168.2,0.0,332.9,0,2026-06-01 06:08,2026-06-02 17:36,,,2026-08-17 23:45:56
2026-08-17,SEM/MO/00468 - Dosificado Automático,DOSIFICADO AUTOMÁTICO,Terminada,Sin registro hoy,,,13000.0,14164.0,109.0,708.2,648.3,0,2026-06-01 10:40,2026-06-02 13:56,,,2026-08-17 23:45:56
2026-08-17,SEM/MO/00490 - Tachos,TACHOS,Terminada,Sin registro hoy,,,512.0,512.0,100.0,0.0,89.8,0,2026-06-02 06:23,2026-06-09 08:22,,,2026-08-17 23:45:56
2026-08-17,SEM/MO/00488 - Etiquetado manual,ETIQUETADO,Terminada,Sin registro hoy,,,7600.0,7015.0,92.3,210.4,320.3,0,2026-06-02 09:24,2026-06-03 09:29,,,2026-08-17 23:45:56
2026-08-17,SEM/MO/00508 - Dosificado manual ,DOSIFICADO MANUAL,Terminada,Sin registro hoy,,,14000.0,29161.0,208.3,1543.6,583.9,0,2026-06-03 14:09,2026-06-08 12:56,,,2026-08-17 23:45:56
2026-08-17,SEM/MO/00513 - Calentamiento,CALENTAMIENTO,Terminada,Sin registro hoy,,,14000.0,12810.0,91.5,388.2,378.0,0,2026-06-05 09:10,2026-06-08 17:40,,,2026-08-17 23:45:56
2026-08-17,SEM/MO/00526 - Dosificado Automático,DOSIFICADO AUTOMÁTICO,Terminada,Sin registro hoy,,,14000.0,13025.0,93.0,651.2,489.8,0,2026-06-08 08:42,2026-06-09 14:16,,,2026-08-17 23:45:56
2026-08-17,SEM/MO/00496 - Dosificado manual ,DOSIFICADO MANUAL,Terminada,Sin registro hoy,,,14000.0,4545.0,32.5,240.6,190.0,0,2026-06-08 12:04,2026-06-08 12:04,,,2026-08-17 23:45:56
2026-08-17,SEM/MO/00537 - Etiquetado manual,ETIQUETADO,Terminada,Sin registro hoy,,,3500.0,3498.0,99.9,104.9,103.5,0,2026-06-09 07:46,2026-06-10 14:08,,,2026-08-17 23:45:56
2026-08-17,SEM/MO/00538 - Dosificado manual ,DOSIFICADO MANUAL,Terminada,Sin registro hoy,,,11700.0,7560.0,64.6,400.2,224.5,0,2026-06-09 12:17,2026-06-10 09:15,,,2026-08-17 23:45:56
2026-08-17,SEM/MO/00539 - Revisión Manual,REVISIÓN VISUAL/ MANUAL,Terminada,Sin registro hoy,,,2020.0,2120.0,105.0,0.0,72.9,0,2026-06-09 15:18,2026-06-10 08:38,,,2026-08-17 23:45:56
2026-08-17,SEM/MO/00547 - Etiquetado manual,ETIQUETADO,Terminada,Sin registro hoy,,,2600.0,2340.0,90.0,70.2,75.1,0,2026-06-09 18:13,2026-06-10 09:26,,,2026-08-17 23:45:56
2026-08-17,SEM/MO/00544 - Tachos,TACHOS,Terminada,Sin registro hoy,,,2020.0,2020.0,100.0,0.0,349.3,0,2026-06-10 06:10,2026-06-10 15:26,,,2026-08-17 23:45:56
2026-08-17,SEM/MO/00550 - Etiquetado manual,ETIQUETADO,Terminada,Sin registro hoy,,,11000.0,10966.0,99.7,329.0,394.2,0,2026-06-10 07:35,2026-06-11 17:17,,,2026-08-17 23:45:56
2026-08-17,SEM/MO/00556 - Dosificado manual ,DOSIFICADO MANUAL,Terminada,Sin registro hoy,,,9000.0,5516.0,61.3,115.8,178.7,0,2026-06-10 21:19,2026-06-11 17:30,,,2026-08-17 23:45:56
2026-08-17,SEM/MO/00558 - Despepado,DESPEPADO,Terminada,Sin registro hoy,,,320.0,320.0,100.0,0.0,34.3,0,2026-06-11 08:59,2026-06-11 16:00,,,2026-08-17 23:45:56
2026-08-17,SEM/MO/00569 - Dosificado manual ,DOSIFICADO MANUAL,Terminada,Sin registro hoy,,,2800.0,2800.0,100.0,58.8,66.3,0,2026-06-11 21:51,2026-06-12 10:09,,,2026-08-17 23:45:56
2026-08-17,SEM/MO/00572 - Calentamiento,CALENTAMIENTO,Terminada,Sin registro hoy,,,7000.0,7000.0,100.0,212.1,260.8,0,2026-06-12 09:42,2026-06-15 14:24,,,2026-08-17 23:45:56
2026-08-17,SEM/MO/00570 - Dosificado manual ,DOSIFICADO MANUAL,Terminada,Sin registro hoy,,,14000.0,17061.0,121.9,903.1,518.5,0,2026-06-12 15:07,2026-06-15 16:26,,,2026-08-17 23:45:56
2026-08-17,SEM/MO/00576 - Dosificado manual ,DOSIFICADO MANUAL,Terminada,Sin registro hoy,,,5000.0,5657.0,113.1,299.4,470.6,0,2026-06-15 13:31,2026-06-19 16:26,,,2026-08-17 23:45:56
2026-08-17,SEM/MO/00591 - Etiquetado manual,ETIQUETADO,Terminada,Sin registro hoy,,,12000.0,11300.0,94.2,339.0,167.1,0,2026-06-16 07:22,2026-06-18 08:45,,,2026-08-17 23:45:56
2026-08-17,SEM/MO/00578 - Calentamiento,CALENTAMIENTO,Terminada,Sin registro hoy,,,1000.0,1027.0,102.7,31.1,20.0,0,2026-06-16 13:00,2026-06-18 10:14,,,2026-08-17 23:45:56
2026-08-17,SEM/MO/00593 - Dosificado manual ,DOSIFICADO MANUAL,Terminada,Sin registro hoy,,,3600.0,3600.0,100.0,190.6,128.2,0,2026-06-16 19:53,2026-06-18 09:49,,,2026-08-17 23:45:56
2026-08-17,SEM/MO/00598 - Etiquetado manual,ETIQUETADO,Terminada,Sin registro hoy,,,10000.0,9635.0,96.4,289.1,93.4,0,2026-06-17 07:14,2026-06-19 10:19,,,2026-08-17 23:45:56
2026-08-17,SEM/MO/00603 - Etiquetado manual,ETIQUETADO,Terminada,Sin registro hoy,,,5100.0,5100.0,100.0,153.0,106.8,0,2026-06-17 14:57,2026-06-19 21:10,,,2026-08-17 23:45:56
2026-08-17,SEM/MO/00602 - Etiquetado manual,ETIQUETADO,Terminada,Sin registro hoy,,,5000.0,5710.0,114.2,171.3,118.2,0,2026-06-17 16:44,2026-06-19 09:21,,,2026-08-17 23:45:56
2026-08-17,SEM/MO/00601 - Envasado Manual,ENVASADO MANUAL,Terminada,Sin registro hoy,,,64.0,64.0,100.0,3.8,21.9,0,2026-06-17 17:44,2026-06-19 09:19,,,2026-08-17 23:45:56
2026-08-17,SEM/MO/00599 - Envasado Manual,ENVASADO MANUAL,Terminada,Sin registro hoy,,,1504.0,1744.0,116.0,104.6,236.7,0,2026-06-18 09:59,2026-06-19 12:26,,,2026-08-17 23:45:56
2026-08-17,SEM/MO/00606 - Dosificado manual ,DOSIFICADO MANUAL,Terminada,Sin registro hoy,,,1200.0,1200.0,100.0,25.2,79.7,0,2026-06-18 19:38,2026-06-22 16:15,,,2026-08-17 23:45:56
2026-08-17,SEM/MO/00607 - Dosificado Automático,DOSIFICADO AUTOMÁTICO,Terminada,Sin registro hoy,,,13000.0,13000.0,100.0,650.0,298.4,0,2026-06-18 19:38,2026-06-22 16:16,,,2026-08-17 23:45:56
2026-08-17,SEM/MO/00617 - Etiquetado manual,ETIQUETADO,Terminada,Sin registro hoy,,,5000.0,4901.0,98.0,147.0,103.3,0,2026-06-19 07:09,2026-06-22 16:26,,,2026-08-17 23:45:56
2026-08-17,SEM/MO/00616 - Dosificado manual ,DOSIFICADO MANUAL,Terminada,Sin registro hoy,,,11500.0,12383.0,107.7,655.5,417.3,0,2026-06-19 09:29,2026-06-22 16:11,,,2026-08-17 23:45:56
2026-08-17,SEM/MO/00625 - Etiquetado manual,ETIQUETADO,Terminada,Sin registro hoy,,,2000.0,1377.0,68.8,41.3,57.0,0,2026-06-22 08:54,2026-06-23 10:56,,,2026-08-17 23:45:56
2026-08-17,SEM/MO/00627 - Etiquetado manual,ETIQUETADO,Terminada,Sin registro hoy,,,12000.0,12000.0,100.0,360.0,379.1,0,2026-06-22 09:51,2026-06-23 10:54,,,2026-08-17 23:45:56
2026-08-17,SEM/MO/00628 - Etiquetado manual,ETIQUETADO,Terminada,Sin registro hoy,,,10000.0,10000.0,100.0,300.0,161.7,0,2026-06-22 21:08,2026-06-23 11:08,,,2026-08-17 23:45:56
2026-08-17,SEM/MO/00642 - Calentamiento,CALENTAMIENTO,Terminada,Sin registro hoy,,,7000.0,7091.0,101.3,0.0,179.9,0,2026-06-23 17:51,2026-06-24 10:21,,,2026-08-17 23:45:56
2026-08-17,SEM/MO/00654 - Etiquetado manual,ETIQUETADO,Terminada,Sin registro hoy,,,7000.0,6973.0,99.6,209.2,195.0,0,2026-06-24 08:08,2026-06-25 09:53,,,2026-08-17 23:45:56
2026-08-17,SEM/MO/00641 - Dosificado manual ,DOSIFICADO MANUAL,Terminada,Sin registro hoy,,,10200.0,18612.0,182.5,985.2,388.9,0,2026-06-24 13:03,2026-06-25 12:18,,,2026-08-17 23:45:56
2026-08-17,SEM/MO/00668 - Inspección ,REVISIÓN VISUAL/ MANUAL,Terminada,Sin registro hoy,,,300.0,300.0,100.0,450.0,260.9,0,2026-06-24 16:51,2026-06-25 08:34,,,2026-08-17 23:45:56
2026-08-17,SEM/MO/00674 - Etiquetado manual,ETIQUETADO,Terminada,Sin registro hoy,,,13000.0,13000.0,100.0,390.0,142.5,0,2026-06-25 07:43,2026-06-26 14:34,,,2026-08-17 23:45:56
2026-08-17,SEM/MO/00675 - Pasteurizado,PASTEURIZACIÓN,Terminada,Sin registro hoy,,,1520.0,1520.0,100.0,183.9,98.0,0,2026-06-25 18:16,2026-06-28 18:29,,,2026-08-17 23:45:56
2026-08-17,SEM/MO/00680 - Calentamiento,CALENTAMIENTO,Terminada,Sin registro hoy,,,14000.0,14000.0,100.0,424.2,511.6,0,2026-06-26 11:23,2026-06-28 18:35,,,2026-08-17 23:45:56
2026-08-17,SEM/MO/00681 - Cernido,DESPEPADO,Terminada,Sin registro hoy,,,1000.0,1368.0,136.8,0.0,126.0,0,2026-06-29 12:47,2026-06-29 12:47,,,2026-08-17 23:45:56
2026-08-17,SEM/MO/00696 - Calentamiento,CALENTAMIENTO,Terminada,Sin registro hoy,,,7000.0,7000.0,100.0,0.0,29.5,0,2026-06-29 14:45,2026-06-30 15:02,,,2026-08-17 23:45:56
2026-08-17,SEM/MO/00707 - Etiquetado manual,ETIQUETADO,Terminada,Sin registro hoy,,,13600.0,17702.0,130.2,531.1,209.6,0,2026-06-30 07:48,2026-06-30 22:23,,,2026-08-17 23:45:56
2026-08-17,SEM/MO/00743 - Inspección ,REVISIÓN VISUAL/ MANUAL,Terminada,Sin registro hoy,,,400.0,400.0,100.0,600.0,352.2,0,2026-07-01 13:45,2026-07-02 10:13,,,2026-08-17 23:45:56
2026-08-17,SEM/MO/00723 - Envasado Manual,ENVASADO MANUAL,Terminada,Sin registro hoy,,,1008.0,1008.0,100.0,60.5,151.2,0,2026-07-02 08:42,2026-07-02 13:08,,,2026-08-17 23:45:56
2026-08-17,SEM/MO/00726 - Etiquetado manual,ETIQUETADO,Terminada,Sin registro hoy,,,13000.0,13000.0,100.0,390.0,294.7,0,2026-07-02 08:42,2026-07-03 09:55,,,2026-08-17 23:45:56
2026-08-17,SEM/MO/00725 - Pasteurizado,PASTEURIZACIÓN,Terminada,Sin registro hoy,,,1520.0,1520.0,100.0,183.9,73.7,0,2026-07-03 09:48,2026-07-03 14:51,,,2026-08-17 23:45:56
2026-08-17,SEM/MO/00727 - Calentamiento,CALENTAMIENTO,Terminada,Sin registro hoy,,,13000.0,13000.0,100.0,393.9,248.2,0,2026-07-03 14:04,2026-07-05 19:01,,,2026-08-17 23:45:56
2026-08-17,SEM/MO/00757 - Etiquetado manual,ETIQUETADO,Terminada,Sin registro hoy,,,5000.0,4052.0,81.0,121.6,180.5,0,2026-07-06 08:44,2026-07-07 10:44,,,2026-08-17 23:45:56
2026-08-17,SEM/MO/00758 - Envasado Manual,ENFUNDADO 2,Terminada,Sin registro hoy,,,200.0,88.0,44.0,10.6,28.8,0,2026-07-06 13:30,2026-07-07 10:41,,,2026-08-17 23:45:56
2026-08-17,SEM/MO/00761 - Dosificado manual ,DOSIFICADO MANUAL,Terminada,Sin registro hoy,,,3000.0,3000.0,100.0,158.8,146.3,0,2026-07-06 16:32,2026-07-07 11:10,,,2026-08-17 23:45:56
2026-08-17,SEM/MO/00765 - Dosificado Automático,DOSIFICADO AUTOMÁTICO,Terminada,Sin registro hoy,,,12000.0,12000.0,100.0,600.0,616.1,0,2026-07-07 09:23,2026-07-08 08:14,,,2026-08-17 23:45:56
2026-08-17,SEM/MO/00763 - Calentamiento,CALENTAMIENTO,Terminada,Sin registro hoy,,,13000.0,13000.0,100.0,0.0,200.5,0,2026-07-07 19:42,2026-07-08 08:15,,,2026-08-17 23:45:56
2026-08-17,SEM/MO/00770 - Revisión,REVISIÓN VISUAL/ MANUAL,Terminada,Sin registro hoy,,,2100.0,2240.0,106.7,0.0,237.1,0,2026-07-08 08:23,2026-07-13 08:37,,,2026-08-17 23:45:56
2026-08-17,SEM/MO/00767 - Inspección ,REVISIÓN VISUAL/ MANUAL,Terminada,Sin registro hoy,,,250.0,250.0,100.0,375.0,201.5,0,2026-07-08 14:24,2026-07-08 17:28,,,2026-08-17 23:45:56
2026-08-17,SEM/MO/00769 - Dosificado Automático,DOSIFICADO AUTOMÁTICO,Terminada,Sin registro hoy,,,8700.0,11568.0,133.0,578.4,428.8,0,2026-07-08 16:27,2026-07-10 08:52,,,2026-08-17 23:45:56
2026-08-17,SEM/MO/00775 - Envasado Manual,ENVASADO MANUAL,Terminada,Sin registro hoy,,,1504.0,1744.0,116.0,104.6,202.8,0,2026-07-09 09:21,2026-07-13 08:43,,,2026-08-17 23:45:56
2026-08-17,SEM/MO/00776 - Pasteurizado,PASTEURIZACIÓN,Terminada,Sin registro hoy,,,5000.0,5000.0,100.0,240.6,245.1,0,2026-07-10 07:52,2026-07-10 13:00,,,2026-08-17 23:45:56
2026-08-17,SEM/MO/00777 - Calentamiento,CALENTAMIENTO,Terminada,Sin registro hoy,,,13000.0,11736.0,90.3,355.6,180.6,0,2026-07-10 15:57,2026-07-13 08:49,,,2026-08-17 23:45:56
2026-08-17,SEM/MO/00778 - Pasteurizado,PASTEURIZACIÓN,Terminada,Sin registro hoy,,,3000.0,2945.0,98.2,141.7,63.4,0,2026-07-10 22:23,2026-07-13 09:09,,,2026-08-17 23:45:56
2026-08-17,SEM/MO/00822 - Etiquetado manual,ETIQUETADO,Terminada,Sin registro hoy,,,12960.0,12928.0,99.8,387.8,105.5,0,2026-07-13 08:11,2026-07-14 12:34,,,2026-08-17 23:45:56
2026-08-17,SEM/MO/00823 - Dosificado Automático,DOSIFICADO AUTOMÁTICO,Terminada,Sin registro hoy,,,3240.0,4860.0,150.0,243.0,169.3,0,2026-07-13 17:59,2026-07-14 11:16,,,2026-08-17 23:45:56
2026-08-17,SEM/MO/00828 - Dosificado manual ,DOSIFICADO MANUAL,Terminada,Sin registro hoy,,,5000.0,7728.0,154.6,409.1,226.4,0,2026-07-14 21:36,2026-07-15 09:15,,,2026-08-17 23:45:56
2026-08-17,SEM/MO/00825 - Dosificado manual ,DOSIFICADO MANUAL,Terminada,Sin registro hoy,,,3000.0,3504.0,116.8,185.5,204.1,0,2026-07-15 08:23,2026-07-16 09:03,,,2026-08-17 23:45:56
2026-08-17,SEM/MO/00852 - Inspección ,REVISIÓN VISUAL/ MANUAL,Terminada,Sin registro hoy,,,300.0,484.0,161.3,726.0,406.9,0,2026-07-15 14:51,2026-07-16 09:32,,,2026-08-17 23:45:56
2026-08-17,SEM/MO/00853 - Etiquetado manual,ETIQUETADO,Terminada,Sin registro hoy,,,13000.0,4983.0,38.3,149.5,153.7,0,2026-07-16 06:21,2026-07-17 09:18,,,2026-08-17 23:45:56
2026-08-17,SEM/MO/00835 - Dosificado Automático,DOSIFICADO AUTOMÁTICO,Terminada,Sin registro hoy,,,4000.0,12268.0,306.7,613.4,448.3,0,2026-07-16 12:14,2026-07-17 09:24,,,2026-08-17 23:45:56
2026-08-17,SEM/MO/00838 - Calentamiento,CALENTAMIENTO,Terminada,Sin registro hoy,,,12960.0,12920.0,99.7,391.5,243.6,0,2026-07-17 09:44,2026-07-20 10:16,,,2026-08-17 23:45:56
2026-08-17,SEM/MO/00839 - Pasteurizado,PASTEURIZACIÓN,Terminada,Sin registro hoy,,,3240.0,3240.0,100.0,155.9,21.7,0,2026-07-17 15:45,2026-07-20 10:24,,,2026-08-17 23:45:56
2026-08-17,SEM/MO/00884 - Etiquetado manual,ETIQUETADO,Terminada,Sin registro hoy,,,5000.0,3285.0,65.7,0.0,88.7,0,2026-07-17 16:38,2026-07-20 10:33,,,2026-08-17 23:45:56
2026-08-17,SEM/MO/00837 - Envasado Manual,ENFUNDADO 2,Terminada,Sin registro hoy,,,200.0,200.0,100.0,24.0,75.5,0,2026-07-17 22:11,2026-07-20 10:25,,,2026-08-17 23:45:56
2026-08-17,SEM/MO/00886 - Dosificado manual ,DOSIFICADO MANUAL,Terminada,Sin registro hoy,,,3000.0,4679.0,156.0,247.7,211.1,0,2026-07-20 11:03,2026-07-21 08:53,,,2026-08-17 23:45:56
2026-08-17,SEM/MO/00888 - Liberacion,LIMPIEZA,Terminada,Sin registro hoy,,,7000.0,7000.0,100.0,0.0,135.8,0,2026-07-20 12:03,2026-07-20 17:29,,,2026-08-17 23:45:56
2026-08-17,SEM/MO/00908 - Homogenizado,HOMOGENIZACIÓN,Terminada,Sin registro hoy,,,512.0,512.0,100.0,0.0,86.1,0,2026-07-21 07:48,2026-07-21 15:10,,,2026-08-17 23:45:56
2026-08-17,SEM/MO/00904 - Envasado manual,ENVASADO MANUAL,Terminada,Sin registro hoy,,,1020.0,1020.0,100.0,61.2,166.5,0,2026-07-21 12:19,2026-07-21 19:22,,,2026-08-17 23:45:56
2026-08-17,SEM/MO/00909 - Dosificado Automático,DOSIFICADO AUTOMÁTICO,Terminada,Sin registro hoy,,,3000.0,6675.0,222.5,333.8,456.8,0,2026-07-22 09:18,2026-07-23 11:10,,,2026-08-17 23:45:56
2026-08-17,SEM/MO/00910 - Dosificado manual ,DOSIFICADO MANUAL,Terminada,Sin registro hoy,,,13500.0,6976.0,51.7,146.4,286.0,0,2026-07-22 10:39,2026-07-23 11:07,,,2026-08-17 23:45:56
2026-08-17,SEM/MO/00911 - Calentamiento,CALENTAMIENTO,Terminada,Sin registro hoy,,,14000.0,14000.0,100.0,424.2,329.7,0,2026-07-22 17:46,2026-07-23 10:25,,,2026-08-17 23:45:56
2026-08-17,SEM/MO/00925 - Escaldado,ETIQUETADO,Terminada,Sin registro hoy,,,4500.0,4500.0,100.0,135.0,146.0,0,2026-07-23 06:37,2026-07-26 15:52,,,2026-08-17 23:45:56
2026-08-17,SEM/MO/00924 - Dosificado manual ,DOSIFICADO MANUAL,Terminada,Sin registro hoy,,,6000.0,9133.0,152.2,483.4,131.1,0,2026-07-23 11:57,2026-07-27 09:31,,,2026-08-17 23:45:56
2026-08-17,SEM/MO/00922 - Inspección ,REVISIÓN VISUAL/ MANUAL,Terminada,Sin registro hoy,,,400.0,400.0,100.0,600.0,403.6,0,2026-07-23 15:59,2026-07-26 15:47,,,2026-08-17 23:45:56
2026-08-17,SEM/MO/00923 - Etiquetado manual,ETIQUETADO,Terminada,Sin registro hoy,,,4700.0,4471.0,95.1,134.1,38.8,0,2026-07-23 16:01,2026-07-27 11:56,,,2026-08-17 23:45:56
2026-08-17,SEM/MO/00905 - tachos,TACHOS,Terminada,Sin registro hoy,,,2016.0,2106.0,104.5,0.0,200.0,0,2026-07-24 08:00,2026-07-26 15:55,,,2026-08-17 23:45:56
2026-08-17,SEM/MO/00906 - Tachos,TACHOS,Terminada,Sin registro hoy,,,2000.0,2060.0,103.0,0.0,198.0,0,2026-07-24 08:00,2026-07-26 15:42,,,2026-08-17 23:45:56
2026-08-17,SEM/MO/00927 - Calentamiento,CALENTAMIENTO,Terminada,Sin registro hoy,,,3240.0,3241.0,100.0,98.2,98.2,0,2026-07-24 16:15,2026-07-27 13:07,,,2026-08-17 23:45:56
2026-08-17,SEM/MO/00926 - Pasteurizado,PASTEURIZACIÓN,Terminada,Sin registro hoy,,,6480.0,9559.0,147.5,460.0,215.9,0,2026-07-24 18:32,2026-07-27 13:09,,,2026-08-17 23:45:56
2026-08-17,SEM/MO/00986 - Tachos,TACHOS,Terminada,Sin registro hoy,,,2900.0,2900.0,100.0,0.0,154.9,0,2026-07-28 11:51,2026-07-29 09:49,,,2026-08-17 23:45:56
2026-08-17,SEM/MO/00969 - Etiquetado manual,ETIQUETADO,Terminada,Sin registro hoy,,,7000.0,7000.0,100.0,210.0,120.0,0,2026-07-28 12:20,2026-07-28 12:20,,,2026-08-17 23:45:56
2026-08-17,SEM/MO/00989 - Etiquetado manual,ETIQUETADO,Terminada,Sin registro hoy,,,9720.0,11465.0,118.0,0.0,175.4,0,2026-07-28 12:42,2026-07-29 09:16,,,2026-08-17 23:45:56
2026-08-17,SEM/MO/00988 - tachos,TACHOS,Terminada,Sin registro hoy,,,2000.0,2016.0,100.8,0.0,209.3,0,2026-07-28 15:00,2026-07-29 09:26,,,2026-08-17 23:45:56
2026-08-17,SEM/MO/01004 - Dosificado manual ,DOSIFICADO MANUAL,Terminada,Sin registro hoy,,,6700.0,6542.0,97.6,0.0,436.6,0,2026-07-29 10:27,2026-07-30 09:51,,,2026-08-17 23:45:56
2026-08-17,SEM/MO/01003 - Dosificado Automático,DOSIFICADO AUTOMÁTICO,Terminada,Sin registro hoy,,,4000.0,3842.0,96.0,0.0,101.9,0,2026-07-29 12:51,2026-07-30 09:37,,,2026-08-17 23:45:56
2026-08-17,SEM/MO/01002 - Inspección ,REVISIÓN VISUAL/ MANUAL,Terminada,Sin registro hoy,,,500.0,500.0,100.0,0.0,386.3,0,2026-07-29 17:44,2026-07-30 14:11,,,2026-08-17 23:45:56
2026-08-17,SEM/MO/01008 - Calentamiento,CALENTAMIENTO,Terminada,Sin registro hoy,,,1300.0,1300.0,100.0,0.0,85.2,0,2026-07-30 07:17,2026-07-31 14:20,,,2026-08-17 23:45:56
2026-08-17,SEM/MO/01007 - Pasteurizado,PASTEURIZACIÓN,Terminada,Sin registro hoy,,,1800.0,1800.0,100.0,0.0,181.4,0,2026-07-30 08:42,2026-07-31 14:15,,,2026-08-17 23:45:56
2026-08-17,SEM/MO/01022 - Etiquetado manual,ETIQUETADO,Terminada,Sin registro hoy,,,4000.0,4000.0,100.0,120.0,182.4,0,2026-07-30 16:05,2026-07-30 23:39,,,2026-08-17 23:45:56
2026-08-17,SEM/MO/01009 - Pasteurizado,PASTEURIZACIÓN,Terminada,Sin registro hoy,,,1800.0,1800.0,100.0,0.0,30.0,0,2026-07-31 14:17,2026-07-31 14:17,,,2026-08-17 23:45:56
2026-08-17,SEM/MO/00955 - Etiquetado manual,ETIQUETADO,Terminada,Sin registro hoy,,,1430.0,1430.0,100.0,42.9,30.0,0,2026-07-31 15:26,2026-07-31 15:26,,,2026-08-17 23:45:56
2026-08-17,SEM/MO/01031 - Envasado Manual,ENVASADO MANUAL,Terminada,Sin registro hoy,,,460.0,460.0,100.0,27.6,30.1,0,2026-07-31 18:34,2026-07-31 19:16,,,2026-08-17 23:45:56
2026-08-17,SEM/MO/01029 - Calentamiento,CALENTAMIENTO,Terminada,Sin registro hoy,,,13000.0,13000.0,100.0,393.9,208.1,0,2026-07-31 19:25,2026-08-03 08:56,,,2026-08-17 23:45:56
2026-08-17,SEM/MO/01071 - Tachos,TACHOS,Terminada,Sin registro hoy,,,3800.0,3800.0,100.0,0.0,334.3,0,2026-08-03 06:38,2026-08-04 08:51,,,2026-08-17 23:45:56
2026-08-17,SEM/MO/01084 - Tachos,TACHOS,Terminada,Sin registro hoy,,,2010.0,2010.0,100.0,0.0,52.8,0,2026-08-04 06:25,2026-08-05 10:02,,,2026-08-17 23:45:56
2026-08-17,SEM/MO/01085 - Etiquetado manual,ETIQUETADO,Terminada,Sin registro hoy,,,13000.0,12359.0,95.1,370.8,232.2,0,2026-08-04 06:56,2026-08-05 09:42,,,2026-08-17 23:45:56
2026-08-17,SEM/MO/01088 - Etiquetado manual,ETIQUETADO,Terminada,Sin registro hoy,,,13000.0,11271.0,86.7,0.0,189.7,0,2026-08-05 07:22,2026-08-06 09:45,,,2026-08-17 23:45:56
2026-08-17,SEM/MO/01090 - Inspección ,REVISIÓN VISUAL/ MANUAL,Terminada,Sin registro hoy,,,150.0,150.0,100.0,0.0,131.7,0,2026-08-05 16:15,2026-08-06 09:48,,,2026-08-17 23:45:56
2026-08-17,SEM/MO/01092 - Etiquetado manual,ETIQUETADO,Terminada,Sin registro hoy,,,7000.0,7644.0,109.2,0.0,162.9,0,2026-08-05 17:27,2026-08-06 10:20,,,2026-08-17 23:45:56
2026-08-17,SEM/MO/01106 - Etiquetado manual,ETIQUETADO,Terminada,Sin registro hoy,,,6500.0,6500.0,100.0,195.0,157.2,0,2026-08-06 06:30,2026-08-06 19:15,,,2026-08-17 23:45:56
2026-08-17,SEM/MO/01107 - Etiquetado manual,ETIQUETADO,Terminada,Sin registro hoy,,,400.0,400.0,100.0,12.0,11.9,0,2026-08-06 09:21,2026-08-06 19:16,,,2026-08-17 23:45:56
2026-08-17,SEM/MO/01108 - Dosificado manual ,DOSIFICADO MANUAL,Terminada,Sin registro hoy,,,8100.0,8100.0,100.0,428.8,283.4,0,2026-08-06 12:06,2026-08-06 19:18,,,2026-08-17 23:45:56
2026-08-17,SEM/MO/01123 - Pasteurizado,PASTEURIZACIÓN,Terminada,Sin registro hoy,,,1200.0,1200.0,100.0,145.2,57.4,0,2026-08-07 11:57,2026-08-07 17:51,,,2026-08-17 23:45:56
2026-08-17,SEM/MO/01122 - Pasteurizado,PASTEURIZACIÓN,Terminada,Sin registro hoy,,,6500.0,4522.0,69.6,217.6,148.1,0,2026-08-07 15:53,2026-08-10 13:04,,,2026-08-17 23:45:56
2026-08-17,SEM/MO/01150 - Calentamiento,CALENTAMIENTO,Terminada,Sin registro hoy,,,13000.0,13000.0,100.0,0.0,341.9,0,2026-08-12 08:09,2026-08-13 08:51,,,2026-08-17 23:45:56
2026-08-17,SEM/MO/01172 - Calentamiento,CALENTAMIENTO,Terminada,Sin registro hoy,,,7000.0,7000.0,100.0,212.1,101.0,0,2026-08-13 07:54,2026-08-14 06:43,,,2026-08-17 23:45:56
2026-08-17,SEM/MO/01171 - Dosificado manual ,DOSIFICADO MANUAL,Terminada,Sin registro hoy,,,17820.0,17820.0,100.0,943.3,611.1,0,2026-08-13 09:09,2026-08-14 06:30,,,2026-08-17 23:45:56
2026-08-17,SEM/MO/01183 - Envasado Manual,ENVASADO MANUAL,Terminada,Sin registro hoy,,,192.0,192.0,100.0,11.5,24.1,0,2026-08-13 09:10,2026-08-13 09:10,,,2026-08-17 23:45:56
2026-08-17,SEM/MO/01168 - Etiquetado manual,ETIQUETADO,Terminada,Sin registro hoy,,,5000.0,5000.0,100.0,150.0,152.0,0,2026-08-13 11:15,2026-08-13 11:15,,,2026-08-17 23:45:56
2026-08-17,SEM/MO/01151 - Envasado Manual,ENVASADO MANUAL,Terminada,Sin registro hoy,,,2512.0,2512.0,100.0,150.7,285.0,0,2026-08-14 07:03,2026-08-14 07:03,,,2026-08-17 23:45:56
2026-08-17,SEM/MO/01176 - Etiquetado manual,ETIQUETADO,Terminada,Sin registro hoy,,,4100.0,7338.0,179.0,220.1,188.1,0,2026-08-14 07:03,2026-08-17 09:04,,,2026-08-17 23:45:56
2026-08-17,SEM/MO/01174 - Pasteurizado,PASTEURIZACIÓN,Terminada,Sin registro hoy,,,12960.0,10526.0,81.2,506.5,409.1,0,2026-08-14 15:35,2026-08-17 10:44,,,2026-08-17 23:45:56
2026-08-17,SEM/MO/01197 - Limpieza,LIMPIEZA,En progreso,JIMENEZ QUISHPE NATHALY ROSARIO,OPERADOR DE PRODUCCION,PRODUCCION,5000.0,0.0,0.0,0.0,197.6,0.1,2026-08-17 06:26,2026-08-17 08:00,2026-08-17 15:32,2026-08-17 15:33,2026-08-17 23:45:56
2026-08-17,SEM/MO/01197 - Limpieza,LIMPIEZA,En progreso,ESCORZA TROYA FRANKLIN BOLIVAR,OPERADOR DE PRODUCCION,PRODUCCION,5000.0,0.0,0.0,0.0,197.6,132.6,2026-08-17 06:26,2026-08-17 08:00,2026-08-17 14:17,2026-08-17 16:30,2026-08-17 23:45:56
2026-08-17,SEM/MO/01197 - Limpieza,LIMPIEZA,En progreso,MUÑOZ RAMOS KEVIN ROLANDO,OPERADOR DE PRODUCCION,PRODUCCION,5000.0,0.0,0.0,0.0,197.6,80.0,2026-08-17 06:26,2026-08-17 08:00,2026-08-17 14:17,2026-08-17 15:37,2026-08-17 23:45:56
2026-08-17,SEM/MO/01197 - Limpieza,LIMPIEZA,En progreso,GUARANDA CONLAGO ESTEBAN ALEJANDRO,OPERADOR DE PRODUCCION,PRODUCCION,5000.0,0.0,0.0,0.0,197.6,64.8,2026-08-17 06:26,2026-08-17 08:00,2026-08-17 06:26,2026-08-17 07:31,2026-08-17 23:45:56
2026-08-17,SEM/MO/01198 - Etiquetado manual,ETIQUETADO,En progreso,MORA CANENCIA ANA GABRIELA,OPERADOR DE PRODUCCION,PRODUCCION,2000.0,0.0,0.0,60.0,87.6,87.6,2026-08-17 06:54,2026-08-17 09:00,2026-08-17 06:54,2026-08-17 08:21,2026-08-17 23:45:56
2026-08-17,SEM/MO/01200 - Pasteurizado,PASTEURIZACIÓN,Terminada,Sin registro hoy,,,800.0,800.0,100.0,96.8,35.0,0,2026-08-17 10:44,2026-08-17 10:44,,,2026-08-17 23:45:56
2026-08-17,SEM/MO/01199 - Disicador,DOSIFICADO AUTOMÁTICO,En progreso,PUMALPA PAUCAR JORGE LUIS,OPERADOR DE PRODUCCION,PRODUCCION,5000.0,0.0,0.0,0.0,337.8,235.8,2026-08-17 12:59,2026-08-17 13:00,2026-08-17 14:14,2026-08-17 18:37,2026-08-17 23:45:56
2026-08-17,SEM/MO/01199 - Disicador,DOSIFICADO AUTOMÁTICO,En progreso,TULCAN NAVARRO FERNANDA ARACELY,OPERADOR DE PRODUCCION,PRODUCCION,5000.0,0.0,0.0,0.0,337.8,0.0,2026-08-17 12:59,2026-08-17 13:00,2026-08-17 18:37,2026-08-17 18:37,2026-08-17 23:45:56
2026-08-17,SEM/MO/01199 - Disicador,DOSIFICADO AUTOMÁTICO,En progreso,OJEDA MALUSIN VINICIO ALEXANDER,OPERADOR DE PRODUCCION,PRODUCCION,5000.0,0.0,0.0,0.0,337.8,118.9,2026-08-17 12:59,2026-08-17 13:00,2026-08-17 12:59,2026-08-17 14:58,2026-08-17 23:45:56
2026-08-17,SEM/MO/01149 - DESPEPADO,DESPEPADO,Terminada,Sin registro hoy,,,320.0,368.0,115.0,0.0,30.9,0,2026-08-17 13:19,2026-08-17 13:19,,,2026-08-17 23:45:56
2026-08-17,SEM/MO/01146 - Etiquetado manual,ETIQUETADO,En progreso,Sin registro hoy,,,9000.0,0.0,0.0,217.4,266.0,0,,,,,2026-08-17 23:45:56
2026-08-17,SEM/MO/00003 - Dosificado manual ,DOSIFICADO MANUAL,Terminada,Sin registro hoy,,,11350.0,11571.0,101.9,612.5,175.0,0,2026-04-07 12:13,2026-04-07 12:13,,,2026-08-17 23:45:56
2026-08-17,SEM/MO/00014 - Dosificado manual ,DOSIFICADO MANUAL,Terminada,Sin registro hoy,,,28500.0,25703.0,90.2,539.5,600.4,0,2026-04-07 18:29,2026-04-07 18:29,,,2026-08-17 23:45:56
2026-08-17,SEM/MO/00022 - Dosificado manual ,DOSIFICADO MANUAL,Terminada,Sin registro hoy,,,1004.0,1004.0,100.0,21.1,21.1,0,2026-04-07 19:15,2026-04-07 19:15,,,2026-08-17 23:45:56
2026-08-17,SEM/MO/00023 - Etiquetado manual,ETIQUETADO,Terminada,Sin registro hoy,,,5100.0,5012.0,98.3,150.4,80.0,0,2026-04-08 18:06,2026-04-08 18:06,,,2026-08-17 23:45:56
2026-08-17,SEM/MO/00035 - Etiquetado manual,ETIQUETADO,Terminada,Sin registro hoy,,,10000.0,9980.0,99.8,299.4,205.0,0,2026-04-10 11:02,2026-04-10 11:02,,,2026-08-17 23:45:56
2026-08-17,SEM/MO/00053 - Dosificado manual ,DOSIFICADO MANUAL,Terminada,Sin registro hoy,,,3000.0,1690.0,56.3,89.5,50.0,0,2026-04-14 12:22,2026-04-14 12:22,,,2026-08-17 23:45:56
2026-08-17,SEM/MO/00036 - Dosificado manual ,DOSIFICADO MANUAL,Terminada,Sin registro hoy,,,8000.0,3381.0,42.3,179.0,80.0,0,2026-04-14 12:23,2026-04-14 12:23,,,2026-08-17 23:45:56
2026-08-17,SEM/MO/00038 - Etiquetado manual,ETIQUETADO,Terminada,Sin registro hoy,,,10000.0,12311.0,123.1,369.3,280.0,0,2026-04-14 12:26,2026-04-14 12:26,,,2026-08-17 23:45:56
2026-08-17,SEM/MO/00052 - Dosificado manual ,DOSIFICADO MANUAL,Terminada,Sin registro hoy,,,16200.0,14577.0,90.0,306.0,175.0,0,2026-04-14 13:11,2026-04-14 13:11,,,2026-08-17 23:45:56
2026-08-17,SEM/MO/00059 - Etiquetado manual,ETIQUETADO,Terminada,Sin registro hoy,,,6500.0,6672.0,102.6,200.2,77.0,0,2026-04-16 11:44,2026-04-16 11:44,,,2026-08-17 23:45:56
2026-08-17,SEM/MO/00120 - Etiquetado manual,ETIQUETADO,Terminada,Sin registro hoy,,,3800.0,4220.0,111.1,126.6,35.0,0,2026-04-20 09:29,2026-04-20 09:29,,,2026-08-17 23:45:56
2026-08-17,SEM/MO/00129 - Dosificado manual ,DOSIFICADO MANUAL,Terminada,Sin registro hoy,,,12960.0,12400.0,95.7,260.3,300.2,0,2026-04-21 12:44,2026-04-21 12:44,,,2026-08-17 23:45:56
2026-08-17,SEM/MO/00128 - Etiquetado manual,ETIQUETADO,Terminada,Sin registro hoy,,,2600.0,3349.0,128.8,100.5,30.0,0,2026-04-21 15:50,2026-04-21 15:50,,,2026-08-17 23:45:56
2026-08-17,SEM/MO/00081 - Dosificado manual ,DOSIFICADO MANUAL,Terminada,Sin registro hoy,,,4500.0,5044.0,112.1,267.0,230.0,0,2026-04-21 16:23,2026-04-21 16:23,,,2026-08-17 23:45:56
2026-08-17,SEM/MO/00177 - Etiquetado manual,ETIQUETADO,Terminada,Sin registro hoy,,,9000.0,8642.0,96.0,259.3,175.0,0,2026-04-24 12:11,2026-04-24 12:11,,,2026-08-17 23:45:56
2026-08-17,SEM/MO/00168 - Etiquetado manual,ETIQUETADO,Terminada,Sin registro hoy,,,11100.0,9813.0,88.4,294.4,265.0,0,2026-04-30 13:40,2026-04-30 13:40,,,2026-08-17 23:45:56
2026-08-17,SEM/MO/00214 - Dosificado manual ,DOSIFICADO MANUAL,Terminada,Sin registro hoy,,,14000.0,13966.0,99.8,293.2,225.0,0,2026-04-30 14:21,2026-04-30 14:21,,,2026-08-17 23:45:56
2026-08-17,SEM/MO/00215 - Envasado Manual,ENVASADO MANUAL,Terminada,Sin registro hoy,,,270.0,270.0,100.0,16.2,45.0,0,2026-04-30 14:39,2026-04-30 14:39,,,2026-08-17 23:45:56
2026-08-17,SEM/MO/00224 - Dosificado manual ,DOSIFICADO MANUAL,Terminada,Sin registro hoy,,,10000.0,12069.0,120.7,253.3,440.0,0,2026-04-30 16:30,2026-04-30 16:30,,,2026-08-17 23:45:56
2026-08-17,SEM/MO/00235 - Liberación,LIMPIEZA,Terminada,Sin registro hoy,,,3501.0,3501.0,100.0,0.0,125.0,0,2026-05-04 17:12,2026-05-04 17:12,,,2026-08-17 23:45:56
2026-08-17,SEM/MO/00236 - Etiquetado manual,ETIQUETADO,Terminada,Sin registro hoy,,,8000.0,6853.0,85.7,205.6,90.0,0,2026-05-04 17:24,2026-05-04 17:24,,,2026-08-17 23:45:56
2026-08-17,SEM/MO/00252 - Dosificado manual ,DOSIFICADO MANUAL,Terminada,Sin registro hoy,,,9800.0,9794.0,99.9,205.6,215.2,0,2026-05-05 09:11,2026-05-05 09:11,,,2026-08-17 23:45:56
2026-08-17,SEM/MO/00266 - Dosificado manual ,DOSIFICADO MANUAL,Terminada,Sin registro hoy,,,2500.0,889.0,35.6,47.1,30.0,0,2026-05-05 12:42,2026-05-05 12:42,,,2026-08-17 23:45:56
2026-08-17,SEM/MO/00278 - Etiquetado manual,ETIQUETADO,Terminada,Sin registro hoy,,,14000.0,6171.0,44.1,185.1,65.0,0,2026-05-07 14:17,2026-05-07 14:17,,,2026-08-17 23:45:56
2026-08-17,SEM/MO/00305 - Etiquetado manual,ETIQUETADO,Terminada,Sin registro hoy,,,4500.0,4228.0,94.0,126.8,55.0,0,2026-05-11 15:54,2026-05-11 15:54,,,2026-08-17 23:45:56
2026-08-17,SEM/MO/00282 - Etiquetado manual,ETIQUETADO,Terminada,Sin registro hoy,,,2520.0,3033.0,120.4,91.0,35.0,0,2026-05-13 04:02,2026-05-13 04:02,,,2026-08-17 23:45:56
2026-08-17,SEM/MO/00314 - Dosificado manual ,DOSIFICADO MANUAL,Terminada,Sin registro hoy,,,200.0,200.0,100.0,4.2,35.0,0,2026-05-13 08:33,2026-05-13 08:33,,,2026-08-17 23:45:56
2026-08-17,SEM/MO/00323 - Dosificado manual ,DOSIFICADO MANUAL,Terminada,Sin registro hoy,,,10000.0,9105.0,91.0,482.0,90.0,0,2026-05-13 09:10,2026-05-13 09:10,,,2026-08-17 23:45:56
2026-08-17,SEM/MO/00313 - Dosificado Automático,DOSIFICADO AUTOMÁTICO,Terminada,Sin registro hoy,,,10000.0,3519.0,35.2,175.9,230.0,0,2026-05-13 11:21,2026-05-18 14:21,,,2026-08-17 23:45:56
2026-08-17,SEM/MO/00311 - Escaldado,ESCALDADO,Terminada,Sin registro hoy,,,5000.0,3588.0,71.8,0.0,100.0,0,2026-05-13 14:04,2026-05-13 14:04,,,2026-08-17 23:45:56
2026-08-17,SEM/MO/00306 - Dosificado manual ,DOSIFICADO MANUAL,Terminada,Sin registro hoy,,,10000.0,9320.0,93.2,493.3,295.0,0,2026-05-15 15:27,2026-05-15 15:27,,,2026-08-17 23:45:56
2026-08-17,SEM/MO/00310 - Etiquetado manual,ETIQUETADO,Terminada,Sin registro hoy,,,14000.0,12024.0,85.9,360.7,60.0,0,2026-05-15 15:44,2026-05-15 15:44,,,2026-08-17 23:45:56
2026-08-17,SEM/MO/00353 - Etiquetado manual,ETIQUETADO,Terminada,Sin registro hoy,,,14000.0,9695.0,69.2,290.9,150.0,0,2026-05-18 11:14,2026-05-18 11:14,,,2026-08-17 23:45:56
2026-08-17,SEM/MO/00333 - Dosificado manual ,DOSIFICADO MANUAL,Terminada,Sin registro hoy,,,12000.0,6084.0,50.7,322.1,160.0,0,2026-05-18 22:26,2026-05-18 22:26,,,2026-08-17 23:45:56
2026-08-17,SEM/MO/00366 - Dosificado manual ,DOSIFICADO MANUAL,Terminada,Sin registro hoy,,,3500.0,2829.0,80.8,149.8,90.0,0,2026-05-18 22:31,2026-05-18 22:31,,,2026-08-17 23:45:56
2026-08-17,SEM/MO/00357 - Dosificado Automático,DOSIFICADO AUTOMÁTICO,Terminada,Sin registro hoy,,,6500.0,7677.0,118.1,383.9,550.0,0,2026-05-18 23:20,2026-05-18 23:20,,,2026-08-17 23:45:56
2026-08-17,SEM/MO/00332 - Etiquetado manual,ETIQUETADO,Terminada,Sin registro hoy,,,7500.0,7639.0,101.9,229.2,150.0,0,2026-05-19 15:18,2026-05-19 15:18,,,2026-08-17 23:45:56
2026-08-17,SEM/MO/00379 - Dosificado manual ,DOSIFICADO MANUAL,Terminada,Sin registro hoy,,,12000.0,13144.0,109.5,695.8,640.0,0,2026-05-19 17:15,2026-05-19 17:15,,,2026-08-17 23:45:56
2026-08-17,SEM/MO/00399 - Dosificado Automático,DOSIFICADO AUTOMÁTICO,Terminada,Sin registro hoy,,,8000.0,9499.0,118.7,474.9,364.6,0,2026-05-21 14:12,2026-05-22 10:27,,,2026-08-17 23:45:56
2026-08-17,SEM/MO/00396 - Etiquetado manual,ETIQUETADO,Terminada,Sin registro hoy,,,14000.0,9644.0,68.9,289.3,244.2,0,2026-05-22 07:56,2026-05-26 17:33,,,2026-08-17 23:45:56
2026-08-17,SEM/MO/00409 - Dosificado manual ,DOSIFICADO MANUAL,Terminada,Sin registro hoy,,,11300.0,11300.0,100.0,598.1,180.1,0,2026-05-22 19:48,2026-05-22 23:26,,,2026-08-17 23:45:56
2026-08-17,SEM/MO/00388 - Etiquetado manual,ETIQUETADO,Terminada,Sin registro hoy,,,7500.0,7977.0,106.4,239.3,110.0,0,2026-05-24 09:21,2026-05-25 17:47,,,2026-08-17 23:45:56
2026-08-17,SEM/MO/00381 - Etiquetado manual,ETIQUETADO,Terminada,Sin registro hoy,,,12000.0,11834.0,98.6,355.0,145.0,0,2026-05-25 17:38,2026-05-25 17:38,,,2026-08-17 23:45:56
2026-08-17,SEM/MO/00419 - Etiquetado manual,ETIQUETADO,Terminada,Sin registro hoy,,,14000.0,8345.0,59.6,250.3,199.2,0,2026-05-26 06:27,2026-05-29 05:45,,,2026-08-17 23:45:56
2026-08-17,SEM/MO/00413 - Envasado Manual,ENVASADO MANUAL,Terminada,Sin registro hoy,,,800.0,800.0,100.0,48.0,30.0,0,2026-05-26 08:56,2026-05-26 08:56,,,2026-08-17 23:45:56
2026-08-17,SEM/MO/00414 - Envasado Manual,ENVASADO MANUAL,Terminada,Sin registro hoy,,,304.0,304.0,100.0,18.2,30.0,0,2026-05-26 09:11,2026-05-26 09:11,,,2026-08-17 23:45:56
2026-08-17,SEM/MO/00444 - Dosificado Automático,DOSIFICADO AUTOMÁTICO,Terminada,Sin registro hoy,,,8400.0,7811.0,93.0,390.6,294.5,0,2026-05-28 07:55,2026-05-30 15:26,,,2026-08-17 23:45:56
2026-08-17,SEM/MO/00446 - Dosificado manual ,DOSIFICADO MANUAL,Terminada,Sin registro hoy,,,12000.0,14899.0,124.2,788.6,222.0,0,2026-05-28 16:42,2026-05-31 00:16,,,2026-08-17 23:45:56
2026-08-17,SEM/MO/00451 - Etiquetado manual,ETIQUETADO,Terminada,Sin registro hoy,,,7500.0,8369.0,111.6,251.1,137.2,0,2026-05-29 07:49,2026-05-31 16:28,,,2026-08-17 23:45:56
2026-08-17,SEM/MO/00452 - Etiquetado manual,ETIQUETADO,Terminada,Sin registro hoy,,,14000.0,9788.0,69.9,293.6,90.4,0,2026-05-29 11:32,2026-05-31 20:13,,,2026-08-17 23:45:56
2026-08-17,SEM/MO/00468 - Dosificado manual ,DOSIFICADO MANUAL,Terminada,Sin registro hoy,,,13000.0,14164.0,109.0,749.8,234.7,0,2026-06-01 14:16,2026-06-02 13:56,,,2026-08-17 23:45:56
2026-08-17,SEM/MO/00496 - Etiquetado manual,ETIQUETADO,Terminada,Sin registro hoy,,,14000.0,14000.0,100.0,420.0,137.5,0,2026-06-02 14:19,2026-06-03 08:35,,,2026-08-17 23:45:56
2026-08-17,SEM/MO/00508 - Etiquetado manual,ETIQUETADO,Terminada,Sin registro hoy,,,14000.0,29161.0,208.3,874.8,282.3,0,2026-06-03 08:32,2026-06-08 12:56,,,2026-08-17 23:45:56
2026-08-17,SEM/MO/00513 - Dosificado manual ,DOSIFICADO MANUAL,Terminada,Sin registro hoy,,,14000.0,12810.0,91.5,268.9,410.4,0,2026-06-05 09:43,2026-06-08 17:40,,,2026-08-17 23:45:56
2026-08-17,SEM/MO/00526 - Dosificado manual ,DOSIFICADO MANUAL,Terminada,Sin registro hoy,,,14000.0,13025.0,93.0,689.5,293.6,0,2026-06-08 10:45,2026-06-09 14:16,,,2026-08-17 23:45:56
2026-08-17,SEM/MO/00538 - Etiquetado manual,ETIQUETADO,Terminada,Sin registro hoy,,,11700.0,7560.0,64.6,226.8,103.5,0,2026-06-09 07:46,2026-06-10 09:15,,,2026-08-17 23:45:56
2026-08-17,SEM/MO/00527 - calentamiento,CALENTAMIENTO,Terminada,Sin registro hoy,,,7800.0,8276.0,106.1,0.0,112.3,0,2026-06-09 14:06,2026-06-09 14:08,,,2026-08-17 23:45:56
2026-08-17,SEM/MO/00556 - Etiquetado manual,ETIQUETADO,Terminada,Sin registro hoy,,,9000.0,5516.0,61.3,165.5,110.5,0,2026-06-10 16:25,2026-06-11 17:30,,,2026-08-17 23:45:56
2026-08-17,SEM/MO/00560 - Escaldado,ESCALDADO,Terminada,Sin registro hoy,,,1095.0,1770.0,161.6,0.0,206.4,0,2026-06-11 12:41,2026-06-12 13:43,,,2026-08-17 23:45:56
2026-08-17,SEM/MO/00569 - Etiquetado manual,ETIQUETADO,Terminada,Sin registro hoy,,,2800.0,2800.0,100.0,84.0,73.7,0,2026-06-11 20:37,2026-06-12 10:09,,,2026-08-17 23:45:56
2026-08-17,SEM/MO/00572 - Dosificado manual ,DOSIFICADO MANUAL,Terminada,Sin registro hoy,,,7000.0,7000.0,100.0,146.9,244.8,0,2026-06-12 10:46,2026-06-15 14:25,,,2026-08-17 23:45:56
2026-08-17,SEM/MO/00570 - Etiquetado manual,ETIQUETADO,Terminada,Sin registro hoy,,,14000.0,17061.0,121.9,511.8,183.4,0,2026-06-12 15:07,2026-06-15 16:27,,,2026-08-17 23:45:56
2026-08-17,SEM/MO/00578 - Dosificado manual ,DOSIFICADO MANUAL,Terminada,Sin registro hoy,,,1000.0,1027.0,102.7,21.6,45.9,0,2026-06-15 11:21,2026-06-18 10:14,,,2026-08-17 23:45:56
2026-08-17,SEM/MO/00576 - Etiquetado manual,ETIQUETADO,Terminada,Sin registro hoy,,,5000.0,5657.0,113.1,169.7,93.1,0,2026-06-15 15:13,2026-06-19 16:26,,,2026-08-17 23:45:56
2026-08-17,SEM/MO/00593 - Etiquetado manual,ETIQUETADO,Terminada,Sin registro hoy,,,3600.0,3600.0,100.0,108.0,60.3,0,2026-06-16 08:55,2026-06-18 09:49,,,2026-08-17 23:45:56
2026-08-17,SEM/MO/00602 - Pelado,PELADO MANUAL,Terminada,Sin registro hoy,,,5000.0,5710.0,114.2,0.0,372.1,0,2026-06-17 15:02,2026-06-19 09:22,,,2026-08-17 23:45:56
2026-08-17,SEM/MO/00606 - Etiquetado manual,ETIQUETADO,Terminada,Sin registro hoy,,,1200.0,1200.0,100.0,36.0,36.0,0,2026-06-18 07:50,2026-06-22 16:13,,,2026-08-17 23:45:56
2026-08-17,SEM/MO/00607 - Dosificado manual ,DOSIFICADO MANUAL,Terminada,Sin registro hoy,,,13000.0,13000.0,100.0,688.1,376.7,0,2026-06-18 20:58,2026-06-22 16:16,,,2026-08-17 23:45:56
2026-08-17,SEM/MO/00616 - Etiquetado manual,ETIQUETADO,Terminada,Sin registro hoy,,,11500.0,12383.0,107.7,371.5,117.0,0,2026-06-19 07:23,2026-06-22 16:11,,,2026-08-17 23:45:56
2026-08-17,SEM/MO/00641 - Etiquetado manual,ETIQUETADO,Terminada,Sin registro hoy,,,10200.0,18612.0,182.5,558.4,243.7,0,2026-06-23 11:33,2026-06-25 12:18,,,2026-08-17 23:45:56
2026-08-17,SEM/MO/00673 - Dosificado manual ,DOSIFICADO MANUAL,Terminada,Sin registro hoy,,,4000.0,4962.0,124.0,262.7,245.0,0,2026-06-25 18:41,2026-06-28 18:34,,,2026-08-17 23:45:56
2026-08-17,SEM/MO/00675 - Envasado Manual,ENVASADO MANUAL,Terminada,Sin registro hoy,,,1520.0,1520.0,100.0,91.2,118.6,0,2026-06-25 18:41,2026-06-28 18:29,,,2026-08-17 23:45:56
2026-08-17,SEM/MO/00680 - Dosificado manual ,DOSIFICADO MANUAL,Terminada,Sin registro hoy,,,14000.0,14000.0,100.0,293.9,597.3,0,2026-06-26 11:46,2026-06-28 18:35,,,2026-08-17 23:45:56
2026-08-17,SEM/MO/00681 - Etiquetadi,ETIQUETADO,Terminada,Sin registro hoy,,,1000.0,1368.0,136.8,0.0,60.0,0,2026-06-29 12:51,2026-06-29 12:51,,,2026-08-17 23:45:56
2026-08-17,SEM/MO/00696 - Limpieza,LIMPIEZA,Terminada,Sin registro hoy,,,7000.0,9812.0,140.2,0.0,90.4,0,2026-06-30 18:31,2026-06-30 18:31,,,2026-08-17 23:45:56
2026-08-17,SEM/MO/00720 - Dosificado manual ,DOSIFICADO MANUAL,Terminada,Sin registro hoy,,,4000.0,4000.0,100.0,211.7,113.9,0,2026-07-02 22:08,2026-07-03 10:04,,,2026-08-17 23:45:56
2026-08-17,SEM/MO/00725 - Envasado Manual,ENVASADO MANUAL,Terminada,Sin registro hoy,,,1520.0,1520.0,100.0,91.2,78.6,0,2026-07-03 12:13,2026-07-03 14:03,,,2026-08-17 23:45:56
2026-08-17,SEM/MO/00727 - Dosificado manual ,DOSIFICADO MANUAL,Terminada,Sin registro hoy,,,13000.0,13000.0,100.0,272.9,349.8,0,2026-07-03 15:09,2026-07-05 19:01,,,2026-08-17 23:45:56
2026-08-17,SEM/MO/00761 - Etiquetado manual,ETIQUETADO,Terminada,Sin registro hoy,,,3000.0,3000.0,100.0,90.0,90.0,0,2026-07-06 14:32,2026-07-07 11:11,,,2026-08-17 23:45:56
2026-08-17,SEM/MO/00765 - Dosificado manual ,DOSIFICADO MANUAL,Terminada,Sin registro hoy,,,12000.0,12000.0,100.0,635.2,160.8,0,2026-07-07 15:01,2026-07-08 06:03,,,2026-08-17 23:45:56
2026-08-17,SEM/MO/00769 - Dosificado manual ,DOSIFICADO MANUAL,Terminada,Sin registro hoy,,,8700.0,8700.0,100.0,460.5,209.0,0,2026-07-07 20:01,2026-07-08 06:03,,,2026-08-17 23:45:56
2026-08-17,SEM/MO/00770 - Lavado de tachos,TACHOS,Terminada,Sin registro hoy,,,2100.0,2100.0,100.0,0.0,145.0,0,2026-07-08 08:25,2026-07-08 12:03,,,2026-08-17 23:45:56
2026-08-17,SEM/MO/00777 - Dosificado manual ,DOSIFICADO MANUAL,Terminada,Sin registro hoy,,,13000.0,11736.0,90.3,246.3,467.3,0,2026-07-08 21:09,2026-07-13 08:49,,,2026-08-17 23:45:56
2026-08-17,SEM/MO/00823 - Dosificado manual ,DOSIFICADO MANUAL,Terminada,Sin registro hoy,,,3240.0,3240.0,100.0,171.5,228.7,0,2026-07-13 15:45,2026-07-13 19:05,,,2026-08-17 23:45:56
2026-08-17,SEM/MO/00828 - Etiquetado manual,ETIQUETADO,Terminada,Sin registro hoy,,,5000.0,7728.0,154.6,231.8,180.4,0,2026-07-14 07:38,2026-07-15 09:15,,,2026-08-17 23:45:56
2026-08-17,SEM/MO/00825 - Etiquetado manual,ETIQUETADO,Terminada,Sin registro hoy,,,3000.0,3504.0,116.8,105.1,103.0,0,2026-07-15 06:12,2026-07-16 09:03,,,2026-08-17 23:45:56
2026-08-17,SEM/MO/00835 - Dosificado manual ,DOSIFICADO MANUAL,Terminada,Sin registro hoy,,,4000.0,12268.0,306.7,649.4,150.3,0,2026-07-16 12:14,2026-07-17 09:24,,,2026-08-17 23:45:56
2026-08-17,SEM/MO/00838 - Dosificado manual ,DOSIFICADO MANUAL,Terminada,Sin registro hoy,,,12960.0,12960.0,100.0,272.0,239.6,0,2026-07-17 10:46,2026-07-17 16:13,,,2026-08-17 23:45:56
2026-08-17,SEM/MO/00886 - Etiquetado manual,ETIQUETADO,Terminada,Sin registro hoy,,,3000.0,4679.0,156.0,140.4,135.0,0,2026-07-20 08:27,2026-07-21 08:53,,,2026-08-17 23:45:56
2026-08-17,SEM/MO/00904 - Escaldado,ESCALDADO,Terminada,Sin registro hoy,,,1020.0,1065.0,104.4,0.0,158.9,0,2026-07-21 06:39,2026-07-22 09:33,,,2026-08-17 23:45:56
2026-08-17,SEM/MO/00910 - Etiquetado manual,ETIQUETADO,Terminada,Sin registro hoy,,,13500.0,6976.0,51.7,209.3,224.7,0,2026-07-22 06:55,2026-07-23 11:08,,,2026-08-17 23:45:56
2026-08-17,SEM/MO/00911 - Dosificado manual ,DOSIFICADO MANUAL,Terminada,Sin registro hoy,,,14000.0,14000.0,100.0,293.9,397.4,0,2026-07-22 18:45,2026-07-23 10:26,,,2026-08-17 23:45:56
2026-08-17,SEM/MO/00924 - Etiquetado manual,ETIQUETADO,Terminada,Sin registro hoy,,,6000.0,9133.0,152.2,274.0,43.3,0,2026-07-23 06:37,2026-07-27 09:31,,,2026-08-17 23:45:56
2026-08-17,SEM/MO/00909 - Dosificado manual ,DOSIFICADO MANUAL,Terminada,Sin registro hoy,,,3000.0,6675.0,222.5,353.3,20.5,0,2026-07-23 10:58,2026-07-27 09:32,,,2026-08-17 23:45:56
2026-08-17,SEM/MO/00927 - Dosificado manual ,DOSIFICADO MANUAL,Terminada,Sin registro hoy,,,3240.0,3241.0,100.0,68.0,49.6,0,2026-07-24 18:15,2026-07-27 13:07,,,2026-08-17 23:45:56
2026-08-17,SEM/MO/00969 - CALENTAMIENTO,CALENTAMIENTO,Terminada,Sin registro hoy,,,7000.0,7000.0,100.0,0.0,190.0,0,2026-07-28 12:20,2026-07-28 12:20,,,2026-08-17 23:45:56
2026-08-17,SEM/MO/01002 - Envasado Manual,ENVASADO MANUAL,Terminada,Sin registro hoy,,,500.0,500.0,100.0,0.0,126.2,0,2026-07-29 07:42,2026-07-30 14:11,,,2026-08-17 23:45:56
2026-08-17,SEM/MO/01004 - Etiquetado manual,ETIQUETADO,Terminada,Sin registro hoy,,,6700.0,6542.0,97.6,0.0,200.3,0,2026-07-29 08:30,2026-07-30 10:48,,,2026-08-17 23:45:56
2026-08-17,SEM/MO/01008 - Dosificado manual ,DOSIFICADO MANUAL,Terminada,Sin registro hoy,,,1300.0,1300.0,100.0,0.0,136.0,0,2026-07-30 08:41,2026-07-31 14:20,,,2026-08-17 23:45:56
2026-08-17,SEM/MO/01009 - Dosificado manual ,DOSIFICADO MANUAL,Terminada,Sin registro hoy,,,1800.0,1800.0,100.0,0.0,52.3,0,2026-07-30 08:41,2026-07-31 14:18,,,2026-08-17 23:45:56
2026-08-17,SEM/MO/01003 - Dosificado manual ,DOSIFICADO MANUAL,Terminada,Sin registro hoy,,,4000.0,3842.0,96.0,0.0,130.0,0,2026-07-30 09:34,2026-07-30 14:04,,,2026-08-17 23:45:56
2026-08-17,SEM/MO/01029 - Dosificado manual ,DOSIFICADO MANUAL,Terminada,Sin registro hoy,,,13000.0,13000.0,100.0,272.9,279.2,0,2026-07-31 20:03,2026-08-03 08:56,,,2026-08-17 23:45:56
2026-08-17,SEM/MO/01108 - Etiquetado manual,ETIQUETADO,Terminada,Sin registro hoy,,,8100.0,8100.0,100.0,243.0,165.1,0,2026-08-06 10:49,2026-08-06 19:18,,,2026-08-17 23:45:56
2026-08-17,SEM/MO/01123 - Envasado Manual,ENVASADO MANUAL,Terminada,Sin registro hoy,,,1200.0,1200.0,100.0,72.0,93.0,0,2026-08-07 11:09,2026-08-07 18:25,,,2026-08-17 23:45:56
2026-08-17,SEM/MO/01151 - Tachos,TACHOS,Terminada,Sin registro hoy,,,2512.0,2512.0,100.0,0.0,150.2,0,2026-08-12 06:14,2026-08-13 09:05,,,2026-08-17 23:45:56
2026-08-17,SEM/MO/01172 - Dosificado manual ,DOSIFICADO MANUAL,Terminada,Sin registro hoy,,,7000.0,7000.0,100.0,146.9,167.6,0,2026-08-13 09:09,2026-08-14 06:43,,,2026-08-17 23:45:56
2026-08-17,SEM/MO/01183 - tachos,TACHOS,Terminada,Sin registro hoy,,,192.0,192.0,100.0,0.0,89.6,0,2026-08-13 09:10,2026-08-13 09:10,,,2026-08-17 23:45:56
2026-08-17,SEM/MO/01171 - Etiquetado manual,ETIQUETADO,Terminada,Sin registro hoy,,,17820.0,17820.0,100.0,534.6,440.8,0,2026-08-13 09:49,2026-08-14 06:30,,,2026-08-17 23:45:56
2026-08-17,SEM/MO/01174 - Dosificado Automático,DOSIFICADO AUTOMÁTICO,Terminada,Sin registro hoy,,,12960.0,10526.0,81.2,526.3,142.1,0,2026-08-14 17:43,2026-08-17 10:45,,,2026-08-17 23:45:56
2026-08-17,SEM/MO/01200 - Envasado Manual,ENVASADO MANUAL,Terminada,Sin registro hoy,,,800.0,800.0,100.0,48.0,40.0,0,2026-08-17 10:45,2026-08-17 10:45,,,2026-08-17 23:45:56
2026-08-17,SEM/MO/00003 - Etiquetado manual,ETIQUETADO,Terminada,Sin registro hoy,,,11350.0,11571.0,101.9,347.1,125.0,0,2026-04-07 12:13,2026-04-07 12:13,,,2026-08-17 23:45:56
2026-08-17,SEM/MO/00014 - Etiquetado manual,ETIQUETADO,Terminada,Sin registro hoy,,,28500.0,25703.0,90.2,771.1,534.3,0,2026-04-07 18:29,2026-04-07 18:29,,,2026-08-17 23:45:56
2026-08-17,SEM/MO/00022 - Etiquetado manual,ETIQUETADO,Terminada,Sin registro hoy,,,1004.0,1004.0,100.0,30.1,30.1,0,2026-04-07 19:15,2026-04-07 19:15,,,2026-08-17 23:45:56
2026-08-17,SEM/MO/00053 - Etiquetado manual,ETIQUETADO,Terminada,Sin registro hoy,,,3000.0,1690.0,56.3,50.7,60.0,0,2026-04-14 12:22,2026-04-14 12:22,,,2026-08-17 23:45:56
2026-08-17,SEM/MO/00036 - Etiquetado manual,ETIQUETADO,Terminada,Sin registro hoy,,,8000.0,3381.0,42.3,101.4,230.0,0,2026-04-14 12:23,2026-04-14 12:23,,,2026-08-17 23:45:56
2026-08-17,SEM/MO/00052 - Etiquetado manual,ETIQUETADO,Terminada,Sin registro hoy,,,16200.0,14577.0,90.0,437.3,240.2,0,2026-04-14 13:11,2026-04-14 13:11,,,2026-08-17 23:45:56
2026-08-17,SEM/MO/00110 - Dosificado manual ,DOSIFICADO MANUAL,Terminada,Sin registro hoy,,,1000.0,1617.0,161.7,85.6,85.0,0,2026-04-20 10:16,2026-04-20 10:16,,,2026-08-17 23:45:56
2026-08-17,SEM/MO/00129 - Etiquetado manual,ETIQUETADO,Terminada,Sin registro hoy,,,12960.0,12400.0,95.7,372.0,85.0,0,2026-04-21 12:44,2026-04-21 12:44,,,2026-08-17 23:45:56
2026-08-17,SEM/MO/00128 - Despepado,DESPEPADO,Terminada,Sin registro hoy,,,2600.0,3349.0,128.8,0.0,120.0,0,2026-04-21 15:50,2026-04-21 15:50,,,2026-08-17 23:45:56
2026-08-17,SEM/MO/00081 - Etiquetado manual,ETIQUETADO,Terminada,Sin registro hoy,,,4500.0,5044.0,112.1,151.3,150.0,0,2026-04-21 16:23,2026-04-21 16:23,,,2026-08-17 23:45:56
2026-08-17,SEM/MO/00214 - Etiquetado manual,ETIQUETADO,Terminada,Sin registro hoy,,,14000.0,13966.0,99.8,419.0,105.0,0,2026-04-30 14:21,2026-04-30 14:21,,,2026-08-17 23:45:56
2026-08-17,SEM/MO/00224 - Etiquetado manual,ETIQUETADO,Terminada,Sin registro hoy,,,10000.0,12069.0,120.7,362.1,125.0,0,2026-04-30 16:30,2026-04-30 16:30,,,2026-08-17 23:45:56
2026-08-17,SEM/MO/00252 - Etiquetado manual,ETIQUETADO,Terminada,Sin registro hoy,,,9800.0,9794.0,99.9,293.8,240.0,0,2026-05-05 09:11,2026-05-05 09:11,,,2026-08-17 23:45:56
2026-08-17,SEM/MO/00266 - Etiquetado manual,ETIQUETADO,Terminada,Sin registro hoy,,,2500.0,889.0,35.6,26.7,40.0,0,2026-05-05 12:42,2026-05-05 12:42,,,2026-08-17 23:45:56
2026-08-17,SEM/MO/00314 - Etiquetado manual,ETIQUETADO,Terminada,Sin registro hoy,,,200.0,200.0,100.0,6.0,40.0,0,2026-05-13 08:33,2026-05-13 08:33,,,2026-08-17 23:45:56
2026-08-17,SEM/MO/00323 - Etiquetado manual,ETIQUETADO,Terminada,Sin registro hoy,,,10000.0,9105.0,91.0,273.1,85.0,0,2026-05-13 09:10,2026-05-13 09:10,,,2026-08-17 23:45:56
2026-08-17,SEM/MO/00338 - Dosificado manual ,DOSIFICADO MANUAL,Terminada,Sin registro hoy,,,1700.0,1700.0,100.0,90.0,75.0,0,2026-05-13 14:25,2026-05-13 14:25,,,2026-08-17 23:45:56
2026-08-17,SEM/MO/00313 - Dosificado manual ,DOSIFICADO MANUAL,Terminada,Sin registro hoy,,,10000.0,3519.0,35.2,186.3,90.0,0,2026-05-13 15:17,2026-05-18 14:21,,,2026-08-17 23:45:56
2026-08-17,SEM/MO/00306 - Etiquetado manual,ETIQUETADO,Terminada,Sin registro hoy,,,10000.0,9320.0,93.2,279.6,25.0,0,2026-05-15 15:27,2026-05-15 15:27,,,2026-08-17 23:45:56
2026-08-17,SEM/MO/00333 - Etiquetado manual,ETIQUETADO,Terminada,Sin registro hoy,,,12000.0,6084.0,50.7,182.5,95.0,0,2026-05-18 22:26,2026-05-18 22:26,,,2026-08-17 23:45:56
2026-08-17,SEM/MO/00366 - Etiquetado manual,ETIQUETADO,Terminada,Sin registro hoy,,,3500.0,2829.0,80.8,84.9,45.0,0,2026-05-18 22:31,2026-05-18 22:31,,,2026-08-17 23:45:56
2026-08-17,SEM/MO/00357 - Dosificado manual ,DOSIFICADO MANUAL,Terminada,Sin registro hoy,,,6500.0,7677.0,118.1,406.4,140.1,0,2026-05-18 23:20,2026-05-18 23:20,,,2026-08-17 23:45:56
2026-08-17,SEM/MO/00332 - Despepado,DESPEPADO,Terminada,Sin registro hoy,,,7500.0,7639.0,101.9,0.0,175.0,0,2026-05-19 15:18,2026-05-19 15:18,,,2026-08-17 23:45:56
2026-08-17,SEM/MO/00379 - Etiquetado manual,ETIQUETADO,Terminada,Sin registro hoy,,,12000.0,13144.0,109.5,394.3,335.0,0,2026-05-19 17:15,2026-05-19 17:15,,,2026-08-17 23:45:56
2026-08-17,SEM/MO/00399 - Dosificado manual ,DOSIFICADO MANUAL,Terminada,Sin registro hoy,,,8000.0,9499.0,118.7,502.8,167.6,0,2026-05-21 20:07,2026-05-22 17:09,,,2026-08-17 23:45:56
2026-08-17,SEM/MO/00409 - Etiquetado manual,ETIQUETADO,Terminada,Sin registro hoy,,,11300.0,5238.0,46.4,157.1,243.7,0,2026-05-22 12:00,2026-05-28 15:22,,,2026-08-17 23:45:56
2026-08-17,SEM/MO/00388 - Despepado,DESPEPADO,Terminada,Sin registro hoy,,,7500.0,7977.0,106.4,0.0,180.0,0,2026-05-25 17:47,2026-05-25 17:47,,,2026-08-17 23:45:56
2026-08-17,SEM/MO/00420 - Dosificado manual ,DOSIFICADO MANUAL,Terminada,Sin registro hoy,,,2000.0,2615.0,130.8,138.4,89.6,0,2026-05-26 21:00,2026-05-28 15:40,,,2026-08-17 23:45:56
2026-08-17,SEM/MO/00444 - Dosificado manual ,DOSIFICADO MANUAL,Terminada,Sin registro hoy,,,8400.0,7811.0,93.0,413.5,254.5,0,2026-05-27 12:07,2026-05-30 15:26,,,2026-08-17 23:45:56
2026-08-17,SEM/MO/00446 - Etiquetado manual,ETIQUETADO,Terminada,Sin registro hoy,,,12000.0,14899.0,124.2,447.0,192.8,0,2026-05-28 21:16,2026-05-31 00:16,,,2026-08-17 23:45:56
2026-08-17,SEM/MO/00468 - Etiquetado manual,ETIQUETADO,Terminada,Sin registro hoy,,,13000.0,14164.0,109.0,424.9,56.3,0,2026-06-01 10:07,2026-06-02 13:56,,,2026-08-17 23:45:56
2026-08-17,SEM/MO/00513 - Etiquetado manual,ETIQUETADO,Terminada,Sin registro hoy,,,14000.0,12810.0,91.5,384.3,355.2,0,2026-06-05 07:12,2026-06-08 17:40,,,2026-08-17 23:45:56
2026-08-17,SEM/MO/00526 - Etiquetado manual,ETIQUETADO,Terminada,Sin registro hoy,,,14000.0,13025.0,93.0,390.8,290.9,0,2026-06-08 08:25,2026-06-09 14:16,,,2026-08-17 23:45:56
2026-08-17,SEM/MO/00560 - Envasado manual continuación,ENVASADO MANUAL,Terminada,Sin registro hoy,,,1095.0,1770.0,161.6,0.0,165.0,0,2026-06-11 18:23,2026-06-12 13:43,,,2026-08-17 23:45:56
2026-08-17,SEM/MO/00572 - Etiquetado manual,ETIQUETADO,Terminada,Sin registro hoy,,,7000.0,7000.0,100.0,210.0,257.3,0,2026-06-12 07:30,2026-06-15 14:25,,,2026-08-17 23:45:56
2026-08-17,SEM/MO/00578 - Etiquetado manual,ETIQUETADO,Terminada,Sin registro hoy,,,1000.0,1027.0,102.7,30.8,25.0,0,2026-06-16 15:00,2026-06-18 10:14,,,2026-08-17 23:45:56
2026-08-17,SEM/MO/00593 - Despepado,DESPEPADO,Terminada,Sin registro hoy,,,3600.0,3600.0,100.0,0.0,108.0,0,2026-06-16 17:35,2026-06-18 09:50,,,2026-08-17 23:45:56
2026-08-17,SEM/MO/00607 - Etiquetado manual,ETIQUETADO,Terminada,Sin registro hoy,,,13000.0,13000.0,100.0,390.0,262.1,0,2026-06-18 07:50,2026-06-22 16:16,,,2026-08-17 23:45:56
2026-08-17,SEM/MO/00673 - Etiquetado manual,ETIQUETADO,Terminada,Sin registro hoy,,,4000.0,4962.0,124.0,148.9,100.3,0,2026-06-25 10:08,2026-06-26 14:30,,,2026-08-17 23:45:56
2026-08-17,SEM/MO/00680 - Etiquetado manual,ETIQUETADO,Terminada,Sin registro hoy,,,14000.0,14000.0,100.0,420.0,169.7,0,2026-06-26 08:17,2026-06-28 18:35,,,2026-08-17 23:45:56
2026-08-17,SEM/MO/00720 - Etiquetado manual,ETIQUETADO,Terminada,Sin registro hoy,,,4000.0,4000.0,100.0,120.0,112.5,0,2026-07-02 14:20,2026-07-03 10:04,,,2026-08-17 23:45:56
2026-08-17,SEM/MO/00727 - Etiquetado manual,ETIQUETADO,Terminada,Sin registro hoy,,,13000.0,13000.0,100.0,390.0,172.4,0,2026-07-03 08:14,2026-07-05 19:01,,,2026-08-17 23:45:56
2026-08-17,SEM/MO/00725 - Tachos,TACHOS,Terminada,Sin registro hoy,,,1520.0,1552.0,102.1,0.0,38.8,0,2026-07-03 09:48,2026-07-05 19:26,,,2026-08-17 23:45:56
2026-08-17,SEM/MO/00765 - Etiquetado manual,ETIQUETADO,Terminada,Sin registro hoy,,,12000.0,12000.0,100.0,360.0,140.6,0,2026-07-07 11:17,2026-07-08 08:14,,,2026-08-17 23:45:56
2026-08-17,SEM/MO/00776 - Dosificado manual ,DOSIFICADO MANUAL,Terminada,Sin registro hoy,,,5000.0,6998.0,140.0,370.4,343.8,0,2026-07-10 09:10,2026-07-13 08:50,,,2026-08-17 23:45:56
2026-08-17,SEM/MO/00777 - Etiquetado manual,ETIQUETADO,Terminada,Sin registro hoy,,,13000.0,11736.0,90.3,352.1,127.2,0,2026-07-10 14:17,2026-07-13 08:49,,,2026-08-17 23:45:56
2026-08-17,SEM/MO/00778 - Dosificado manual ,DOSIFICADO MANUAL,Terminada,Sin registro hoy,,,3000.0,2945.0,98.2,155.9,105.0,0,2026-07-11 00:17,2026-07-15 08:59,,,2026-08-17 23:45:56
2026-08-17,SEM/MO/00823 - Etiquetado manual,ETIQUETADO,Terminada,Sin registro hoy,,,3240.0,4860.0,150.0,145.8,32.8,0,2026-07-13 17:40,2026-07-14 11:16,,,2026-08-17 23:45:56
2026-08-17,SEM/MO/00825 - Despepado,DESPEPADO,Terminada,Sin registro hoy,,,3000.0,3504.0,116.8,0.0,144.5,0,2026-07-15 06:11,2026-07-16 09:03,,,2026-08-17 23:45:56
2026-08-17,SEM/MO/00835 - Etiquetado manual,ETIQUETADO,Terminada,Sin registro hoy,,,4000.0,12268.0,306.7,368.0,130.8,0,2026-07-16 12:19,2026-07-17 09:24,,,2026-08-17 23:45:56
2026-08-17,SEM/MO/00838 - Etiquetado manual,ETIQUETADO,Terminada,Sin registro hoy,,,12960.0,12960.0,100.0,388.8,179.6,0,2026-07-17 06:49,2026-07-17 16:13,,,2026-08-17 23:45:56
2026-08-17,SEM/MO/00839 - Dosificado manual ,DOSIFICADO MANUAL,Terminada,Sin registro hoy,,,3240.0,3240.0,100.0,171.5,93.0,0,2026-07-17 16:17,2026-07-20 10:24,,,2026-08-17 23:45:56
2026-08-17,SEM/MO/00886 - Despepado,DESPEPADO,Terminada,Sin registro hoy,,,3000.0,4679.0,156.0,0.0,165.2,0,2026-07-20 08:26,2026-07-21 08:54,,,2026-08-17 23:45:56
2026-08-17,SEM/MO/00911 - Etiquetado manual,ETIQUETADO,Terminada,Sin registro hoy,,,14000.0,14000.0,100.0,420.0,265.3,0,2026-07-22 09:08,2026-07-23 10:26,,,2026-08-17 23:45:56
2026-08-17,SEM/MO/00927 - Etiquetado manual,ETIQUETADO,Terminada,Sin registro hoy,,,3240.0,3241.0,100.0,97.2,140.8,0,2026-07-24 15:52,2026-07-27 13:08,,,2026-08-17 23:45:56
2026-08-17,SEM/MO/00926 - Dosificado manual ,DOSIFICADO MANUAL,Terminada,Sin registro hoy,,,6480.0,9559.0,147.5,506.0,303.5,0,2026-07-24 18:42,2026-07-27 13:10,,,2026-08-17 23:45:56
2026-08-17,SEM/MO/01009 - Etiquetado manual,ETIQUETADO,Terminada,Sin registro hoy,,,1800.0,1800.0,100.0,0.0,82.3,0,2026-07-30 07:17,2026-07-31 14:18,,,2026-08-17 23:45:56
2026-08-17,SEM/MO/01008 - Etiquetado manual,ETIQUETADO,Terminada,Sin registro hoy,,,1300.0,1300.0,100.0,0.0,100.1,0,2026-07-30 09:15,2026-07-31 14:20,,,2026-08-17 23:45:56
2026-08-17,SEM/MO/01003 - Etiquetado manual,ETIQUETADO,Terminada,Sin registro hoy,,,4000.0,3842.0,96.0,0.0,30.0,0,2026-07-30 09:34,2026-07-30 14:02,,,2026-08-17 23:45:56
2026-08-17,SEM/MO/01007 - Dosificado manual ,DOSIFICADO MANUAL,Terminada,Sin registro hoy,,,1800.0,1800.0,100.0,0.0,155.0,0,2026-07-31 14:15,2026-07-31 14:15,,,2026-08-17 23:45:56
2026-08-17,SEM/MO/01029 - Etiquetado manual,ETIQUETADO,Terminada,Sin registro hoy,,,13000.0,13000.0,100.0,390.0,294.7,0,2026-07-31 14:31,2026-08-03 08:57,,,2026-08-17 23:45:56
2026-08-17,SEM/MO/01122 - Dosificado manual ,DOSIFICADO MANUAL,Terminada,Sin registro hoy,,,6500.0,4522.0,69.6,239.4,258.1,0,2026-08-07 16:47,2026-08-10 13:04,,,2026-08-17 23:45:56
2026-08-17,SEM/MO/01172 - Etiquetado manual,ETIQUETADO,Terminada,Sin registro hoy,,,7000.0,7000.0,100.0,210.0,133.9,0,2026-08-13 06:23,2026-08-14 06:43,,,2026-08-17 23:45:56
2026-08-17,SEM/MO/01174 - Dosificado manual ,DOSIFICADO MANUAL,Terminada,Sin registro hoy,,,12960.0,10526.0,81.2,557.2,358.3,0,2026-08-14 17:26,2026-08-17 10:45,,,2026-08-17 23:45:56
2026-08-17,SEM/MO/00110 - Etiquetado manual,ETIQUETADO,Terminada,Sin registro hoy,,,1000.0,1617.0,161.7,48.5,70.0,0,2026-04-20 10:16,2026-04-20 10:16,,,2026-08-17 23:45:56
2026-08-17,SEM/MO/00338 - Etiquetado manual,ETIQUETADO,Terminada,Sin registro hoy,,,1700.0,1700.0,100.0,51.0,20.0,0,2026-05-13 14:25,2026-05-13 14:25,,,2026-08-17 23:45:56
2026-08-17,SEM/MO/00313 - Etiquetado manual,ETIQUETADO,Terminada,Sin registro hoy,,,10000.0,3519.0,35.2,105.6,120.0,0,2026-05-14 09:23,2026-05-18 14:21,,,2026-08-17 23:45:56
2026-08-17,SEM/MO/00357 - Etiquetado manual,ETIQUETADO,Terminada,Sin registro hoy,,,6500.0,7677.0,118.1,230.3,49.9,0,2026-05-18 23:20,2026-05-18 23:20,,,2026-08-17 23:45:56
2026-08-17,SEM/MO/00399 - Etiquetado manual,ETIQUETADO,Terminada,Sin registro hoy,,,8000.0,8000.0,100.0,240.0,166.9,0,2026-05-21 14:11,2026-05-21 22:54,,,2026-08-17 23:45:56
2026-08-17,SEM/MO/00420 - Etiquetado manual,ETIQUETADO,Terminada,Sin registro hoy,,,2000.0,2615.0,130.8,78.5,65.4,0,2026-05-26 09:46,2026-05-28 15:40,,,2026-08-17 23:45:56
2026-08-17,SEM/MO/00444 - Etiquetado manual,ETIQUETADO,Terminada,Sin registro hoy,,,8400.0,7811.0,93.0,234.3,85.1,0,2026-05-27 07:02,2026-05-30 15:26,,,2026-08-17 23:45:56
2026-08-17,SEM/MO/00776 - Etiquetado manual,ETIQUETADO,Terminada,Sin registro hoy,,,5000.0,6998.0,140.0,209.9,168.9,0,2026-07-10 07:02,2026-07-13 08:50,,,2026-08-17 23:45:56
2026-08-17,SEM/MO/00778 - Etiquetado manual,ETIQUETADO,Terminada,Sin registro hoy,,,3000.0,2945.0,98.2,88.3,30.0,0,2026-07-13 09:13,2026-07-13 09:13,,,2026-08-17 23:45:56
2026-08-17,SEM/MO/00839 - Etiquetado manual,ETIQUETADO,Terminada,Sin registro hoy,,,3240.0,3240.0,100.0,97.2,76.5,0,2026-07-17 15:21,2026-07-20 10:24,,,2026-08-17 23:45:56
2026-08-17,SEM/MO/00926 - Etiquetado manual,ETIQUETADO,Terminada,Sin registro hoy,,,6480.0,9559.0,147.5,286.8,118.1,0,2026-07-24 16:15,2026-07-27 13:10,,,2026-08-17 23:45:56
2026-08-17,SEM/MO/01007 - Etiquetado manual,ETIQUETADO,Terminada,Sin registro hoy,,,1800.0,1800.0,100.0,0.0,40.0,0,2026-07-31 14:16,2026-07-31 14:16,,,2026-08-17 23:45:56
2026-08-17,SEM/MO/01122 - Etiquetado manual,ETIQUETADO,Terminada,Sin registro hoy,,,6500.0,4522.0,69.6,135.7,132.0,0,2026-08-07 14:36,2026-08-10 13:04,,,2026-08-17 23:45:56
2026-08-17,SEM/MO/01174 - Etiquetado manual,ETIQUETADO,Terminada,Sin registro hoy,,,12960.0,10526.0,81.2,315.8,331.1,0,2026-08-14 08:17,2026-08-17 10:45,,,2026-08-17 23:45:56
2026-08-17,SEM/MO/00010 - Encartonado,ENCARTONADO,Terminada,Sin registro hoy,,,5040.0,5040.0,100.0,630.0,120.0,0,2026-04-07 14:05,2026-04-07 14:05,,,2026-08-17 23:45:56
2026-08-17,SEM/MO/00011 - Encartonado,ENCARTONADO,Terminada,Sin registro hoy,,,5040.0,5040.0,100.0,630.0,100.0,0,2026-04-07 14:18,2026-04-07 14:18,,,2026-08-17 23:45:56
2026-08-17,SEM/MO/00013 - Encartonado,ENCARTONADO,Terminada,Sin registro hoy,,,2520.0,2520.0,100.0,315.0,100.0,0,2026-04-07 14:42,2026-04-07 14:42,,,2026-08-17 23:45:56
2026-08-17,SEM/MO/00017 - Encartonado,ENCARTONADO,Terminada,Sin registro hoy,,,10260.0,10260.0,100.0,1575.0,300.0,0,2026-04-07 18:01,2026-04-07 18:01,,,2026-08-17 23:45:56
2026-08-17,SEM/MO/00018 - Encartonado,ENCARTONADO,Terminada,Sin registro hoy,,,6840.0,6840.0,100.0,1050.0,175.0,0,2026-04-07 18:02,2026-04-07 18:02,,,2026-08-17 23:45:56
2026-08-17,SEM/MO/00007 - Encartonado,ENCARTONADO,Terminada,Sin registro hoy,,,6840.0,6840.0,100.0,1050.0,180.0,0,2026-04-07 18:24,2026-04-07 18:24,,,2026-08-17 23:45:56
2026-08-17,SEM/MO/00008 - Encartonado,ENCARTONADO,Terminada,Sin registro hoy,,,3420.0,3420.0,100.0,525.0,230.0,0,2026-04-07 18:26,2026-04-07 18:26,,,2026-08-17 23:45:56
2026-08-17,SEM/MO/00030 - Encartonado,ENCARTONADO,Terminada,Sin registro hoy,,,10260.0,10260.0,100.0,15757.4,335.0,0,2026-04-08 17:08,2026-04-08 17:08,,,2026-08-17 23:45:56
2026-08-17,SEM/MO/00029 - Encartonado,ENCARTONADO,Terminada,Sin registro hoy,,,6840.0,6840.0,100.0,1050.0,150.0,0,2026-04-08 17:12,2026-04-08 17:12,,,2026-08-17 23:45:56
2026-08-17,SEM/MO/00044 - Encartonado,ENCARTONADO,Terminada,Sin registro hoy,,,3420.0,3420.0,100.0,525.0,85.0,0,2026-04-09 19:05,2026-04-09 19:05,,,2026-08-17 23:45:56
2026-08-17,SEM/MO/00041 - Encartonado,ENCARTONADO,Terminada,Sin registro hoy,,,3420.0,3420.0,100.0,525.0,170.0,0,2026-04-09 20:48,2026-04-09 20:48,,,2026-08-17 23:45:56
2026-08-17,SEM/MO/00040 - Encartonado,ENCARTONADO,Terminada,Sin registro hoy,,,10260.0,10260.0,100.0,1575.0,1602.2,0,2026-04-09 20:51,2026-04-09 20:51,,,2026-08-17 23:45:56
2026-08-17,SEM/MO/00045 - Encartonado,ENCARTONADO,Terminada,Sin registro hoy,,,3420.0,3420.0,100.0,525.0,90.0,0,2026-04-09 22:49,2026-04-09 22:49,,,2026-08-17 23:45:56
2026-08-17,SEM/MO/00048 - Encartonado,ENCARTONADO,Terminada,Sin registro hoy,,,3420.0,3420.0,100.0,525.0,90.0,0,2026-04-09 22:51,2026-04-09 22:51,,,2026-08-17 23:45:56
2026-08-17,SEM/MO/00049 - Encartonado,ENCARTONADO,Terminada,Sin registro hoy,,,3420.0,3420.0,100.0,525.0,90.0,0,2026-04-09 22:53,2026-04-09 22:53,,,2026-08-17 23:45:56
2026-08-17,SEM/MO/00046 - Encartonado,ENCARTONADO,Terminada,Sin registro hoy,,,1584.0,1584.0,100.0,346.5,90.0,0,2026-04-09 22:56,2026-04-09 22:56,,,2026-08-17 23:45:56
2026-08-17,SEM/MO/00047 - Encartonado,ENCARTONADO,Terminada,Sin registro hoy,,,1584.0,1584.0,100.0,346.5,90.0,0,2026-04-09 23:00,2026-04-09 23:00,,,2026-08-17 23:45:56
2026-08-17,SEM/MO/00032 - LIBERACIÓN,LIMPIEZA,Terminada,Sin registro hoy,,,770.0,1218.0,158.2,0.0,70.0,0,2026-04-10 12:35,2026-04-10 12:35,,,2026-08-17 23:45:56
2026-08-17,SEM/MO/00056 - Liberación,LIMPIEZA,Terminada,Sin registro hoy,,,405.0,495.0,122.2,29.7,55.0,0,2026-04-14 12:38,2026-04-14 12:38,,,2026-08-17 23:45:56
2026-08-17,SEM/MO/00102 - Encartonado,ENCARTONADO,Terminada,Sin registro hoy,,,5040.0,5040.0,100.0,630.0,205.0,0,2026-04-15 08:37,2026-04-15 08:37,,,2026-08-17 23:45:56
2026-08-17,SEM/MO/00101 - Encartonado,ENCARTONADO,Terminada,Sin registro hoy,,,2520.0,2520.0,100.0,3157.5,60.0,0,2026-04-15 08:41,2026-04-15 08:41,,,2026-08-17 23:45:56
2026-08-17,SEM/MO/00099 - Encartonado,ENCARTONADO,Terminada,Sin registro hoy,,,7560.0,7560.0,100.0,945.0,180.0,0,2026-04-15 08:43,2026-04-15 08:43,,,2026-08-17 23:45:56
2026-08-17,SEM/MO/00066 - Encartonado,ENCARTONADO,Terminada,Sin registro hoy,,,2520.0,2520.0,100.0,315.0,105.0,0,2026-04-15 09:19,2026-04-15 09:19,,,2026-08-17 23:45:56
2026-08-17,SEM/MO/00067 - Encartonado,ENCARTONADO,Terminada,Sin registro hoy,,,4560.0,4560.0,100.0,570.0,60.0,0,2026-04-15 09:25,2026-04-15 09:25,,,2026-08-17 23:45:56
2026-08-17,SEM/MO/00103 - Encartonado,ENCARTONADO,Terminada,Sin registro hoy,,,2520.0,2520.0,100.0,315.0,100.0,0,2026-04-15 10:21,2026-04-15 10:21,,,2026-08-17 23:45:56
2026-08-17,SEM/MO/00068 - Encartonado,ENCARTONADO,Terminada,Sin registro hoy,,,2520.0,2520.0,100.0,315.0,120.0,0,2026-04-15 10:23,2026-04-15 10:23,,,2026-08-17 23:45:56
2026-08-17,SEM/MO/00069 - Encartonado,ENCARTONADO,Terminada,Sin registro hoy,,,1920.0,1920.0,100.0,240.0,50.0,0,2026-04-15 10:26,2026-04-15 10:26,,,2026-08-17 23:45:56
2026-08-17,SEM/MO/00070 - Encartonado,ENCARTONADO,Terminada,Sin registro hoy,,,1080.0,1080.0,100.0,135.0,50.0,0,2026-04-15 10:27,2026-04-15 10:27,,,2026-08-17 23:45:56
2026-08-17,SEM/MO/00084 - Encartonado,ENCARTONADO,Terminada,Sin registro hoy,,,3360.0,3360.0,100.0,420.0,140.4,0,2026-04-15 12:00,2026-04-15 12:00,,,2026-08-17 23:45:56
2026-08-17,SEM/MO/00086 - Encartonado,ENCARTONADO,Terminada,Sin registro hoy,,,1680.0,1680.0,100.0,210.0,45.0,0,2026-04-15 12:00,2026-04-15 12:00,,,2026-08-17 23:45:56
2026-08-17,SEM/MO/00089 - Encartonado,ENCARTONADO,Terminada,Sin registro hoy,,,2520.0,2520.0,100.0,315.0,70.0,0,2026-04-15 12:01,2026-04-15 12:01,,,2026-08-17 23:45:56
2026-08-17,SEM/MO/00090 - Encartonado,ENCARTONADO,Terminada,Sin registro hoy,,,120.0,120.0,100.0,15.0,20.0,0,2026-04-15 12:01,2026-04-15 12:01,,,2026-08-17 23:45:56
2026-08-17,SEM/MO/00088 - Encartonado,ENCARTONADO,Terminada,Sin registro hoy,,,2400.0,2400.0,100.0,300.0,60.0,0,2026-04-15 12:02,2026-04-15 12:02,,,2026-08-17 23:45:56
2026-08-17,SEM/MO/00117 - Encartonado,ENCARTONADO,Terminada,Sin registro hoy,,,7560.0,7560.0,100.0,945.0,255.0,0,2026-04-21 18:13,2026-04-21 18:13,,,2026-08-17 23:45:56
2026-08-17,SEM/MO/00072 - Encartonado,ENCARTONADO,Terminada,Sin registro hoy,,,2520.0,2520.0,100.0,315.0,65.0,0,2026-04-21 18:14,2026-04-21 18:14,,,2026-08-17 23:45:56
2026-08-17,SEM/MO/00073 - Encartonado,ENCARTONADO,Terminada,Sin registro hoy,,,5040.0,5040.0,100.0,630.0,150.0,0,2026-04-21 18:15,2026-04-21 18:15,,,2026-08-17 23:45:56
2026-08-17,SEM/MO/00135 - Encartonado,ENCARTONADO,Terminada,Sin registro hoy,,,210.0,210.0,100.0,315.0,75.0,0,2026-04-21 20:05,2026-04-21 20:05,,,2026-08-17 23:45:56
2026-08-17,SEM/MO/00136 - Encartonado,ENCARTONADO,Terminada,Sin registro hoy,,,210.0,210.0,100.0,315.0,80.0,0,2026-04-21 20:05,2026-04-21 20:05,,,2026-08-17 23:45:56
2026-08-17,SEM/MO/00137 - Encartonado,ENCARTONADO,Terminada,Sin registro hoy,,,210.0,210.0,100.0,315.0,55.0,0,2026-04-21 20:06,2026-04-21 20:06,,,2026-08-17 23:45:56
2026-08-17,SEM/MO/00138 - Encartonado,ENCARTONADO,Terminada,Sin registro hoy,,,10.0,10.0,100.0,15.0,20.0,0,2026-04-21 20:06,2026-04-21 20:06,,,2026-08-17 23:45:56
2026-08-17,SEM/MO/00139 - Encartonado,ENCARTONADO,Terminada,Sin registro hoy,,,200.0,200.0,100.0,300.0,125.0,0,2026-04-21 20:08,2026-04-21 20:08,,,2026-08-17 23:45:56
2026-08-17,SEM/MO/00149 - Encartonado,ENCARTONADO,Terminada,Sin registro hoy,,,210.0,210.0,100.0,315.0,75.0,0,2026-04-21 20:09,2026-04-21 20:09,,,2026-08-17 23:45:56
2026-08-17,SEM/MO/00150 - Encartonado,ENCARTONADO,Terminada,Sin registro hoy,,,400.0,400.0,100.0,600.0,170.0,0,2026-04-21 21:49,2026-04-21 21:49,,,2026-08-17 23:45:56
2026-08-17,SEM/MO/00151 - Encartonado,ENCARTONADO,Terminada,Sin registro hoy,,,40.0,180.0,450.0,270.0,80.0,0,2026-04-21 21:59,2026-04-21 21:59,,,2026-08-17 23:45:56
2026-08-17,SEM/MO/00153 - Encartonado,ENCARTONADO,Terminada,Sin registro hoy,,,160.0,160.0,100.0,240.0,80.0,0,2026-04-21 22:05,2026-04-21 22:05,,,2026-08-17 23:45:56
2026-08-17,SEM/MO/00155 - Encartonado,ENCARTONADO,Terminada,Sin registro hoy,,,60.0,60.0,100.0,90.0,30.0,0,2026-04-21 22:08,2026-04-21 22:08,,,2026-08-17 23:45:56
2026-08-17,SEM/MO/00156 - Encartonado,ENCARTONADO,Terminada,Sin registro hoy,,,50.0,50.0,100.0,75.0,30.0,0,2026-04-21 22:13,2026-04-21 22:13,,,2026-08-17 23:45:56
2026-08-17,SEM/MO/00157 - Encartonado,ENCARTONADO,Terminada,Sin registro hoy,,,150.0,150.0,100.0,150.0,60.0,0,2026-04-21 22:16,2026-04-21 22:16,,,2026-08-17 23:45:56
2026-08-17,SEM/MO/00163 - Encartonado,ENCARTONADO,Terminada,Sin registro hoy,,,360.0,210.0,58.3,315.0,110.0,0,2026-04-21 22:29,2026-04-21 22:29,,,2026-08-17 23:45:56
2026-08-17,SEM/MO/00164 - Encartonado,ENCARTONADO,Terminada,Sin registro hoy,,,620.0,620.0,100.0,930.0,270.0,0,2026-04-21 22:30,2026-04-21 22:30,,,2026-08-17 23:45:56
2026-08-17,SEM/MO/00166 - Encartonado,ENCARTONADO,Terminada,Sin registro hoy,,,60.0,60.0,100.0,90.0,30.5,0,2026-04-21 22:37,2026-04-21 22:37,,,2026-08-17 23:45:56
2026-08-17,SEM/MO/00172 - Liberación,LIMPIEZA,Terminada,Sin registro hoy,,,270.0,270.0,100.0,16.2,50.0,0,2026-04-23 14:28,2026-04-23 14:28,,,2026-08-17 23:45:56
2026-08-17,SEM/MO/00185 - Encartonado,ENCARTONADO,Terminada,Sin registro hoy,,,3420.0,3420.0,100.0,525.0,70.0,0,2026-04-23 22:22,2026-04-23 22:22,,,2026-08-17 23:45:56
2026-08-17,SEM/MO/00183 - Encartonado,ENCARTONADO,Terminada,Sin registro hoy,,,6840.0,6840.0,100.0,1050.0,130.0,0,2026-04-23 22:24,2026-04-23 22:24,,,2026-08-17 23:45:56
2026-08-17,SEM/MO/00182 - Encartonado,ENCARTONADO,Terminada,Sin registro hoy,,,1584.0,1584.0,100.0,346.5,55.0,0,2026-04-23 22:25,2026-04-23 22:25,,,2026-08-17 23:45:56
2026-08-17,SEM/MO/00187 - Encartonado,ENCARTONADO,Terminada,Sin registro hoy,,,1980.0,1980.0,100.0,607.9,84.5,0,2026-04-23 22:38,2026-04-23 22:38,,,2026-08-17 23:45:56
2026-08-17,SEM/MO/00190 - Encartonado,ENCARTONADO,Terminada,Sin registro hoy,,,6840.0,6840.0,100.0,1050.0,240.0,0,2026-04-23 22:59,2026-04-23 22:59,,,2026-08-17 23:45:56
2026-08-17,SEM/MO/00197 - Encartonado,ENCARTONADO,Terminada,Sin registro hoy,,,6840.0,6840.0,100.0,1050.0,170.0,0,2026-04-23 23:35,2026-04-23 23:35,,,2026-08-17 23:45:56
2026-08-17,SEM/MO/00196 - Encartonado,ENCARTONADO,Terminada,Sin registro hoy,,,3420.0,3420.0,100.0,525.0,65.0,0,2026-04-23 23:40,2026-04-23 23:40,,,2026-08-17 23:45:56
2026-08-17,SEM/MO/00195 - Encartonado,ENCARTONADO,Terminada,Sin registro hoy,,,3420.0,3420.0,100.0,525.0,60.0,0,2026-04-23 23:44,2026-04-23 23:44,,,2026-08-17 23:45:56
2026-08-17,SEM/MO/00191 - Encartonado,ENCARTONADO,Terminada,Sin registro hoy,,,6840.0,10260.0,150.0,1575.0,230.0,0,2026-04-24 00:36,2026-04-24 00:36,,,2026-08-17 23:45:56
2026-08-17,SEM/MO/00193 - Encartonado,ENCARTONADO,Terminada,Sin registro hoy,,,6840.0,3420.0,50.0,525.0,60.0,0,2026-04-24 00:43,2026-04-24 00:43,,,2026-08-17 23:45:56
2026-08-17,SEM/MO/00194 - Encartonado,ENCARTONADO,Terminada,Sin registro hoy,,,3420.0,3420.0,100.0,525.0,80.0,0,2026-04-24 00:45,2026-04-24 00:45,,,2026-08-17 23:45:56
2026-08-17,SEM/MO/00208 - Encartonado,ENCARTONADO,Terminada,Sin registro hoy,,,3420.0,3420.0,100.0,525.0,70.0,0,2026-04-27 15:23,2026-04-27 15:23,,,2026-08-17 23:45:56
2026-08-17,SEM/MO/00207 - Encartonado,ENCARTONADO,Terminada,Sin registro hoy,,,6840.0,6840.0,100.0,1050.0,125.0,0,2026-04-27 15:24,2026-04-27 15:24,,,2026-08-17 23:45:56
2026-08-17,SEM/MO/00205 - Encartonado,ENCARTONADO,Terminada,Sin registro hoy,,,3420.0,3420.0,100.0,525.0,85.0,0,2026-04-27 15:24,2026-04-27 15:24,,,2026-08-17 23:45:56
2026-08-17,SEM/MO/00204 - Encartonado,ENCARTONADO,Terminada,Sin registro hoy,,,10260.0,10260.0,100.0,1575.0,210.0,0,2026-04-27 15:25,2026-04-27 15:25,,,2026-08-17 23:45:56
2026-08-17,SEM/MO/00181 - Encartonado,ENCARTONADO,Terminada,Sin registro hoy,,,1980.0,1980.0,100.0,607.9,65.0,0,2026-04-27 23:54,2026-04-27 23:54,,,2026-08-17 23:45:56
2026-08-17,SEM/MO/00188 - Encartonado,ENCARTONADO,Terminada,Sin registro hoy,,,1980.0,1980.0,100.0,607.9,61.0,0,2026-04-28 00:01,2026-04-28 00:01,,,2026-08-17 23:45:56
2026-08-17,SEM/MO/00189 - Encartonado,ENCARTONADO,Terminada,Sin registro hoy,,,1980.0,1980.0,100.0,607.9,65.0,0,2026-04-28 00:04,2026-04-28 00:04,,,2026-08-17 23:45:56
2026-08-17,SEM/MO/00212 - Encartonado,ENCARTONADO,Terminada,Sin registro hoy,,,13680.0,13680.0,100.0,2100.0,245.0,0,2026-04-28 00:39,2026-04-28 00:39,,,2026-08-17 23:45:56
2026-08-17,SEM/MO/00213 - Encartonado,ENCARTONADO,Terminada,Sin registro hoy,,,3420.0,3420.0,100.0,525.0,85.0,0,2026-04-28 00:41,2026-04-28 00:41,,,2026-08-17 23:45:56
2026-08-17,SEM/MO/00211 - Encartonado,ENCARTONADO,Terminada,Sin registro hoy,,,3420.0,3420.0,100.0,525.0,65.0,0,2026-04-28 00:43,2026-04-28 00:43,,,2026-08-17 23:45:56
2026-08-17,SEM/MO/00220 - Mezclado,MEZCLADO,Terminada,Sin registro hoy,,,295.0,295.0,100.0,37.3,55.0,0,2026-04-30 13:18,2026-04-30 13:18,,,2026-08-17 23:45:56
2026-08-17,SEM/MO/00226 - Encartonado,ENCARTONADO,Terminada,Sin registro hoy,,,17100.0,17100.0,100.0,2625.0,335.0,0,2026-04-30 17:22,2026-04-30 17:22,,,2026-08-17 23:45:56
2026-08-17,SEM/MO/00227 - Encartonado,ENCARTONADO,Terminada,Sin registro hoy,,,3420.0,3420.0,100.0,525.0,75.0,0,2026-04-30 17:23,2026-04-30 17:23,,,2026-08-17 23:45:56
2026-08-17,SEM/MO/00228 - Encartonado,ENCARTONADO,Terminada,Sin registro hoy,,,3420.0,3420.0,100.0,525.0,85.0,0,2026-04-30 17:32,2026-04-30 17:32,,,2026-08-17 23:45:56
2026-08-17,SEM/MO/00229 - Encartonado,ENCARTONADO,Terminada,Sin registro hoy,,,3420.0,3420.0,100.0,525.0,60.0,0,2026-04-30 17:34,2026-04-30 17:34,,,2026-08-17 23:45:56
2026-08-17,SEM/MO/00243 - Encartonado,ENCARTONADO,Terminada,Sin registro hoy,,,6840.0,6840.0,100.0,1050.0,180.0,0,2026-05-04 21:35,2026-05-04 21:35,,,2026-08-17 23:45:56
2026-08-17,SEM/MO/00245 - Encartonado,ENCARTONADO,Terminada,Sin registro hoy,,,3420.0,3420.0,100.0,525.0,65.0,0,2026-05-04 21:38,2026-05-04 21:38,,,2026-08-17 23:45:56
2026-08-17,SEM/MO/00246 - Encartonado,ENCARTONADO,Terminada,Sin registro hoy,,,3420.0,3420.0,100.0,525.0,80.0,0,2026-05-04 21:40,2026-05-04 21:40,,,2026-08-17 23:45:56
2026-08-17,SEM/MO/00259 - Encartonado,ENCARTONADO,Terminada,Sin registro hoy,,,3420.0,3420.0,100.0,525.0,65.0,0,2026-05-04 21:51,2026-05-04 21:51,,,2026-08-17 23:45:56
2026-08-17,SEM/MO/00257 - Encartonado,ENCARTONADO,Terminada,Sin registro hoy,,,3420.0,3420.0,100.0,525.0,90.0,0,2026-05-04 21:51,2026-05-04 21:51,,,2026-08-17 23:45:56
2026-08-17,SEM/MO/00258 - Encartonado,ENCARTONADO,Terminada,Sin registro hoy,,,3420.0,3420.0,100.0,525.0,70.0,0,2026-05-04 21:54,2026-05-04 21:54,,,2026-08-17 23:45:56
2026-08-17,SEM/MO/00244 - Encartonado,ENCARTONADO,Terminada,Sin registro hoy,,,3420.0,3420.0,100.0,525.0,50.0,0,2026-05-04 21:56,2026-05-04 21:56,,,2026-08-17 23:45:56
2026-08-17,SEM/MO/00274 - Encartonado,ENCARTONADO,Terminada,Sin registro hoy,,,3420.0,3420.0,100.0,525.0,70.0,0,2026-05-05 12:59,2026-05-05 12:59,,,2026-08-17 23:45:56
2026-08-17,SEM/MO/00275 - Encartonado,ENCARTONADO,Terminada,Sin registro hoy,,,3420.0,3420.0,100.0,525.0,75.0,0,2026-05-05 12:59,2026-05-05 12:59,,,2026-08-17 23:45:56
2026-08-17,SEM/MO/00277 - Liberación,LIMPIEZA,Terminada,Sin registro hoy,,,2010.0,2010.0,100.0,120.6,40.0,0,2026-05-07 12:11,2026-05-07 12:11,,,2026-08-17 23:45:56
2026-08-17,SEM/MO/00276 - Liberación,LIMPIEZA,Terminada,Sin registro hoy,,,480.0,480.0,100.0,28.8,40.0,0,2026-05-07 12:31,2026-05-07 12:31,,,2026-08-17 23:45:56
2026-08-17,SEM/MO/00287 - Liberación,LIMPIEZA,Terminada,Sin registro hoy,,,1110.0,1170.0,105.4,70.2,120.0,0,2026-05-07 16:06,2026-05-07 16:06,,,2026-08-17 23:45:56
2026-08-17,SEM/MO/00280 - Encartonado,ENCARTONADO,Terminada,Sin registro hoy,,,3420.0,3420.0,100.0,525.0,90.0,0,2026-05-08 08:30,2026-05-08 08:30,,,2026-08-17 23:45:56
2026-08-17,SEM/MO/00279 - Encartonado,ENCARTONADO,Terminada,Sin registro hoy,,,3420.0,3420.0,100.0,525.0,75.0,0,2026-05-08 09:17,2026-05-08 09:17,,,2026-08-17 23:45:56
2026-08-17,SEM/MO/00281 - Encartonado,ENCARTONADO,Terminada,Sin registro hoy,,,10260.0,10260.0,100.0,1575.0,400.0,0,2026-05-08 09:28,2026-05-08 09:28,,,2026-08-17 23:45:56
2026-08-17,SEM/MO/00284 - Encartonado,ENCARTONADO,Terminada,Sin registro hoy,,,3420.0,3420.0,100.0,525.0,60.0,0,2026-05-08 11:27,2026-05-08 11:27,,,2026-08-17 23:45:56
2026-08-17,SEM/MO/00285 - Encartonado,ENCARTONADO,Terminada,Sin registro hoy,,,3420.0,3420.0,100.0,525.0,70.0,0,2026-05-08 11:28,2026-05-08 11:28,,,2026-08-17 23:45:56
2026-08-17,SEM/MO/00283 - Encartonado,ENCARTONADO,Terminada,Sin registro hoy,,,6840.0,6840.0,100.0,1051.5,180.0,0,2026-05-08 11:29,2026-05-08 11:29,,,2026-08-17 23:45:56
2026-08-17,SEM/MO/00309 - Encartonado,ENCARTONADO,Terminada,Sin registro hoy,,,10260.0,10260.0,100.0,1575.0,240.0,0,2026-05-11 17:06,2026-05-11 17:06,,,2026-08-17 23:45:56
2026-08-17,SEM/MO/00294 - Encartonado,ENCARTONADO,Terminada,Sin registro hoy,,,6840.0,6840.0,100.0,1050.0,135.0,0,2026-05-11 21:48,2026-05-11 21:48,,,2026-08-17 23:45:56
2026-08-17,SEM/MO/00293 - Encartonado,ENCARTONADO,Terminada,Sin registro hoy,,,3420.0,3420.0,100.0,525.0,73.0,0,2026-05-11 21:49,2026-05-11 21:49,,,2026-08-17 23:45:56
2026-08-17,SEM/MO/00296 - Encartonado,ENCARTONADO,Terminada,Sin registro hoy,,,3420.0,3420.0,100.0,525.0,95.0,0,2026-05-11 21:51,2026-05-11 21:51,,,2026-08-17 23:45:56
2026-08-17,SEM/MO/00295 - Encartonado,ENCARTONADO,Terminada,Sin registro hoy,,,3420.0,3420.0,100.0,525.0,105.0,0,2026-05-11 22:23,2026-05-11 22:23,,,2026-08-17 23:45:56
2026-08-17,SEM/MO/00308 - Encartonado,ENCARTONADO,Terminada,Sin registro hoy,,,210.0,210.0,100.0,315.0,60.0,0,2026-05-12 11:39,2026-05-13 09:30,,,2026-08-17 23:45:56
2026-08-17,SEM/MO/00307 - Encartonado,ENCARTONADO,Terminada,Sin registro hoy,,,210.0,210.0,100.0,315.0,60.0,0,2026-05-12 11:39,2026-05-13 09:29,,,2026-08-17 23:45:56
2026-08-17,SEM/MO/00342 - Encartonado,ENCARTONADO,Terminada,Sin registro hoy,,,3420.0,3420.0,100.0,525.0,65.0,0,2026-05-13 15:39,2026-05-13 15:39,,,2026-08-17 23:45:56
2026-08-17,SEM/MO/00341 - Encartonado,ENCARTONADO,Terminada,Sin registro hoy,,,3420.0,3424.0,100.1,525.6,60.0,0,2026-05-13 15:41,2026-05-13 15:41,,,2026-08-17 23:45:56
2026-08-17,SEM/MO/00343 - Encartonado,ENCARTONADO,Terminada,Sin registro hoy,,,3420.0,3420.0,100.0,525.0,110.0,0,2026-05-13 15:55,2026-05-13 15:55,,,2026-08-17 23:45:56
2026-08-17,SEM/MO/00345 - Encartonado,ENCARTONADO,Terminada,Sin registro hoy,,,3420.0,3420.0,100.0,525.0,75.0,0,2026-05-13 16:06,2026-05-13 16:06,,,2026-08-17 23:45:56
2026-08-17,SEM/MO/00346 - Encartonado,ENCARTONADO,Terminada,Sin registro hoy,,,3420.0,3420.0,100.0,525.0,65.0,0,2026-05-13 16:14,2026-05-13 16:14,,,2026-08-17 23:45:56
2026-08-17,SEM/MO/00329 - Encartonado,ENCARTONADO,Terminada,Sin registro hoy,,,420.0,420.0,100.0,630.0,155.0,0,2026-05-18 16:14,2026-05-18 16:14,,,2026-08-17 23:45:56
2026-08-17,SEM/MO/00328 - Encartonado,ENCARTONADO,Terminada,Sin registro hoy,,,1050.0,930.0,88.6,1395.0,420.0,0,2026-05-18 16:30,2026-05-18 16:30,,,2026-08-17 23:45:56
2026-08-17,SEM/MO/00330 - Encartonado,ENCARTONADO,Terminada,Sin registro hoy,,,840.0,840.0,100.0,1260.0,410.0,0,2026-05-18 21:13,2026-05-18 21:13,,,2026-08-17 23:45:56
2026-08-17,SEM/MO/00354 - Encartonado,ENCARTONADO,Terminada,Sin registro hoy,,,450.0,450.0,100.0,675.0,150.0,0,2026-05-18 21:22,2026-05-18 21:22,,,2026-08-17 23:45:56
2026-08-17,SEM/MO/00359 - Encartonado,ENCARTONADO,Terminada,Sin registro hoy,,,170.0,170.0,100.0,255.0,60.0,0,2026-05-18 21:51,2026-05-18 21:51,,,2026-08-17 23:45:56
2026-08-17,SEM/MO/00360 - Encartonado,ENCARTONADO,Terminada,Sin registro hoy,,,210.0,210.0,100.0,315.0,200.0,0,2026-05-18 23:05,2026-05-18 23:05,,,2026-08-17 23:45:56
2026-08-17,SEM/MO/00361 - Encartonado,ENCARTONADO,Terminada,Sin registro hoy,,,191.0,191.0,100.0,286.5,100.0,0,2026-05-18 23:50,2026-05-18 23:50,,,2026-08-17 23:45:56
2026-08-17,SEM/MO/00355 - Encartonado,ENCARTONADO,Terminada,Sin registro hoy,,,190.0,190.0,100.0,285.0,90.0,0,2026-05-18 23:59,2026-05-18 23:59,,,2026-08-17 23:45:56
2026-08-17,SEM/MO/00371 - Encartonado,ENCARTONADO,Terminada,Sin registro hoy,,,190.0,190.0,100.0,285.0,120.0,0,2026-05-19 00:28,2026-05-19 00:28,,,2026-08-17 23:45:56
2026-08-17,SEM/MO/00378 - Liberación,LIMPIEZA,Terminada,Sin registro hoy,,,1500.0,1680.0,112.0,100.8,110.8,0,2026-05-19 11:29,2026-05-19 15:40,,,2026-08-17 23:45:56
2026-08-17,SEM/MO/00344 - Encartonado,ENCARTONADO,Terminada,Sin registro hoy,,,3420.0,3420.0,100.0,525.0,60.0,0,2026-05-19 17:06,2026-05-19 17:06,,,2026-08-17 23:45:56
2026-08-17,SEM/MO/00385 - Encartonado,ENCARTONADO,Terminada,Sin registro hoy,,,630.0,630.0,100.0,945.0,425.0,0,2026-05-19 17:20,2026-05-19 17:20,,,2026-08-17 23:45:56
2026-08-17,SEM/MO/00387 - Encartonado,ENCARTONADO,Terminada,Sin registro hoy,,,210.0,210.0,100.0,630.0,175.0,0,2026-05-19 17:29,2026-05-19 17:29,,,2026-08-17 23:45:56
2026-08-17,SEM/MO/00383 - Encartonado,ENCARTONADO,Terminada,Sin registro hoy,,,420.0,420.0,100.0,630.0,400.0,0,2026-05-19 17:35,2026-05-19 17:35,,,2026-08-17 23:45:56
2026-08-17,SEM/MO/00397 - Liberación,LIMPIEZA,Terminada,Sin registro hoy,,,600.0,600.0,100.0,36.0,37.1,0,2026-05-21 06:16,2026-05-21 08:21,,,2026-08-17 23:45:56
2026-08-17,SEM/MO/00390 - Mezclado,MEZCLADO,Terminada,Sin registro hoy,,,273.0,273.0,100.0,34.5,90.0,0,2026-05-21 13:44,2026-05-21 13:44,,,2026-08-17 23:45:56
2026-08-17,SEM/MO/00394 - Encartonado,ENCARTONADO,Terminada,Sin registro hoy,,,210.0,210.0,100.0,315.0,160.4,0,2026-05-21 13:50,2026-05-21 13:50,,,2026-08-17 23:45:56
2026-08-17,SEM/MO/00403 - Encartonado,ENCARTONADO,Terminada,Sin registro hoy,,,200.0,200.0,100.0,200.0,90.0,0,2026-05-21 14:00,2026-05-21 14:00,,,2026-08-17 23:45:56
2026-08-17,SEM/MO/00400 - Encartonado,ENCARTONADO,Terminada,Sin registro hoy,,,10.0,10.0,100.0,15.0,20.0,0,2026-05-21 14:03,2026-05-21 14:03,,,2026-08-17 23:45:56
2026-08-17,SEM/MO/00401 - Encartonado,ENCARTONADO,Terminada,Sin registro hoy,,,200.0,200.0,100.0,300.0,115.0,0,2026-05-21 14:04,2026-05-21 14:04,,,2026-08-17 23:45:56
2026-08-17,SEM/MO/00407 - Encartonado,ENCARTONADO,Terminada,Sin registro hoy,,,420.0,420.0,100.0,630.0,185.0,0,2026-05-22 15:25,2026-05-22 15:25,,,2026-08-17 23:45:56
2026-08-17,SEM/MO/00402 - Encartonado,ENCARTONADO,Terminada,Sin registro hoy,,,200.0,200.0,100.0,300.0,125.0,0,2026-05-26 09:14,2026-05-26 09:14,,,2026-08-17 23:45:56
2026-08-17,SEM/MO/00406 - Encartonado,ENCARTONADO,Terminada,Sin registro hoy,,,220.0,220.0,100.0,330.0,195.0,0,2026-05-26 09:29,2026-05-26 09:29,,,2026-08-17 23:45:56
2026-08-17,SEM/MO/00429 - Encartonado,ENCARTONADO,Terminada,Sin registro hoy,,,630.0,630.0,100.0,945.0,225.0,0,2026-05-26 18:29,2026-05-26 18:29,,,2026-08-17 23:45:56
2026-08-17,SEM/MO/00428 - Encartonado,ENCARTONADO,Terminada,Sin registro hoy,,,210.0,210.0,100.0,315.0,90.0,0,2026-05-26 18:29,2026-05-26 18:29,,,2026-08-17 23:45:56
2026-08-17,SEM/MO/00431 - Encartonado,ENCARTONADO,Terminada,Sin registro hoy,,,630.0,1020.0,161.9,1530.0,330.0,0,2026-05-26 19:14,2026-05-26 19:14,,,2026-08-17 23:45:56
2026-08-17,SEM/MO/00437 - Encartonado,ENCARTONADO,Terminada,Sin registro hoy,,,80.0,80.0,100.0,120.0,100.0,0,2026-05-26 19:16,2026-05-26 19:16,,,2026-08-17 23:45:56
2026-08-17,SEM/MO/00432 - Encartonado,ENCARTONADO,Terminada,Sin registro hoy,,,170.0,170.0,100.0,255.0,65.0,0,2026-05-26 19:21,2026-05-26 19:21,,,2026-08-17 23:45:56
2026-08-17,SEM/MO/00433 - Encartonado,ENCARTONADO,Terminada,Sin registro hoy,,,210.0,210.0,100.0,315.0,105.0,0,2026-05-26 22:20,2026-05-26 22:20,,,2026-08-17 23:45:56
2026-08-17,SEM/MO/00434 - Encartonado,ENCARTONADO,Terminada,Sin registro hoy,,,210.0,210.0,100.0,315.0,170.8,0,2026-05-26 22:44,2026-05-26 22:44,,,2026-08-17 23:45:56
2026-08-17,SEM/MO/00449 - Encartonado,ENCARTONADO,Terminada,Sin registro hoy,,,68.0,68.0,100.0,102.0,55.0,0,2026-05-28 13:22,2026-05-28 13:22,,,2026-08-17 23:45:56
2026-08-17,SEM/MO/00430 - Encartonado,ENCARTONADO,Terminada,Sin registro hoy,,,210.0,142.0,67.6,213.0,40.0,0,2026-05-28 13:23,2026-05-28 13:23,,,2026-08-17 23:45:56
2026-08-17,SEM/MO/00438 - Encartonado,ENCARTONADO,Terminada,Sin registro hoy,,,210.0,210.0,100.0,315.0,105.0,0,2026-05-28 13:43,2026-05-28 13:43,,,2026-08-17 23:45:56
2026-08-17,SEM/MO/00448 - Encartonado,ENCARTONADO,Terminada,Sin registro hoy,,,630.0,630.0,100.0,945.0,355.0,0,2026-05-28 13:57,2026-05-28 13:57,,,2026-08-17 23:45:56
2026-08-17,SEM/MO/00462 - Encartonado,ENCARTONADO,Terminada,Sin registro hoy,,,210.0,210.0,100.0,315.0,100.0,0,2026-05-30 15:48,2026-05-30 15:48,,,2026-08-17 23:45:56
2026-08-17,SEM/MO/00461 - Encartonado,ENCARTONADO,Terminada,Sin registro hoy,,,420.0,420.0,100.0,630.0,240.0,0,2026-05-30 16:13,2026-05-30 16:13,,,2026-08-17 23:45:56
2026-08-17,SEM/MO/00467 - Encartonado,ENCARTONADO,Terminada,Sin registro hoy,,,630.0,630.0,100.0,945.0,315.0,0,2026-05-30 16:31,2026-05-30 16:31,,,2026-08-17 23:45:56
2026-08-17,SEM/MO/00469 - Encartonado,ENCARTONADO,Terminada,Sin registro hoy,,,630.0,630.0,100.0,945.0,240.0,0,2026-05-31 00:43,2026-05-31 00:43,,,2026-08-17 23:45:56
2026-08-17,SEM/MO/00492 - Encartonado,ENCARTONADO,Terminada,Sin registro hoy,,,210.0,210.0,100.0,315.0,80.0,0,2026-06-01 17:28,2026-06-01 17:28,,,2026-08-17 23:45:56
2026-08-17,SEM/MO/00494 - Encartonado,ENCARTONADO,Terminada,Sin registro hoy,,,210.0,210.0,100.0,315.0,73.2,0,2026-06-01 19:32,2026-06-01 19:32,,,2026-08-17 23:45:56
2026-08-17,SEM/MO/00491 - Encartonado,ENCARTONADO,Terminada,Sin registro hoy,,,630.0,630.0,100.0,945.0,507.0,0,2026-06-01 20:23,2026-06-01 20:23,,,2026-08-17 23:45:56
2026-08-17,SEM/MO/00493 - Encartonado,ENCARTONADO,Terminada,Sin registro hoy,,,210.0,210.0,100.0,315.0,114.4,0,2026-06-01 20:28,2026-06-01 20:28,,,2026-08-17 23:45:56
2026-08-17,SEM/MO/00499 - Encartonado,ENCARTONADO,Terminada,Sin registro hoy,,,630.0,630.0,100.0,945.0,295.4,0,2026-06-03 08:56,2026-06-03 08:56,,,2026-08-17 23:45:56
2026-08-17,SEM/MO/00500 - Encartonado,ENCARTONADO,Terminada,Sin registro hoy,,,420.0,420.0,100.0,630.0,210.8,0,2026-06-03 09:00,2026-06-03 09:00,,,2026-08-17 23:45:56
2026-08-17,SEM/MO/00506 - Encartonado,ENCARTONADO,Terminada,Sin registro hoy,,,420.0,420.0,100.0,630.0,145.0,0,2026-06-03 13:04,2026-06-03 13:04,,,2026-08-17 23:45:56
2026-08-17,SEM/MO/00515 - Encartonado,ENCARTONADO,Terminada,Sin registro hoy,,,360.0,360.0,100.0,663.2,100.0,0,2026-06-04 10:59,2026-06-04 10:59,,,2026-08-17 23:45:56
2026-08-17,SEM/MO/00514 - Encartonado,ENCARTONADO,Terminada,Sin registro hoy,,,360.0,360.0,100.0,663.2,165.0,0,2026-06-04 11:18,2026-06-04 11:18,,,2026-08-17 23:45:56
2026-08-17,SEM/MO/00516 - Encartonado,ENCARTONADO,Terminada,Sin registro hoy,,,630.0,587.0,93.2,880.5,275.0,0,2026-06-04 16:43,2026-06-04 16:43,,,2026-08-17 23:45:56
2026-08-17,SEM/MO/00517 - Encartonado,ENCARTONADO,Terminada,Sin registro hoy,,,720.0,720.0,100.0,1326.3,220.0,0,2026-06-04 16:46,2026-06-04 16:46,,,2026-08-17 23:45:56
2026-08-17,SEM/MO/00512 - Encartonado,ENCARTONADO,Terminada,Sin registro hoy,,,630.0,630.0,100.0,945.0,285.0,0,2026-06-04 16:49,2026-06-04 16:49,,,2026-08-17 23:45:56
2026-08-17,SEM/MO/00524 - Mezclado,MEZCLADO,Terminada,Sin registro hoy,,,345.0,345.0,100.0,43.6,33.0,0,2026-06-04 18:39,2026-06-08 21:33,,,2026-08-17 23:45:56
2026-08-17,SEM/MO/00518 - Encartonado,ENCARTONADO,Terminada,Sin registro hoy,,,360.0,360.0,100.0,663.2,80.0,0,2026-06-08 12:29,2026-06-08 12:29,,,2026-08-17 23:45:56
2026-08-17,SEM/MO/00533 - Encartonado,ENCARTONADO,Terminada,Sin registro hoy,,,360.0,360.0,100.0,663.2,70.0,0,2026-06-08 13:48,2026-06-08 13:48,,,2026-08-17 23:45:56
2026-08-17,SEM/MO/00534 - Encartonado,ENCARTONADO,Terminada,Sin registro hoy,,,210.0,210.0,100.0,315.0,100.0,0,2026-06-08 14:08,2026-06-08 14:08,,,2026-08-17 23:45:56
2026-08-17,SEM/MO/00532 - Encartonado,ENCARTONADO,Terminada,Sin registro hoy,,,420.0,420.0,100.0,630.0,235.0,0,2026-06-08 15:38,2026-06-08 15:38,,,2026-08-17 23:45:56
2026-08-17,SEM/MO/00536 - Encartonado,ENCARTONADO,Terminada,Sin registro hoy,,,630.0,630.0,100.0,945.0,330.0,0,2026-06-08 18:01,2026-06-08 18:01,,,2026-08-17 23:45:56
2026-08-17,SEM/MO/00535 - Encartonado,ENCARTONADO,Terminada,Sin registro hoy,,,210.0,210.0,100.0,315.0,120.0,0,2026-06-08 18:03,2026-06-08 18:03,,,2026-08-17 23:45:56
2026-08-17,SEM/MO/00530 - Encartonado,ENCARTONADO,Terminada,Sin registro hoy,,,43.0,43.0,100.0,64.5,60.0,0,2026-06-08 21:23,2026-06-08 21:23,,,2026-08-17 23:45:56
2026-08-17,SEM/MO/00545 - Encartonado,ENCARTONADO,Terminada,Sin registro hoy,,,630.0,630.0,100.0,945.0,265.0,0,2026-06-09 16:25,2026-06-09 16:25,,,2026-08-17 23:45:56
2026-08-17,SEM/MO/00546 - Encartonado,ENCARTONADO,Terminada,Sin registro hoy,,,420.0,420.0,100.0,630.0,160.0,0,2026-06-09 16:49,2026-06-09 16:49,,,2026-08-17 23:45:56
2026-08-17,SEM/MO/00555 - Encartonado,ENCARTONADO,Terminada,Sin registro hoy,,,210.0,210.0,100.0,315.0,110.0,0,2026-06-10 16:35,2026-06-10 16:35,,,2026-08-17 23:45:56
2026-08-17,SEM/MO/00553 - Encartonado,ENCARTONADO,Terminada,Sin registro hoy,,,640.0,640.0,100.0,960.0,220.0,0,2026-06-10 16:50,2026-06-10 16:50,,,2026-08-17 23:45:56
2026-08-17,SEM/MO/00554 - Encartonado,ENCARTONADO,Terminada,Sin registro hoy,,,200.0,200.0,100.0,300.0,95.0,0,2026-06-10 16:50,2026-06-10 16:50,,,2026-08-17 23:45:56
2026-08-17,SEM/MO/00559 - Liberación,LIMPIEZA,Terminada,Sin registro hoy,,,1095.0,1095.0,100.0,65.7,56.4,0,2026-06-11 06:14,2026-06-11 16:00,,,2026-08-17 23:45:56
2026-08-17,SEM/MO/00565 - Encartonado,ENCARTONADO,Terminada,Sin registro hoy,,,10260.0,10260.0,100.0,1575.0,245.0,0,2026-06-11 18:18,2026-06-11 18:18,,,2026-08-17 23:45:56
2026-08-17,SEM/MO/00567 - Encartonado,ENCARTONADO,Terminada,Sin registro hoy,,,3420.0,3420.0,100.0,525.0,80.0,0,2026-06-11 18:28,2026-06-11 18:28,,,2026-08-17 23:45:56
2026-08-17,SEM/MO/00566 - Encartonado,ENCARTONADO,Terminada,Sin registro hoy,,,3420.0,3420.0,100.0,525.0,110.0,0,2026-06-12 08:37,2026-06-12 08:37,,,2026-08-17 23:45:56
2026-08-17,SEM/MO/00580 - Encartonado,ENCARTONADO,Terminada,Sin registro hoy,,,3420.0,3420.0,100.0,525.0,130.0,0,2026-06-15 16:10,2026-06-15 16:10,,,2026-08-17 23:45:56
2026-08-17,SEM/MO/00581 - Encartonado,ENCARTONADO,Terminada,Sin registro hoy,,,3420.0,3420.0,100.0,525.0,95.5,0,2026-06-15 16:12,2026-06-15 16:12,,,2026-08-17 23:45:56
2026-08-17,SEM/MO/00582 - Encartonado,ENCARTONADO,Terminada,Sin registro hoy,,,3420.0,3420.0,100.0,525.0,120.0,0,2026-06-15 16:14,2026-06-15 16:14,,,2026-08-17 23:45:56
2026-08-17,SEM/MO/00589 - Encartonado,ENCARTONADO,Terminada,Sin registro hoy,,,230.0,230.0,100.0,345.0,100.0,0,2026-06-15 17:36,2026-06-15 17:36,,,2026-08-17 23:45:56
2026-08-17,SEM/MO/00587 - Encartonado,ENCARTONADO,Terminada,Sin registro hoy,,,420.0,420.0,100.0,630.0,150.0,0,2026-06-15 17:36,2026-06-15 17:36,,,2026-08-17 23:45:56
2026-08-17,SEM/MO/00590 - Encartonado,ENCARTONADO,Terminada,Sin registro hoy,,,200.0,200.0,100.0,300.0,70.0,0,2026-06-15 17:36,2026-06-15 17:36,,,2026-08-17 23:45:56
2026-08-17,SEM/MO/00588 - Encartonado,ENCARTONADO,Terminada,Sin registro hoy,,,200.0,200.0,100.0,300.0,95.0,0,2026-06-15 17:37,2026-06-15 17:37,,,2026-08-17 23:45:56
2026-08-17,SEM/MO/00594 - Encartonado,ENCARTONADO,Terminada,Sin registro hoy,,,210.0,210.0,100.0,315.0,50.0,0,2026-06-16 18:44,2026-06-16 18:44,,,2026-08-17 23:45:56
2026-08-17,SEM/MO/00597 - Encartonado,ENCARTONADO,Terminada,Sin registro hoy,,,210.0,210.0,100.0,315.0,105.0,0,2026-06-16 18:47,2026-06-16 18:47,,,2026-08-17 23:45:56
2026-08-17,SEM/MO/00595 - Encartonado,ENCARTONADO,Terminada,Sin registro hoy,,,210.0,210.0,100.0,315.0,75.0,0,2026-06-16 18:47,2026-06-16 18:47,,,2026-08-17 23:45:56
2026-08-17,SEM/MO/00596 - Encartonado,ENCARTONADO,Terminada,Sin registro hoy,,,420.0,420.0,100.0,630.0,175.0,0,2026-06-16 18:49,2026-06-16 18:49,,,2026-08-17 23:45:56
2026-08-17,SEM/MO/00600 - Encartonado,ENCARTONADO,Terminada,Sin registro hoy,,,420.0,420.0,100.0,630.0,205.0,0,2026-06-17 17:39,2026-06-17 17:39,,,2026-08-17 23:45:56
2026-08-17,SEM/MO/00605 - Encartonado,ENCARTONADO,Terminada,Sin registro hoy,,,210.0,210.0,100.0,315.0,160.0,0,2026-06-17 17:52,2026-06-17 17:52,,,2026-08-17 23:45:56
2026-08-17,SEM/MO/00604 - Encartonado,ENCARTONADO,Terminada,Sin registro hoy,,,210.0,210.0,100.0,315.0,120.0,0,2026-06-17 18:33,2026-06-17 18:33,,,2026-08-17 23:45:56
2026-08-17,SEM/MO/00619 - Encartonado,ENCARTONADO,Terminada,Sin registro hoy,,,10260.0,10260.0,100.0,1575.0,240.0,0,2026-06-19 12:16,2026-06-19 12:16,,,2026-08-17 23:45:56
2026-08-17,SEM/MO/00620 - Encartonado,ENCARTONADO,Terminada,Sin registro hoy,,,3420.0,3420.0,100.0,525.0,55.0,0,2026-06-19 12:19,2026-06-19 12:19,,,2026-08-17 23:45:56
2026-08-17,SEM/MO/00621 - Encartonado,ENCARTONADO,Terminada,Sin registro hoy,,,3420.0,3420.0,100.0,525.0,120.0,0,2026-06-19 12:22,2026-06-19 12:22,,,2026-08-17 23:45:56
2026-08-17,SEM/MO/00623 - Encartonado,ENCARTONADO,Terminada,Sin registro hoy,,,13680.0,13680.0,100.0,2100.0,330.0,0,2026-06-19 21:05,2026-06-19 21:05,,,2026-08-17 23:45:56
2026-08-17,SEM/MO/00624 - Encartonado,ENCARTONADO,Terminada,Sin registro hoy,,,6840.0,6840.0,100.0,1050.0,155.0,0,2026-06-19 21:09,2026-06-19 21:09,,,2026-08-17 23:45:56
2026-08-17,SEM/MO/00636 - Encartonado,ENCARTONADO,Terminada,Sin registro hoy,,,500.0,500.0,100.0,750.0,270.0,0,2026-06-22 17:50,2026-06-22 17:50,,,2026-08-17 23:45:56
2026-08-17,SEM/MO/00637 - Encartonado,ENCARTONADO,Terminada,Sin registro hoy,,,420.0,420.0,100.0,630.0,240.0,0,2026-06-22 17:57,2026-06-22 17:57,,,2026-08-17 23:45:56
2026-08-17,SEM/MO/00638 - Encartonado,ENCARTONADO,Terminada,Sin registro hoy,,,340.0,340.0,100.0,510.0,90.0,0,2026-06-22 18:05,2026-06-22 18:05,,,2026-08-17 23:45:56
2026-08-17,SEM/MO/00639 - Encartonado,ENCARTONADO,Terminada,Sin registro hoy,,,110.0,110.0,100.0,165.0,40.0,0,2026-06-22 19:18,2026-06-22 19:18,,,2026-08-17 23:45:56
2026-08-17,SEM/MO/00657 - Encartonado,ENCARTONADO,Terminada,Sin registro hoy,,,840.0,840.0,100.0,1260.0,340.0,0,2026-06-24 10:36,2026-06-24 10:36,,,2026-08-17 23:45:56
2026-08-17,SEM/MO/00660 - Encartonado,ENCARTONADO,Terminada,Sin registro hoy,,,110.0,110.0,100.0,165.0,50.0,0,2026-06-24 10:50,2026-06-24 10:50,,,2026-08-17 23:45:56
2026-08-17,SEM/MO/00661 - Encartonado,ENCARTONADO,Terminada,Sin registro hoy,,,100.0,100.0,100.0,150.0,40.0,0,2026-06-24 11:12,2026-06-24 11:12,,,2026-08-17 23:45:56
2026-08-17,SEM/MO/00662 - Encartonado,ENCARTONADO,Terminada,Sin registro hoy,,,100.0,100.0,100.0,150.0,60.0,0,2026-06-24 11:16,2026-06-24 11:16,,,2026-08-17 23:45:56
2026-08-17,SEM/MO/00663 - Encartonado,ENCARTONADO,Terminada,Sin registro hoy,,,110.0,110.0,100.0,165.0,45.0,0,2026-06-24 11:19,2026-06-24 11:19,,,2026-08-17 23:45:56
2026-08-17,SEM/MO/00664 - Encartonado,ENCARTONADO,Terminada,Sin registro hoy,,,210.0,210.0,100.0,315.0,75.0,0,2026-06-24 11:23,2026-06-24 11:23,,,2026-08-17 23:45:56
2026-08-17,SEM/MO/00666 - Encartonado,ENCARTONADO,Terminada,Sin registro hoy,,,30.0,30.0,100.0,45.0,45.0,0,2026-06-24 11:28,2026-06-24 11:28,,,2026-08-17 23:45:56
2026-08-17,SEM/MO/00658 - Encartonado,ENCARTONADO,Terminada,Sin registro hoy,,,320.0,320.0,100.0,480.0,115.0,0,2026-06-24 11:29,2026-06-24 11:29,,,2026-08-17 23:45:56
2026-08-17,SEM/MO/00665 - Encartonado,ENCARTONADO,Terminada,Sin registro hoy,,,180.0,180.0,100.0,270.0,35.0,0,2026-06-24 11:31,2026-06-24 11:31,,,2026-08-17 23:45:56
2026-08-17,SEM/MO/00669 - Encartonado,ENCARTONADO,Terminada,Sin registro hoy,,,370.0,370.0,100.0,555.0,105.0,0,2026-06-24 16:49,2026-06-24 16:49,,,2026-08-17 23:45:56
2026-08-17,SEM/MO/00670 - Encartonado,ENCARTONADO,Terminada,Sin registro hoy,,,130.0,130.0,100.0,195.0,40.0,0,2026-06-24 16:54,2026-06-24 16:54,,,2026-08-17 23:45:56
2026-08-17,SEM/MO/00671 - Encartonado,ENCARTONADO,Terminada,Sin registro hoy,,,130.0,130.0,100.0,195.0,40.0,0,2026-06-24 17:03,2026-06-24 17:03,,,2026-08-17 23:45:56
2026-08-17,SEM/MO/00672 - Encartonado,ENCARTONADO,Terminada,Sin registro hoy,,,420.0,420.0,100.0,630.0,125.0,0,2026-06-24 17:06,2026-06-24 17:06,,,2026-08-17 23:45:56
2026-08-17,SEM/MO/00659 - Encartonado,ENCARTONADO,Terminada,Sin registro hoy,,,100.0,100.0,100.0,150.0,35.0,0,2026-06-24 17:54,2026-06-24 17:54,,,2026-08-17 23:45:56
2026-08-17,SEM/MO/00692 - Encartonado,ENCARTONADO,Terminada,Sin registro hoy,,,190.0,190.0,100.0,285.0,120.0,0,2026-06-26 03:57,2026-06-26 03:57,,,2026-08-17 23:45:56
2026-08-17,SEM/MO/00690 - Encartonado,ENCARTONADO,Terminada,Sin registro hoy,,,180.0,180.0,100.0,270.0,115.0,0,2026-06-26 04:05,2026-06-26 04:05,,,2026-08-17 23:45:56
2026-08-17,SEM/MO/00693 - Encartonado,ENCARTONADO,Terminada,Sin registro hoy,,,170.0,170.0,100.0,255.0,60.0,0,2026-06-26 04:11,2026-06-26 04:11,,,2026-08-17 23:45:56
2026-08-17,SEM/MO/00691 - Encartonado,ENCARTONADO,Terminada,Sin registro hoy,,,420.0,480.0,114.3,720.0,120.0,0,2026-06-26 04:27,2026-06-26 04:27,,,2026-08-17 23:45:56
2026-08-17,SEM/MO/00684 - Encartonado,ENCARTONADO,Terminada,Sin registro hoy,,,420.0,420.0,100.0,630.0,160.0,0,2026-06-26 04:28,2026-06-26 04:28,,,2026-08-17 23:45:56
2026-08-17,SEM/MO/00687 - Encartonado,ENCARTONADO,Terminada,Sin registro hoy,,,150.0,150.0,100.0,225.0,60.0,0,2026-06-26 04:38,2026-06-26 04:38,,,2026-08-17 23:45:56
2026-08-17,SEM/MO/00694 - Encartonado,ENCARTONADO,Terminada,Sin registro hoy,,,210.0,210.0,100.0,315.0,60.0,0,2026-06-26 04:41,2026-06-26 04:41,,,2026-08-17 23:45:56
2026-08-17,SEM/MO/00688 - Encartonado,ENCARTONADO,Terminada,Sin registro hoy,,,90.0,30.0,33.3,45.0,15.0,0,2026-06-26 04:52,2026-06-26 04:52,,,2026-08-17 23:45:56
2026-08-17,SEM/MO/00695 - Encartonado,ENCARTONADO,Terminada,Sin registro hoy,,,60.0,60.0,100.0,90.0,60.0,0,2026-06-26 04:59,2026-06-26 04:59,,,2026-08-17 23:45:56
2026-08-17,SEM/MO/00708 - Encartonado,ENCARTONADO,Terminada,Sin registro hoy,,,1440.0,1440.0,100.0,2652.6,510.0,0,2026-06-29 17:00,2026-06-29 17:00,,,2026-08-17 23:45:56
2026-08-17,SEM/MO/00709 - Encartonado,ENCARTONADO,Terminada,Sin registro hoy,,,360.0,360.0,100.0,663.2,120.0,0,2026-06-29 17:01,2026-06-29 17:01,,,2026-08-17 23:45:56
2026-08-17,SEM/MO/00710 - Encartonado,ENCARTONADO,Terminada,Sin registro hoy,,,360.0,360.0,100.0,663.2,95.0,0,2026-06-29 17:07,2026-06-29 17:07,,,2026-08-17 23:45:56
2026-08-17,SEM/MO/00711 - Encartonado,ENCARTONADO,Terminada,Sin registro hoy,,,360.0,360.0,100.0,663.2,130.0,0,2026-06-29 17:11,2026-06-29 17:11,,,2026-08-17 23:45:56
2026-08-17,SEM/MO/00728 - Encartonado,ENCARTONADO,Terminada,Sin registro hoy,,,1080.0,1080.0,100.0,1989.5,300.0,0,2026-06-30 16:56,2026-06-30 16:56,,,2026-08-17 23:45:56
2026-08-17,SEM/MO/00729 - Encartonado,ENCARTONADO,Terminada,Sin registro hoy,,,360.0,360.0,100.0,663.2,120.0,0,2026-06-30 17:30,2026-06-30 17:30,,,2026-08-17 23:45:56
2026-08-17,SEM/MO/00730 - Encartonado,ENCARTONADO,Terminada,Sin registro hoy,,,78.0,78.0,100.0,108.4,225.0,0,2026-06-30 17:50,2026-06-30 17:50,,,2026-08-17 23:45:56
2026-08-17,SEM/MO/00744 - Encartonado,ENCARTONADO,Terminada,Sin registro hoy,,,720.0,720.0,100.0,1326.3,300.0,0,2026-07-01 15:20,2026-07-01 15:20,,,2026-08-17 23:45:56
2026-08-17,SEM/MO/00745 - Encartonado,ENCARTONADO,Terminada,Sin registro hoy,,,360.0,360.0,100.0,663.2,90.0,0,2026-07-01 16:59,2026-07-01 16:59,,,2026-08-17 23:45:56
2026-08-17,SEM/MO/00746 - Encartonado,ENCARTONADO,Terminada,Sin registro hoy,,,360.0,360.0,100.0,663.2,104.6,0,2026-07-01 17:27,2026-07-01 17:27,,,2026-08-17 23:45:56
2026-08-17,SEM/MO/00722 - Liberación,LIMPIEZA,Terminada,Sin registro hoy,,,510.0,510.0,100.0,30.6,46.8,0,2026-07-02 09:36,2026-07-03 09:51,,,2026-08-17 23:45:56
2026-08-17,SEM/MO/00747 - Encartonado,ENCARTONADO,Terminada,Sin registro hoy,,,10260.0,10260.0,100.0,1575.0,275.0,0,2026-07-02 17:38,2026-07-02 17:38,,,2026-08-17 23:45:56
2026-08-17,SEM/MO/00748 - Encartonado,ENCARTONADO,Terminada,Sin registro hoy,,,3420.0,3420.0,100.0,525.0,135.0,0,2026-07-02 17:41,2026-07-02 17:41,,,2026-08-17 23:45:56
2026-08-17,SEM/MO/00749 - Encartonado,ENCARTONADO,Terminada,Sin registro hoy,,,1980.0,1980.0,100.0,607.9,50.0,0,2026-07-02 18:08,2026-07-02 18:08,,,2026-08-17 23:45:56
2026-08-17,SEM/MO/00781 - Encartonado,ENCARTONADO,Terminada,Sin registro hoy,,,3420.0,3420.0,100.0,525.0,120.0,0,2026-07-06 12:40,2026-07-06 12:40,,,2026-08-17 23:45:56
2026-08-17,SEM/MO/00782 - Encartonado,ENCARTONADO,Terminada,Sin registro hoy,,,3420.0,3420.0,100.0,525.0,85.0,0,2026-07-06 12:48,2026-07-06 12:48,,,2026-08-17 23:45:56
2026-08-17,SEM/MO/00783 - Encartonado,ENCARTONADO,Terminada,Sin registro hoy,,,3420.0,3420.0,100.0,525.0,100.0,0,2026-07-06 12:50,2026-07-06 12:50,,,2026-08-17 23:45:56
2026-08-17,SEM/MO/00784 - Encartonado,ENCARTONADO,Terminada,Sin registro hoy,,,3420.0,3420.0,100.0,525.0,70.0,0,2026-07-06 12:53,2026-07-06 12:53,,,2026-08-17 23:45:56
2026-08-17,SEM/MO/00785 - Encartonado,ENCARTONADO,Terminada,Sin registro hoy,,,3420.0,3420.0,100.0,525.0,85.0,0,2026-07-06 12:57,2026-07-06 12:57,,,2026-08-17 23:45:56
2026-08-17,SEM/MO/00786 - Encartonado,ENCARTONADO,Terminada,Sin registro hoy,,,3420.0,3420.0,100.0,525.0,120.0,0,2026-07-06 13:23,2026-07-06 13:23,,,2026-08-17 23:45:56
2026-08-17,SEM/MO/00787 - Encartonado,ENCARTONADO,Terminada,Sin registro hoy,,,3420.0,3420.0,100.0,525.0,80.0,0,2026-07-06 13:25,2026-07-06 13:25,,,2026-08-17 23:45:56
2026-08-17,SEM/MO/00788 - Encartonado,ENCARTONADO,Terminada,Sin registro hoy,,,6840.0,6840.0,100.0,1050.0,300.0,0,2026-07-07 11:43,2026-07-07 11:43,,,2026-08-17 23:45:56
2026-08-17,SEM/MO/00792 - Encartonado,ENCARTONADO,Terminada,Sin registro hoy,,,10260.0,10260.0,100.0,1575.0,100.0,0,2026-07-07 16:33,2026-07-07 16:33,,,2026-08-17 23:45:56
2026-08-17,SEM/MO/00791 - Encartonado,ENCARTONADO,Terminada,Sin registro hoy,,,6840.0,6840.0,100.0,1050.0,180.0,0,2026-07-08 08:14,2026-07-08 08:14,,,2026-08-17 23:45:56
2026-08-17,SEM/MO/00796 - Encartonado,ENCARTONADO,Terminada,Sin registro hoy,,,3420.0,3420.0,100.0,525.0,105.0,0,2026-07-08 15:37,2026-07-08 15:37,,,2026-08-17 23:45:56
2026-08-17,SEM/MO/00793 - Encartonado,ENCARTONADO,Terminada,Sin registro hoy,,,10260.0,10260.0,100.0,1575.0,240.0,0,2026-07-08 16:17,2026-07-08 16:17,,,2026-08-17 23:45:56
2026-08-17,SEM/MO/00814 - Encartonado,ENCARTONADO,Terminada,Sin registro hoy,,,6840.0,6840.0,100.0,1050.0,190.0,0,2026-07-10 08:00,2026-07-12 08:48,,,2026-08-17 23:45:56
2026-08-17,SEM/MO/00815 - Encartonado,ENCARTONADO,Terminada,Sin registro hoy,,,200.0,200.0,100.0,300.0,75.0,0,2026-07-10 08:00,2026-07-12 08:58,,,2026-08-17 23:45:56
2026-08-17,SEM/MO/00816 - Encartonado,ENCARTONADO,Terminada,Sin registro hoy,,,570.0,570.0,100.0,855.0,235.0,0,2026-07-10 08:00,2026-07-12 08:58,,,2026-08-17 23:45:56
2026-08-17,SEM/MO/00812 - Encartonado,ENCARTONADO,Terminada,Sin registro hoy,,,6840.0,6840.0,100.0,1050.0,185.0,0,2026-07-10 13:02,2026-07-10 13:02,,,2026-08-17 23:45:56
2026-08-17,SEM/MO/00808 - Encartonado,ENCARTONADO,Terminada,Sin registro hoy,,,3420.0,3420.0,100.0,525.0,50.0,0,2026-07-10 13:02,2026-07-10 13:02,,,2026-08-17 23:45:56
2026-08-17,SEM/MO/00811 - Encartonado,ENCARTONADO,Terminada,Sin registro hoy,,,3420.0,3420.0,100.0,525.0,60.0,0,2026-07-10 13:03,2026-07-10 13:03,,,2026-08-17 23:45:56
2026-08-17,SEM/MO/00810 - Encartonado,ENCARTONADO,Terminada,Sin registro hoy,,,3420.0,3420.0,100.0,525.0,115.0,0,2026-07-10 13:03,2026-07-10 13:03,,,2026-08-17 23:45:56
2026-08-17,SEM/MO/00795 - Encartonado,ENCARTONADO,Terminada,Sin registro hoy,,,3420.0,3420.0,100.0,525.0,60.0,0,2026-07-12 08:21,2026-07-12 08:21,,,2026-08-17 23:45:56
2026-08-17,SEM/MO/00841 - Encartonado,ENCARTONADO,Terminada,Sin registro hoy,,,6840.0,6840.0,100.0,1050.0,160.0,0,2026-07-14 12:53,2026-07-14 12:53,,,2026-08-17 23:45:56
2026-08-17,SEM/MO/00842 - Encartonado,ENCARTONADO,Terminada,Sin registro hoy,,,3420.0,3420.0,100.0,525.0,70.0,0,2026-07-14 16:02,2026-07-14 16:02,,,2026-08-17 23:45:56
2026-08-17,SEM/MO/00843 - Encartonado,ENCARTONADO,Terminada,Sin registro hoy,,,3420.0,3420.0,100.0,525.0,75.0,0,2026-07-14 16:04,2026-07-14 16:04,,,2026-08-17 23:45:56
2026-08-17,SEM/MO/00844 - Encartonado,ENCARTONADO,Terminada,Sin registro hoy,,,3420.0,3420.0,100.0,525.0,60.0,0,2026-07-14 16:04,2026-07-14 16:04,,,2026-08-17 23:45:56
2026-08-17,SEM/MO/00845 - Encartonado,ENCARTONADO,Terminada,Sin registro hoy,,,10260.0,10260.0,100.0,1575.0,255.0,0,2026-07-14 16:18,2026-07-14 16:18,,,2026-08-17 23:45:56
2026-08-17,SEM/MO/00846 - Encartonado,ENCARTONADO,Terminada,Sin registro hoy,,,6840.0,6840.0,100.0,1050.0,135.0,0,2026-07-14 23:44,2026-07-14 23:44,,,2026-08-17 23:45:56
2026-08-17,SEM/MO/00794 - Encartonado,ENCARTONADO,Terminada,Sin registro hoy,,,1980.0,1980.0,100.0,607.9,100.0,0,2026-07-14 23:56,2026-07-14 23:56,,,2026-08-17 23:45:56
2026-08-17,SEM/MO/00873 - Encartonado,ENCARTONADO,Terminada,Sin registro hoy,,,3420.0,3420.0,100.0,525.0,130.0,0,2026-07-16 17:54,2026-07-16 17:54,,,2026-08-17 23:45:56
2026-08-17,SEM/MO/00874 - Encartonado,ENCARTONADO,Terminada,Sin registro hoy,,,3420.0,3420.0,100.0,525.0,75.0,0,2026-07-16 17:56,2026-07-16 17:56,,,2026-08-17 23:45:56
2026-08-17,SEM/MO/00871 - Encartonado,ENCARTONADO,Terminada,Sin registro hoy,,,3420.0,3420.0,100.0,525.0,95.0,0,2026-07-16 17:58,2026-07-16 17:58,,,2026-08-17 23:45:56
2026-08-17,SEM/MO/00872 - Encartonado,ENCARTONADO,Terminada,Sin registro hoy,,,3420.0,3420.0,100.0,525.0,85.0,0,2026-07-16 17:59,2026-07-16 17:59,,,2026-08-17 23:45:56
2026-08-17,SEM/MO/00876 - Encartonado,ENCARTONADO,Terminada,Sin registro hoy,,,200.0,200.0,100.0,300.0,135.0,0,2026-07-16 18:03,2026-07-16 18:03,,,2026-08-17 23:45:56
2026-08-17,SEM/MO/00877 - Encartonado,ENCARTONADO,Terminada,Sin registro hoy,,,200.0,200.0,100.0,300.0,90.0,0,2026-07-16 18:03,2026-07-16 18:03,,,2026-08-17 23:45:56
2026-08-17,SEM/MO/00880 - Encartonado,ENCARTONADO,Terminada,Sin registro hoy,,,400.0,400.0,100.0,600.0,195.0,0,2026-07-16 19:37,2026-07-16 19:37,,,2026-08-17 23:45:56
2026-08-17,SEM/MO/00881 - Encartonado,ENCARTONADO,Terminada,Sin registro hoy,,,630.0,630.0,100.0,945.0,250.0,0,2026-07-16 21:55,2026-07-16 21:55,,,2026-08-17 23:45:56
2026-08-17,SEM/MO/00893 - Encartonado,ENCARTONADO,Terminada,Sin registro hoy,,,200.0,200.0,100.0,300.0,70.0,0,2026-07-20 17:33,2026-07-20 17:33,,,2026-08-17 23:45:56
2026-08-17,SEM/MO/00894 - Encartonado,ENCARTONADO,Terminada,Sin registro hoy,,,200.0,200.0,100.0,300.0,70.0,0,2026-07-20 17:43,2026-07-20 17:43,,,2026-08-17 23:45:56
2026-08-17,SEM/MO/00892 - Encartonado,ENCARTONADO,Terminada,Sin registro hoy,,,3168.0,3168.0,100.0,693.0,100.0,0,2026-07-20 17:50,2026-07-20 17:50,,,2026-08-17 23:45:56
2026-08-17,SEM/MO/00891 - Encartonado,ENCARTONADO,Terminada,Sin registro hoy,,,1200.0,1200.0,100.0,1800.0,485.0,0,2026-07-20 17:54,2026-07-20 17:54,,,2026-08-17 23:45:56
2026-08-17,SEM/MO/00899 - Encartonado,ENCARTONADO,Terminada,Sin registro hoy,,,200.0,200.0,100.0,300.0,50.0,0,2026-07-20 17:56,2026-07-20 17:56,,,2026-08-17 23:45:56
2026-08-17,SEM/MO/00900 - Encartonado,ENCARTONADO,Terminada,Sin registro hoy,,,6840.0,6840.0,100.0,1050.0,175.0,0,2026-07-20 18:02,2026-07-20 18:02,,,2026-08-17 23:45:56
2026-08-17,SEM/MO/00901 - Encartonado,ENCARTONADO,Terminada,Sin registro hoy,,,3420.0,3420.0,100.0,525.0,100.0,0,2026-07-20 18:08,2026-07-20 18:08,,,2026-08-17 23:45:56
2026-08-17,SEM/MO/00902 - Encartonado,ENCARTONADO,Terminada,Sin registro hoy,,,3420.0,3420.0,100.0,525.0,80.0,0,2026-07-20 18:12,2026-07-20 18:12,,,2026-08-17 23:45:56
2026-08-17,SEM/MO/00916 - Encartonado,ENCARTONADO,Terminada,Sin registro hoy,,,10260.0,10260.0,100.0,1575.0,220.0,0,2026-07-22 13:04,2026-07-22 13:04,,,2026-08-17 23:45:56
2026-08-17,SEM/MO/00918 - Encartonado,ENCARTONADO,Terminada,Sin registro hoy,,,3420.0,3420.0,100.0,525.0,60.4,0,2026-07-22 13:10,2026-07-22 13:10,,,2026-08-17 23:45:56
2026-08-17,SEM/MO/00919 - Encartonado,ENCARTONADO,Terminada,Sin registro hoy,,,3420.0,6840.0,200.0,1050.0,140.0,0,2026-07-22 13:11,2026-07-22 13:11,,,2026-08-17 23:45:56
2026-08-17,SEM/MO/00917 - Encartonado,ENCARTONADO,Terminada,Sin registro hoy,,,3420.0,3420.0,100.0,525.0,50.0,0,2026-07-22 13:15,2026-07-22 13:15,,,2026-08-17 23:45:56
2026-08-17,SEM/MO/00920 - Encartonado,ENCARTONADO,Terminada,Sin registro hoy,,,3420.0,3420.0,100.0,525.0,65.0,0,2026-07-22 13:16,2026-07-22 13:16,,,2026-08-17 23:45:56
2026-08-17,SEM/MO/00933 - Encartonado,ENCARTONADO,Terminada,Sin registro hoy,,,3420.0,3420.0,100.0,525.0,70.0,0,2026-07-23 14:26,2026-07-23 14:26,,,2026-08-17 23:45:56
2026-08-17,SEM/MO/00935 - Encartonado,ENCARTONADO,Terminada,Sin registro hoy,,,6840.0,6840.0,100.0,1050.0,110.0,0,2026-07-23 14:45,2026-07-23 14:45,,,2026-08-17 23:45:56
2026-08-17,SEM/MO/00934 - Encartonado,ENCARTONADO,Terminada,Sin registro hoy,,,3420.0,3420.0,100.0,525.0,95.0,0,2026-07-23 14:48,2026-07-23 14:48,,,2026-08-17 23:45:56
2026-08-17,SEM/MO/00914 - Rallado,RALLADO,Terminada,Sin registro hoy,,,200.0,528.0,264.0,146.7,60.5,0,2026-07-24 00:45,2026-07-27 12:06,,,2026-08-17 23:45:56
2026-08-17,SEM/MO/00931 - Encartonado,ENCARTONADO,Terminada,Sin registro hoy,,,1980.0,1980.0,100.0,607.9,45.0,0,2026-07-24 11:18,2026-07-24 11:18,,,2026-08-17 23:45:56
2026-08-17,SEM/MO/00932 - Encartonado,ENCARTONADO,Terminada,Sin registro hoy,,,1980.0,1980.0,100.0,607.9,55.0,0,2026-07-24 11:31,2026-07-24 11:31,,,2026-08-17 23:45:56
2026-08-17,SEM/MO/00921 - Encartonado,ENCARTONADO,Terminada,Sin registro hoy,,,3420.0,3420.0,100.0,525.0,70.0,0,2026-07-24 12:18,2026-07-24 12:18,,,2026-08-17 23:45:56
2026-08-17,SEM/MO/00938 - Encartonado,ENCARTONADO,Terminada,Sin registro hoy,,,3420.0,3420.0,100.0,525.0,60.0,0,2026-07-24 16:08,2026-07-24 16:08,,,2026-08-17 23:45:56
2026-08-17,SEM/MO/00939 - Encartonado,ENCARTONADO,Terminada,Sin registro hoy,,,3420.0,3420.0,100.0,525.0,100.0,0,2026-07-24 16:50,2026-07-24 16:50,,,2026-08-17 23:45:56
2026-08-17,SEM/MO/00953 - Lavado y desinfección,LAVADO 2,Terminada,Sin registro hoy,,,5400.0,3724.0,69.0,186.2,48.4,0,2026-07-27 11:18,2026-07-30 21:02,,,2026-08-17 23:45:56
2026-08-17,SEM/MO/00956 - Encartonado,ENCARTONADO,Terminada,Sin registro hoy,,,420.0,420.0,100.0,630.0,100.0,0,2026-07-27 13:44,2026-07-27 13:44,,,2026-08-17 23:45:56
2026-08-17,SEM/MO/00915 - Mezclado,MEZCLADO,Terminada,Sin registro hoy,,,454.0,454.0,100.0,57.4,20.0,0,2026-07-27 16:05,2026-07-27 16:05,,,2026-08-17 23:45:56
2026-08-17,SEM/MO/00962 - Encartonado,ENCARTONADO,Terminada,Sin registro hoy,,,210.0,210.0,100.0,315.0,61.0,0,2026-07-27 16:44,2026-07-27 16:44,,,2026-08-17 23:45:56
2026-08-17,SEM/MO/00957 - Encartonado,ENCARTONADO,Terminada,Sin registro hoy,,,420.0,420.0,100.0,630.0,100.0,0,2026-07-27 16:47,2026-07-27 16:47,,,2026-08-17 23:45:56
2026-08-17,SEM/MO/00958 - Encartonado,ENCARTONADO,Terminada,Sin registro hoy,,,220.0,220.0,100.0,330.0,65.0,0,2026-07-27 16:54,2026-07-27 16:54,,,2026-08-17 23:45:56
2026-08-17,SEM/MO/00965 - Encartonado,ENCARTONADO,Terminada,Sin registro hoy,,,270.0,270.0,100.0,405.0,70.0,0,2026-07-27 17:04,2026-07-27 17:04,,,2026-08-17 23:45:56
2026-08-17,SEM/MO/00967 - Encartonado,ENCARTONADO,Terminada,Sin registro hoy,,,20.0,20.0,100.0,30.0,15.0,0,2026-07-27 17:16,2026-07-27 17:16,,,2026-08-17 23:45:56
2026-08-17,SEM/MO/00973 - Encartonado,ENCARTONADO,Terminada,Sin registro hoy,,,210.0,210.0,100.0,315.0,130.0,0,2026-07-27 17:32,2026-07-27 17:32,,,2026-08-17 23:45:56
2026-08-17,SEM/MO/00974 - Encartonado,ENCARTONADO,Terminada,Sin registro hoy,,,140.0,140.0,100.0,210.0,60.0,0,2026-07-27 17:51,2026-07-27 17:51,,,2026-08-17 23:45:56
2026-08-17,SEM/MO/00979 - Encartonado,ENCARTONADO,Terminada,Sin registro hoy,,,210.0,210.0,100.0,315.0,70.0,0,2026-07-27 18:56,2026-07-27 18:56,,,2026-08-17 23:45:56
2026-08-17,SEM/MO/00980 - Encartonado,ENCARTONADO,Terminada,Sin registro hoy,,,200.0,200.0,100.0,300.0,85.0,0,2026-07-27 19:16,2026-07-27 19:16,,,2026-08-17 23:45:56
2026-08-17,SEM/MO/00981 - Encartonado,ENCARTONADO,Terminada,Sin registro hoy,,,200.0,200.0,100.0,300.0,75.0,0,2026-07-27 21:54,2026-07-27 21:54,,,2026-08-17 23:45:56
2026-08-17,SEM/MO/00993 - Encartonado,ENCARTONADO,Terminada,Sin registro hoy,,,210.0,210.0,100.0,315.0,80.0,0,2026-07-29 09:52,2026-07-29 09:52,,,2026-08-17 23:45:56
2026-08-17,SEM/MO/00990 - Encartonado,ENCARTONADO,Terminada,Sin registro hoy,,,210.0,210.0,100.0,315.0,60.0,0,2026-07-29 09:57,2026-07-29 09:57,,,2026-08-17 23:45:56
2026-08-17,SEM/MO/00991 - Encartonado,ENCARTONADO,Terminada,Sin registro hoy,,,210.0,210.0,100.0,315.0,50.0,0,2026-07-29 10:01,2026-07-29 10:01,,,2026-08-17 23:45:56
2026-08-17,SEM/MO/00994 - Encartonado,ENCARTONADO,Terminada,Sin registro hoy,,,210.0,210.0,100.0,315.0,80.0,0,2026-07-29 10:03,2026-07-29 10:03,,,2026-08-17 23:45:56
2026-08-17,SEM/MO/00992 - Encartonado,ENCARTONADO,Terminada,Sin registro hoy,,,210.0,210.0,100.0,315.0,50.0,0,2026-07-29 10:08,2026-07-29 10:08,,,2026-08-17 23:45:56
2026-08-17,SEM/MO/01010 - Encartonado,ENCARTONADO,Terminada,Sin registro hoy,,,130.0,130.0,100.0,195.0,40.0,0,2026-07-29 10:27,2026-07-29 10:27,,,2026-08-17 23:45:56
2026-08-17,SEM/MO/01011 - Encartonado,ENCARTONADO,Terminada,Sin registro hoy,,,80.0,80.0,100.0,120.0,25.0,0,2026-07-29 10:33,2026-07-29 10:33,,,2026-08-17 23:45:56
2026-08-17,SEM/MO/01012 - Encartonado,ENCARTONADO,Terminada,Sin registro hoy,,,1584.0,1584.0,100.0,346.5,30.0,0,2026-07-29 10:39,2026-07-29 10:39,,,2026-08-17 23:45:56
2026-08-17,SEM/MO/01013 - Encartonado,ENCARTONADO,Terminada,Sin registro hoy,,,1584.0,1584.0,100.0,346.5,30.0,0,2026-07-29 10:41,2026-07-29 10:41,,,2026-08-17 23:45:56
2026-08-17,SEM/MO/01016 - Encartonado,ENCARTONADO,Terminada,Sin registro hoy,,,3420.0,3420.0,100.0,525.0,60.0,0,2026-07-29 10:48,2026-07-29 10:48,,,2026-08-17 23:45:56
2026-08-17,SEM/MO/01017 - Encartonado,ENCARTONADO,Terminada,Sin registro hoy,,,3420.0,3420.0,100.0,525.0,55.0,0,2026-07-29 10:53,2026-07-29 10:53,,,2026-08-17 23:45:56
2026-08-17,SEM/MO/01023 - Encartonado,ENCARTONADO,Terminada,Sin registro hoy,,,210.0,210.0,100.0,315.0,65.0,0,2026-07-29 12:17,2026-07-29 12:17,,,2026-08-17 23:45:56
2026-08-17,SEM/MO/01026 - Encartonado,ENCARTONADO,Terminada,Sin registro hoy,,,3420.0,3420.0,100.0,525.0,30.0,0,2026-07-30 08:27,2026-07-30 08:27,,,2026-08-17 23:45:56
2026-08-17,SEM/MO/01018 - Encartonado,ENCARTONADO,Terminada,Sin registro hoy,,,10260.0,10260.0,100.0,1575.0,225.0,0,2026-07-30 08:31,2026-07-30 08:31,,,2026-08-17 23:45:56
2026-08-17,SEM/MO/01019 - Encartonado,ENCARTONADO,Terminada,Sin registro hoy,,,10260.0,10260.0,100.0,1575.0,170.0,0,2026-07-30 08:36,2026-07-30 08:36,,,2026-08-17 23:45:56
2026-08-17,SEM/MO/00999 - Envasado Manual,ENVASADO MANUAL,Terminada,Sin registro hoy,,,500.0,507.0,101.4,0.0,60.0,0,2026-07-30 21:24,2026-07-30 21:24,,,2026-08-17 23:45:56
2026-08-17,SEM/MO/01043 - Encartonado,ENCARTONADO,Terminada,Sin registro hoy,,,10260.0,10260.0,100.0,1575.0,180.0,0,2026-07-30 23:49,2026-07-30 23:49,,,2026-08-17 23:45:56
2026-08-17,SEM/MO/01044 - Encartonado,ENCARTONADO,Terminada,Sin registro hoy,,,6100.0,6100.0,100.0,936.4,135.0,0,2026-07-30 23:53,2026-07-30 23:53,,,2026-08-17 23:45:56
2026-08-17,SEM/MO/01045 - Encartonado,ENCARTONADO,Terminada,Sin registro hoy,,,3420.0,3420.0,100.0,525.0,55.0,0,2026-07-30 23:57,2026-07-30 23:57,,,2026-08-17 23:45:56
2026-08-17,SEM/MO/01046 - Encartonado,ENCARTONADO,Terminada,Sin registro hoy,,,3420.0,3420.0,100.0,525.0,75.0,0,2026-07-31 00:01,2026-07-31 00:01,,,2026-08-17 23:45:56
2026-08-17,SEM/MO/00959 - Limpieza,LIMPIEZA,Terminada,Sin registro hoy,,,4500.0,4460.0,99.1,200.7,60.4,0,2026-07-31 15:50,2026-07-31 15:50,,,2026-08-17 23:45:56
2026-08-17,SEM/MO/01051 - Encartonado,ENCARTONADO,Terminada,Sin registro hoy,,,760.0,760.0,100.0,1140.0,265.0,0,2026-07-31 17:45,2026-07-31 17:45,,,2026-08-17 23:45:56
2026-08-17,SEM/MO/01052 - Encartonado,ENCARTONADO,Terminada,Sin registro hoy,,,6840.0,6840.0,100.0,1050.0,125.0,0,2026-07-31 17:49,2026-07-31 17:49,,,2026-08-17 23:45:56
2026-08-17,SEM/MO/01053 - Encartonado,ENCARTONADO,Terminada,Sin registro hoy,,,3420.0,3420.0,100.0,525.0,75.0,0,2026-07-31 18:59,2026-07-31 18:59,,,2026-08-17 23:45:56
2026-08-17,SEM/MO/01076 - Encartonado,ENCARTONADO,Terminada,Sin registro hoy,,,1584.0,1584.0,100.0,346.5,50.0,0,2026-08-03 14:45,2026-08-03 14:45,,,2026-08-17 23:45:56
2026-08-17,SEM/MO/01079 - Encartonado,ENCARTONADO,Terminada,Sin registro hoy,,,250.0,250.0,100.0,38.4,10.0,0,2026-08-03 16:05,2026-08-03 16:05,,,2026-08-17 23:45:56
2026-08-17,SEM/MO/01080 - Encartonado,ENCARTONADO,Terminada,Sin registro hoy,,,740.0,740.0,100.0,113.6,15.0,0,2026-08-03 16:09,2026-08-03 16:09,,,2026-08-17 23:45:56
2026-08-17,SEM/MO/01077 - Encartonado,ENCARTONADO,Terminada,Sin registro hoy,,,3420.0,3420.0,100.0,525.0,65.0,0,2026-08-03 16:33,2026-08-03 16:33,,,2026-08-17 23:45:56
2026-08-17,SEM/MO/01081 - Encartonado,ENCARTONADO,Terminada,Sin registro hoy,,,570.0,570.0,100.0,855.0,190.0,0,2026-08-04 09:12,2026-08-04 09:12,,,2026-08-17 23:45:56
2026-08-17,SEM/MO/01086 - Encartonado,ENCARTONADO,Terminada,Sin registro hoy,,,190.0,190.0,100.0,285.0,65.0,0,2026-08-04 09:16,2026-08-04 09:16,,,2026-08-17 23:45:56
2026-08-17,SEM/MO/01082 - Encartonado,ENCARTONADO,Terminada,Sin registro hoy,,,190.0,190.0,100.0,285.0,40.0,0,2026-08-04 10:54,2026-08-04 10:54,,,2026-08-17 23:45:56
2026-08-17,SEM/MO/01095 - Encartonado,ENCARTONADO,Terminada,Sin registro hoy,,,380.0,380.0,100.0,570.0,95.0,0,2026-08-05 12:54,2026-08-05 12:54,,,2026-08-17 23:45:56
2026-08-17,SEM/MO/01096 - Encartonado,ENCARTONADO,Terminada,Sin registro hoy,,,190.0,190.0,100.0,285.0,85.0,0,2026-08-05 13:06,2026-08-05 13:06,,,2026-08-17 23:45:56
2026-08-17,SEM/MO/01100 - Encartonado,ENCARTONADO,Terminada,Sin registro hoy,,,350.0,350.0,100.0,525.0,170.0,0,2026-08-05 14:15,2026-08-05 14:15,,,2026-08-17 23:45:56
2026-08-17,SEM/MO/01101 - Encartonado,ENCARTONADO,Terminada,Sin registro hoy,,,70.0,70.0,100.0,105.0,25.0,0,2026-08-05 14:24,2026-08-05 14:24,,,2026-08-17 23:45:56
2026-08-17,SEM/MO/01102 - Encartonado,ENCARTONADO,Terminada,Sin registro hoy,,,50.0,50.0,100.0,75.0,15.0,0,2026-08-05 14:51,2026-08-05 14:51,,,2026-08-17 23:45:56
2026-08-17,SEM/MO/01103 - Encartonado,ENCARTONADO,Terminada,Sin registro hoy,,,100.0,100.0,100.0,150.0,30.0,0,2026-08-05 15:03,2026-08-05 15:03,,,2026-08-17 23:45:56
2026-08-17,SEM/MO/01097 - Encartonado,ENCARTONADO,Terminada,Sin registro hoy,,,150.0,150.0,100.0,225.0,35.0,0,2026-08-05 15:46,2026-08-05 15:46,,,2026-08-17 23:45:56
2026-08-17,SEM/MO/01098 - Encartonado,ENCARTONADO,Terminada,Sin registro hoy,,,40.0,40.0,100.0,60.0,25.0,0,2026-08-05 15:47,2026-08-05 15:47,,,2026-08-17 23:45:56
2026-08-17,SEM/MO/01099 - Encartonado,ENCARTONADO,Terminada,Sin registro hoy,,,570.0,570.0,100.0,855.0,135.0,0,2026-08-05 16:38,2026-08-05 16:38,,,2026-08-17 23:45:56
2026-08-17,SEM/MO/01104 - Encartonado,ENCARTONADO,Terminada,Sin registro hoy,,,20.0,20.0,100.0,30.0,15.0,0,2026-08-05 17:19,2026-08-05 17:19,,,2026-08-17 23:45:56
2026-08-17,SEM/MO/01105 - Encartonado,ENCARTONADO,Terminada,Sin registro hoy,,,190.0,190.0,100.0,285.0,60.0,0,2026-08-05 17:48,2026-08-05 17:48,,,2026-08-17 23:45:56
2026-08-17,SEM/MO/01115 - Encartonado,ENCARTONADO,Terminada,Sin registro hoy,,,360.0,360.0,100.0,663.2,55.0,0,2026-08-06 11:54,2026-08-06 11:54,,,2026-08-17 23:45:56
2026-08-17,SEM/MO/01113 - Encartonado,ENCARTONADO,Terminada,Sin registro hoy,,,720.0,720.0,100.0,1326.3,140.0,0,2026-08-06 11:58,2026-08-06 11:58,,,2026-08-17 23:45:56
2026-08-17,SEM/MO/01114 - Encartonado,ENCARTONADO,Terminada,Sin registro hoy,,,720.0,720.0,100.0,1326.3,190.0,0,2026-08-06 12:16,2026-08-06 12:16,,,2026-08-17 23:45:56
2026-08-17,SEM/MO/01125 - Liberación,LIMPIEZA,Terminada,Sin registro hoy,,,1200.0,1200.0,100.0,72.0,69.1,0,2026-08-07 06:13,2026-08-07 16:02,,,2026-08-17 23:45:56
2026-08-17,SEM/MO/01118 - Encartonado,ENCARTONADO,Terminada,Sin registro hoy,,,720.0,720.0,100.0,1326.3,135.0,0,2026-08-07 11:23,2026-08-07 11:23,,,2026-08-17 23:45:56
2026-08-17,SEM/MO/01116 - Encartonado,ENCARTONADO,Terminada,Sin registro hoy,,,720.0,720.0,100.0,1326.3,190.0,0,2026-08-07 11:25,2026-08-07 11:25,,,2026-08-17 23:45:56
2026-08-17,SEM/MO/01117 - Encartonado,ENCARTONADO,Terminada,Sin registro hoy,,,360.0,360.0,100.0,663.2,65.0,0,2026-08-07 11:28,2026-08-07 11:28,,,2026-08-17 23:45:56
2026-08-17,SEM/MO/01154 - Encartonado,ENCARTONADO,Terminada,Sin registro hoy,,,1980.0,1980.0,100.0,607.9,75.0,0,2026-08-10 15:12,2026-08-10 15:12,,,2026-08-17 23:45:56
2026-08-17,SEM/MO/01152 - Encartonado,ENCARTONADO,Terminada,Sin registro hoy,,,240.0,240.0,100.0,333.5,70.0,0,2026-08-10 15:15,2026-08-10 15:15,,,2026-08-17 23:45:56
2026-08-17,SEM/MO/01153 - Encartonado,ENCARTONADO,Terminada,Sin registro hoy,,,124.0,124.0,100.0,172.3,40.0,0,2026-08-10 15:18,2026-08-10 15:18,,,2026-08-17 23:45:56
2026-08-17,SEM/MO/01155 - Encartonado,ENCARTONADO,Terminada,Sin registro hoy,,,360.0,360.0,100.0,663.2,70.0,0,2026-08-10 15:32,2026-08-10 15:32,,,2026-08-17 23:45:56
2026-08-17,SEM/MO/01156 - Encartonado,ENCARTONADO,Terminada,Sin registro hoy,,,360.0,360.0,100.0,663.2,60.0,0,2026-08-10 15:49,2026-08-10 15:49,,,2026-08-17 23:45:56
2026-08-17,SEM/MO/01162 - Encartonado,ENCARTONADO,Terminada,Sin registro hoy,,,10260.0,10260.0,100.0,1575.0,205.0,0,2026-08-11 16:30,2026-08-11 16:30,,,2026-08-17 23:45:56
2026-08-17,SEM/MO/01161 - Encartonado,ENCARTONADO,Terminada,Sin registro hoy,,,3420.0,3420.0,100.0,525.0,100.0,0,2026-08-11 16:37,2026-08-11 16:37,,,2026-08-17 23:45:56
2026-08-17,SEM/MO/01160 - Encartonado,ENCARTONADO,Terminada,Sin registro hoy,,,3420.0,3420.0,100.0,525.0,60.0,0,2026-08-11 19:04,2026-08-11 19:04,,,2026-08-17 23:45:56
2026-08-17,SEM/MO/01159 - Encartonado,ENCARTONADO,Terminada,Sin registro hoy,,,3420.0,3420.0,100.0,525.0,65.0,0,2026-08-11 19:08,2026-08-11 19:08,,,2026-08-17 23:45:56
2026-08-17,SEM/MO/01158 - Encartonado,ENCARTONADO,Terminada,Sin registro hoy,,,2160.0,1980.0,91.7,607.9,40.0,0,2026-08-11 19:16,2026-08-11 19:16,,,2026-08-17 23:45:56
2026-08-17,SEM/MO/01163 - Encartonado,ENCARTONADO,Terminada,Sin registro hoy,,,10260.0,10260.0,100.0,1575.0,205.0,0,2026-08-11 19:25,2026-08-11 19:25,,,2026-08-17 23:45:56
2026-08-17,SEM/MO/01164 - Encartonado,ENCARTONADO,Terminada,Sin registro hoy,,,3420.0,3420.0,100.0,525.0,40.0,0,2026-08-11 19:28,2026-08-11 19:28,,,2026-08-17 23:45:56
2026-08-17,SEM/MO/01165 - Encartonado,ENCARTONADO,Terminada,Sin registro hoy,,,3420.0,3420.0,100.0,525.0,75.0,0,2026-08-11 19:35,2026-08-11 19:35,,,2026-08-17 23:45:56
2026-08-17,SEM/MO/01166 - Encartonado,ENCARTONADO,Terminada,Sin registro hoy,,,360.0,360.0,100.0,679.7,65.0,0,2026-08-13 08:45,2026-08-13 08:45,,,2026-08-17 23:45:56
2026-08-17,SEM/MO/01167 - Encartonado,ENCARTONADO,Terminada,Sin registro hoy,,,360.0,360.0,100.0,663.2,65.0,0,2026-08-13 08:57,2026-08-13 08:57,,,2026-08-17 23:45:56
2026-08-17,SEM/MO/01180 - Encartonado,ENCARTONADO,Terminada,Sin registro hoy,,,360.0,360.0,100.0,663.2,65.0,0,2026-08-13 09:30,2026-08-13 09:30,,,2026-08-17 23:45:56
2026-08-17,SEM/MO/01179 - Encartonado,ENCARTONADO,Terminada,Sin registro hoy,,,720.0,720.0,100.0,1326.3,175.0,0,2026-08-13 10:51,2026-08-13 10:51,,,2026-08-17 23:45:56
2026-08-17,SEM/MO/01178 - Encartonado,ENCARTONADO,Terminada,Sin registro hoy,,,360.0,360.0,100.0,663.2,60.0,0,2026-08-13 11:55,2026-08-13 11:55,,,2026-08-17 23:45:56
2026-08-17,SEM/MO/01186 - Encartonado,ENCARTONADO,Terminada,Sin registro hoy,,,600.0,600.0,100.0,900.0,150.0,0,2026-08-14 07:45,2026-08-14 07:45,,,2026-08-17 23:45:56
2026-08-17,SEM/MO/01187 - Encartonado,ENCARTONADO,Terminada,Sin registro hoy,,,290.0,290.0,100.0,435.0,90.0,0,2026-08-14 07:48,2026-08-14 07:48,,,2026-08-17 23:45:56
2026-08-17,SEM/MO/01188 - Encartonado,ENCARTONADO,Terminada,Sin registro hoy,,,210.0,210.0,100.0,315.0,60.0,0,2026-08-14 07:50,2026-08-14 07:50,,,2026-08-17 23:45:56
2026-08-17,SEM/MO/01189 - Encartonado,ENCARTONADO,Terminada,Sin registro hoy,,,160.0,160.0,100.0,240.0,65.0,0,2026-08-14 07:52,2026-08-14 07:52,,,2026-08-17 23:45:56
2026-08-17,SEM/MO/01190 - Encartonado,ENCARTONADO,Terminada,Sin registro hoy,,,210.0,210.0,100.0,315.0,55.0,0,2026-08-14 07:54,2026-08-14 07:54,,,2026-08-17 23:45:56
2026-08-17,SEM/MO/01191 - Encartonado,ENCARTONADO,Terminada,Sin registro hoy,,,210.0,210.0,100.0,315.0,113.7,0,2026-08-14 14:04,2026-08-14 14:04,,,2026-08-17 23:45:56
2026-08-17,SEM/MO/01192 - Encartonado,ENCARTONADO,Terminada,Sin registro hoy,,,1050.0,1050.0,100.0,1575.0,265.0,0,2026-08-17 09:13,2026-08-17 09:13,,,2026-08-17 23:45:56
2026-08-17,SEM/MO/01193 - Encartonado,ENCARTONADO,Terminada,Sin registro hoy,,,420.0,420.0,100.0,630.0,110.0,0,2026-08-17 09:16,2026-08-17 09:16,,,2026-08-17 23:45:56
2026-08-17,SEM/MO/01182 - Encartonado,ENCARTONADO,Lista,Sin registro hoy,,,6840.0,0.0,0.0,1050.0,0.0,0,,,,,2026-08-17 23:45:56
2026-08-17,SEM/MO/00032 - ESCALDADO,ESCALDADO,Terminada,Sin registro hoy,,,770.0,1218.0,158.2,0.0,95.0,0,2026-04-10 12:35,2026-04-10 12:35,,,2026-08-17 23:45:56
2026-08-17,SEM/MO/00056 - Lavado y desinfección,LAVADO 2,Terminada,Sin registro hoy,,,405.0,495.0,122.2,43.7,35.0,0,2026-04-14 12:38,2026-04-14 12:38,,,2026-08-17 23:45:56
2026-08-17,SEM/MO/00276 - Lavado y desinfección,LAVADO 2,Terminada,Sin registro hoy,,,480.0,480.0,100.0,42.4,60.0,0,2026-05-07 12:31,2026-05-07 12:31,,,2026-08-17 23:45:56
2026-08-17,SEM/MO/00378 - Lavado y desinfección,LAVADO 2,Terminada,Sin registro hoy,,,1500.0,1680.0,112.0,148.2,70.0,0,2026-05-19 09:22,2026-05-19 15:40,,,2026-08-17 23:45:56
2026-08-17,SEM/MO/00559 - Lavado y desinfección,LAVADO 2,Terminada,Sin registro hoy,,,1095.0,1095.0,100.0,96.6,133.8,0,2026-06-11 06:46,2026-06-11 16:00,,,2026-08-17 23:45:56
2026-08-17,SEM/MO/00722 - Lavado y desinfección,LAVADO 2,Terminada,Sin registro hoy,,,510.0,510.0,100.0,45.0,16.7,0,2026-07-02 08:14,2026-07-03 09:51,,,2026-08-17 23:45:56
2026-08-17,SEM/MO/00889 - Lavado y desinfección,LAVADO 2,Terminada,Sin registro hoy,,,705.0,630.0,89.4,55.6,15.0,0,2026-07-21 08:45,2026-07-21 08:45,,,2026-08-17 23:45:56
2026-08-17,SEM/MO/00914 - Pasteurizado,PASTEURIZACIÓN,Terminada,Sin registro hoy,,,200.0,528.0,264.0,63.9,64.5,0,2026-07-24 01:45,2026-07-27 12:06,,,2026-08-17 23:45:56
2026-08-17,SEM/MO/00953 - Despulpado y refinado,PULPEADO,Terminada,Sin registro hoy,,,5400.0,3724.0,69.0,186.2,265.2,0,2026-07-27 07:40,2026-07-30 21:02,,,2026-08-17 23:45:56
2026-08-17,SEM/MO/01027 - Lavado y desinfección,LAVADO 2,Terminada,Sin registro hoy,,,1200.0,1200.0,100.0,33.1,10.0,0,2026-07-31 14:29,2026-07-31 14:29,,,2026-08-17 23:45:56
2026-08-17,SEM/MO/00959 - Lavado y desinfección,LAVADO 2,Terminada,Sin registro hoy,,,4500.0,4460.0,99.1,122.9,155.0,0,2026-07-31 15:50,2026-07-31 15:50,,,2026-08-17 23:45:56
2026-08-17,SEM/MO/01125 - Lavado y desinfección,LAVADO 2,Terminada,Sin registro hoy,,,1200.0,1200.0,100.0,105.9,17.7,0,2026-08-07 07:57,2026-08-07 16:02,,,2026-08-17 23:45:56
2026-08-17,SEM/MO/00032 - REFINADO,PULPEADO,Terminada,Sin registro hoy,,,770.0,1218.0,158.2,0.0,50.0,0,2026-04-10 12:35,2026-04-10 12:35,,,2026-08-17 23:45:56
2026-08-17,SEM/MO/00056 - Despulpado y refinado,PULPEADO,Terminada,Sin registro hoy,,,405.0,495.0,122.2,82.5,70.0,0,2026-04-14 12:38,2026-04-14 12:38,,,2026-08-17 23:45:56
2026-08-17,SEM/MO/00276 - Despulpado y refinado,PULPEADO,Terminada,Sin registro hoy,,,480.0,480.0,100.0,80.0,90.0,0,2026-05-07 12:31,2026-05-07 12:31,,,2026-08-17 23:45:56
2026-08-17,SEM/MO/00287 - Despulpado y refinado,PULPEADO,Terminada,Sin registro hoy,,,1110.0,1170.0,105.4,195.0,50.0,0,2026-05-07 16:06,2026-05-07 16:06,,,2026-08-17 23:45:56
2026-08-17,SEM/MO/00378 - Despulpado y refinado,PULPEADO,Terminada,Sin registro hoy,,,1500.0,1680.0,112.0,280.0,220.0,0,2026-05-19 11:51,2026-05-19 15:40,,,2026-08-17 23:45:56
2026-08-17,SEM/MO/00397 - Despulpado y refinado,PULPEADO,Terminada,Sin registro hoy,,,600.0,600.0,100.0,100.0,100.0,0,2026-05-21 06:19,2026-05-22 09:41,,,2026-08-17 23:45:56
2026-08-17,SEM/MO/00559 - Despulpado y refinado,PULPEADO,Terminada,Sin registro hoy,,,1095.0,1095.0,100.0,182.5,172.9,0,2026-06-11 06:52,2026-06-11 16:00,,,2026-08-17 23:45:56
2026-08-17,SEM/MO/00722 - Despulpado y refinado,PULPEADO,Terminada,Sin registro hoy,,,510.0,510.0,100.0,85.0,52.3,0,2026-07-02 08:13,2026-07-03 09:51,,,2026-08-17 23:45:56
2026-08-17,SEM/MO/00889 - Despulpado y refinado,PULPEADO,Terminada,Sin registro hoy,,,705.0,630.0,89.4,105.0,30.0,0,2026-07-21 08:46,2026-07-21 08:46,,,2026-08-17 23:45:56
2026-08-17,SEM/MO/00914 - Envasado Manual,ENVASADO MANUAL,Terminada,Sin registro hoy,,,200.0,528.0,264.0,31.7,49.3,0,2026-07-24 02:05,2026-07-27 12:47,,,2026-08-17 23:45:56
2026-08-17,SEM/MO/00953 - Pasteurizado,PASTEURIZACIÓN,Terminada,Sin registro hoy,,,5400.0,3724.0,69.0,124.1,215.4,0,2026-07-27 09:56,2026-07-30 21:02,,,2026-08-17 23:45:56
2026-08-17,SEM/MO/01027 - Despulpado y refinado,PULPEADO,Terminada,Sin registro hoy,,,1200.0,1200.0,100.0,50.0,42.0,0,2026-07-30 12:18,2026-07-31 14:24,,,2026-08-17 23:45:56
2026-08-17,SEM/MO/00959 - Despulpado y refinado,PULPEADO,Terminada,Sin registro hoy,,,4500.0,4460.0,99.1,185.8,95.0,0,2026-07-31 15:50,2026-07-31 15:50,,,2026-08-17 23:45:56
2026-08-17,SEM/MO/01125 - Despulpado y refinado,PULPEADO,Terminada,Sin registro hoy,,,1200.0,1200.0,100.0,200.0,53.0,0,2026-08-07 07:22,2026-08-07 16:02,,,2026-08-17 23:45:56
2026-08-17,SEM/MO/00032 - CALENTAMIENTO,PASTEURIZACIÓN,Terminada,Sin registro hoy,,,770.0,1218.0,158.2,0.0,70.0,0,2026-04-10 12:35,2026-04-10 12:35,,,2026-08-17 23:45:56
2026-08-17,SEM/MO/00056 - Pasteurizado,PASTEURIZACIÓN,Terminada,Sin registro hoy,,,405.0,495.0,122.2,59.9,35.0,0,2026-04-14 12:38,2026-04-14 12:38,,,2026-08-17 23:45:56
2026-08-17,SEM/MO/00172 - Pasteurizado,PASTEURIZACIÓN,Terminada,Sin registro hoy,,,270.0,270.0,100.0,32.7,35.0,0,2026-04-23 14:28,2026-04-23 14:28,,,2026-08-17 23:45:56
2026-08-17,SEM/MO/00277 - Pasteurizado,PASTEURIZACIÓN,Terminada,Sin registro hoy,,,2010.0,2010.0,100.0,243.2,380.0,0,2026-05-07 12:11,2026-05-07 12:11,,,2026-08-17 23:45:56
2026-08-17,SEM/MO/00276 - Pasteurizado,PASTEURIZACIÓN,Terminada,Sin registro hoy,,,480.0,480.0,100.0,58.1,50.0,0,2026-05-07 12:31,2026-05-07 12:31,,,2026-08-17 23:45:56
2026-08-17,SEM/MO/00287 - Pasteurizado,PASTEURIZACIÓN,Terminada,Sin registro hoy,,,1110.0,1170.0,105.4,141.6,120.0,0,2026-05-07 16:06,2026-05-07 16:06,,,2026-08-17 23:45:56
2026-08-17,SEM/MO/00378 - Pasteurizado,PASTEURIZACIÓN,Terminada,Sin registro hoy,,,1500.0,1680.0,112.0,203.3,325.0,0,2026-05-19 15:40,2026-05-19 15:40,,,2026-08-17 23:45:56
2026-08-17,SEM/MO/00397 - Pasteurizado,PASTEURIZACIÓN,Terminada,Sin registro hoy,,,600.0,600.0,100.0,72.6,118.9,0,2026-05-21 16:36,2026-05-22 09:41,,,2026-08-17 23:45:56
2026-08-17,SEM/MO/00559 - Pasteurizado,PASTEURIZACIÓN,Terminada,Sin registro hoy,,,1095.0,1095.0,100.0,132.5,129.7,0,2026-06-11 06:13,2026-06-11 16:00,,,2026-08-17 23:45:56
2026-08-17,SEM/MO/00722 - Pasteurizado,PASTEURIZACIÓN,Terminada,Sin registro hoy,,,510.0,510.0,100.0,61.7,162.3,0,2026-07-02 11:09,2026-07-03 09:51,,,2026-08-17 23:45:56
2026-08-17,SEM/MO/00889 - Pasteurizado,PASTEURIZACIÓN,Terminada,Sin registro hoy,,,705.0,630.0,89.4,76.2,91.8,0,2026-07-20 07:40,2026-07-21 08:47,,,2026-08-17 23:45:56
2026-08-17,SEM/MO/00953 - Envasado Automático,DOSIFICADO AUTOMÁTICO,Terminada,Sin registro hoy,,,5400.0,3724.0,69.0,124.1,284.4,0,2026-07-27 11:06,2026-07-30 21:02,,,2026-08-17 23:45:56
2026-08-17,SEM/MO/01027 - Pasteurizado,PASTEURIZACIÓN,Terminada,Sin registro hoy,,,1200.0,1200.0,100.0,36.4,26.0,0,2026-07-31 14:52,2026-07-31 14:52,,,2026-08-17 23:45:56
2026-08-17,SEM/MO/00959 - Pasteurizado,PASTEURIZACIÓN,Terminada,Sin registro hoy,,,4500.0,4460.0,99.1,135.2,115.0,0,2026-07-31 15:51,2026-07-31 15:51,,,2026-08-17 23:45:56
2026-08-17,SEM/MO/01125 - Pasteurizado,PASTEURIZACIÓN,Terminada,Sin registro hoy,,,1200.0,1200.0,100.0,145.2,302.0,0,2026-08-07 07:22,2026-08-07 16:02,,,2026-08-17 23:45:56
2026-08-17,SEM/MO/00032 - ENVASADO,ENVASADO MANUAL,Terminada,Sin registro hoy,,,770.0,1218.0,158.2,0.0,80.0,0,2026-04-10 12:35,2026-04-10 12:35,,,2026-08-17 23:45:56
2026-08-17,SEM/MO/00056 - Envasado manual,ENVASADO MANUAL,Terminada,Sin registro hoy,,,405.0,495.0,122.2,29.7,29.4,0,2026-04-14 12:38,2026-04-14 12:38,,,2026-08-17 23:45:56
2026-08-17,SEM/MO/00172 - Envasado manual,ENVASADO MANUAL,Terminada,Sin registro hoy,,,270.0,270.0,100.0,16.2,30.0,0,2026-04-23 14:28,2026-04-23 14:28,,,2026-08-17 23:45:56
2026-08-17,SEM/MO/00277 - Envasado manual,ENVASADO MANUAL,Terminada,Sin registro hoy,,,2010.0,2010.0,100.0,120.6,155.0,0,2026-05-07 12:11,2026-05-07 12:11,,,2026-08-17 23:45:56
2026-08-17,SEM/MO/00276 - Envasado manual,ENVASADO MANUAL,Terminada,Sin registro hoy,,,480.0,480.0,100.0,28.8,30.0,0,2026-05-07 12:31,2026-05-07 12:31,,,2026-08-17 23:45:56
2026-08-17,SEM/MO/00287 - Envasado manual,ENVASADO MANUAL,Terminada,Sin registro hoy,,,1110.0,1170.0,105.4,70.2,85.0,0,2026-05-07 16:06,2026-05-07 16:06,,,2026-08-17 23:45:56
2026-08-17,SEM/MO/00378 - Envasado manual,ENVASADO MANUAL,Terminada,Sin registro hoy,,,1500.0,1680.0,112.0,100.8,170.0,0,2026-05-19 15:40,2026-05-19 15:40,,,2026-08-17 23:45:56
2026-08-17,SEM/MO/00397 - Envasado manual,ENVASADO MANUAL,Terminada,Sin registro hoy,,,600.0,690.0,115.0,41.4,112.0,0,2026-05-21 10:52,2026-05-26 10:08,,,2026-08-17 23:45:56
2026-08-17,SEM/MO/00559 - Envasado manual,ENVASADO MANUAL,Terminada,Sin registro hoy,,,1095.0,1095.0,100.0,65.7,90.0,0,2026-06-11 12:26,2026-06-11 16:00,,,2026-08-17 23:45:56
2026-08-17,SEM/MO/00722 - Envasado manual,ENVASADO MANUAL,Terminada,Sin registro hoy,,,510.0,510.0,100.0,30.6,57.6,0,2026-07-02 13:06,2026-07-03 09:51,,,2026-08-17 23:45:56
2026-08-17,SEM/MO/00889 - Envasado manual,ENVASADO MANUAL,Terminada,Sin registro hoy,,,705.0,630.0,89.4,37.8,127.3,0,2026-07-20 08:39,2026-07-21 08:47,,,2026-08-17 23:45:56
2026-08-17,SEM/MO/00953 - Liberacion,LIMPIEZA,Terminada,Sin registro hoy,,,5400.0,3724.0,69.0,0.0,36.9,0,2026-07-27 07:02,2026-07-30 21:02,,,2026-08-17 23:45:56
2026-08-17,SEM/MO/01027 - Dosificado manual,DOSIFICADO MANUAL,Terminada,Sin registro hoy,,,1200.0,1200.0,100.0,25.2,24.7,0,2026-07-30 18:45,2026-07-31 14:24,,,2026-08-17 23:45:56
2026-08-17,SEM/MO/00959 - Dosificado manual,DOSIFICADO MANUAL,Terminada,Sin registro hoy,,,4500.0,4460.0,99.1,93.6,120.0,0,2026-07-31 15:53,2026-07-31 15:53,,,2026-08-17 23:45:56
2026-08-17,SEM/MO/01125 - Envasado manual,ENVASADO MANUAL,Terminada,Sin registro hoy,,,1200.0,1200.0,100.0,72.0,220.9,0,2026-08-07 08:34,2026-08-07 16:04,,,2026-08-17 23:45:56
2026-08-17,SEM/MO/00287 - Escaldado,ESCALDADO,Terminada,Sin registro hoy,,,1110.0,1170.0,105.4,0.0,60.0,0,2026-05-07 16:06,2026-05-07 16:06,,,2026-08-17 23:45:56
2026-08-17,SEM/MO/00397 - Escaldado,ESCALDADO,Terminada,Sin registro hoy,,,600.0,690.0,115.0,0.0,75.0,0,2026-05-22 10:35,2026-05-26 10:08,,,2026-08-17 23:45:56
2026-08-17,SEM/MO/01027 - Etiquetado manual,ETIQUETADO,Terminada,Sin registro hoy,,,1200.0,1200.0,100.0,36.0,43.4,0,2026-07-30 15:22,2026-07-30 16:06,,,2026-08-17 23:45:56
2026-08-17,SEM/MO/00959 - Etiquetado manual,ETIQUETADO,Terminada,Sin registro hoy,,,4500.0,4460.0,99.1,133.8,70.0,0,2026-07-31 15:53,2026-07-31 15:53,,,2026-08-17 23:45:56
2026-08-17,SEM/MO/01125 - Tachos,TACHOS,Terminada,Sin registro hoy,,,1200.0,1200.0,100.0,0.0,127.0,0,2026-08-07 06:15,2026-08-07 16:05,,,2026-08-17 23:45:56
2026-08-17,SEM/MO/00397 - Lavado de envases,TACHOS,Terminada,Sin registro hoy,,,600.0,690.0,115.0,0.0,145.6,0,2026-05-22 10:35,2026-05-26 10:08,,,2026-08-17 23:45:56
