orden_produccion,producto,unidad,lote,qty_planificada,qty_producida,avance_pct,estado_produccion,fecha_produccion,fecha_inicio,fecha_fin,tiene_bom,orden_trabajo,centro_trabajo,estado_ot,duracion_esperada_min,duracion_real_min,ot_fecha_inicio,ot_fecha_fin,actualizado
SEM/MO/00001,[PULP016] PULPA DE FRESA 16 KG,kg,L0912603,1500.0,1104.0,100.0,Terminada,2026-04-01,2026-04-07 09:46,2026-04-07 09:46,Sí,Liberación ,LIMPIEZA,Terminada,66.2,55.0,2026-04-07 09:46,2026-04-07 09:46,2026-07-16 18:30:24
SEM/MO/00001,[PULP016] PULPA DE FRESA 16 KG,kg,L0912603,1500.0,1104.0,100.0,Terminada,2026-04-01,2026-04-07 09:46,2026-04-07 09:46,Sí,Lavado y desinfección,LAVADO 2,Terminada,97.4,80.0,2026-04-07 09:46,2026-04-07 09:46,2026-07-16 18:30:24
SEM/MO/00001,[PULP016] PULPA DE FRESA 16 KG,kg,L0912603,1500.0,1104.0,100.0,Terminada,2026-04-01,2026-04-07 09:46,2026-04-07 09:46,Sí,Despulpado y refinado,PULPEADO,Terminada,184.0,190.0,2026-04-07 09:46,2026-04-07 09:46,2026-07-16 18:30:24
SEM/MO/00001,[PULP016] PULPA DE FRESA 16 KG,kg,L0912603,1500.0,1104.0,100.0,Terminada,2026-04-01,2026-04-07 09:46,2026-04-07 09:46,Sí,Pasteurizado,PASTEURIZACIÓN,Terminada,133.6,35.0,2026-04-07 09:46,2026-04-07 09:46,2026-07-16 18:30:24
SEM/MO/00001,[PULP016] PULPA DE FRESA 16 KG,kg,L0912603,1500.0,1104.0,100.0,Terminada,2026-04-01,2026-04-07 09:46,2026-04-07 09:46,Sí,Envasado Manual,ENVASADO MANUAL,Terminada,66.2,50.0,2026-04-07 09:46,2026-04-07 09:46,2026-07-16 18:30:24
SEM/MO/00003,[PTEC002] PULPA DE GUANABANA GOYA USA UNIDAD 397 g,Units,HF PB 083 26,11350.0,11571.0,100.0,Terminada,2026-04-01,2026-04-07 12:13,2026-04-07 12:13,Sí,Liberación ,LIMPIEZA,Terminada,826.9,155.0,2026-04-07 12:13,2026-04-07 12:13,2026-07-16 18:30:24
SEM/MO/00003,[PTEC002] PULPA DE GUANABANA GOYA USA UNIDAD 397 g,Units,HF PB 083 26,11350.0,11571.0,100.0,Terminada,2026-04-01,2026-04-07 12:13,2026-04-07 12:13,Sí,Escaldado/descongelado,ESCALDADO,Terminada,1000.8,285.0,2026-04-07 12:13,2026-04-07 12:13,2026-07-16 18:30:24
SEM/MO/00003,[PTEC002] PULPA DE GUANABANA GOYA USA UNIDAD 397 g,Units,HF PB 083 26,11350.0,11571.0,100.0,Terminada,2026-04-01,2026-04-07 12:13,2026-04-07 12:13,Sí,Despulpado y refinado,PULPEADO,Terminada,765.6,185.0,2026-04-07 12:13,2026-04-07 12:13,2026-07-16 18:30:24
SEM/MO/00003,[PTEC002] PULPA DE GUANABANA GOYA USA UNIDAD 397 g,Units,HF PB 083 26,11350.0,11571.0,100.0,Terminada,2026-04-01,2026-04-07 12:13,2026-04-07 12:13,Sí,Homogenizado,HOMOGENIZACIÓN,Terminada,114.8,80.0,2026-04-07 12:13,2026-04-07 12:13,2026-07-16 18:30:24
SEM/MO/00003,[PTEC002] PULPA DE GUANABANA GOYA USA UNIDAD 397 g,Units,HF PB 083 26,11350.0,11571.0,100.0,Terminada,2026-04-01,2026-04-07 12:13,2026-04-07 12:13,Sí,Pasteurizado,PASTEURIZACIÓN,Terminada,556.8,140.0,2026-04-07 12:13,2026-04-07 12:13,2026-07-16 18:30:24
SEM/MO/00003,[PTEC002] PULPA DE GUANABANA GOYA USA UNIDAD 397 g,Units,HF PB 083 26,11350.0,11571.0,100.0,Terminada,2026-04-01,2026-04-07 12:13,2026-04-07 12:13,Sí,Dosificado Automático,DOSIFICADO AUTOMÁTICO,Terminada,578.5,335.0,2026-04-07 12:13,2026-04-07 12:13,2026-07-16 18:30:24
SEM/MO/00003,[PTEC002] PULPA DE GUANABANA GOYA USA UNIDAD 397 g,Units,HF PB 083 26,11350.0,11571.0,100.0,Terminada,2026-04-01,2026-04-07 12:13,2026-04-07 12:13,Sí,Dosificado manual ,DOSIFICADO MANUAL,Terminada,612.5,175.0,2026-04-07 12:13,2026-04-07 12:13,2026-07-16 18:30:24
SEM/MO/00003,[PTEC002] PULPA DE GUANABANA GOYA USA UNIDAD 397 g,Units,HF PB 083 26,11350.0,11571.0,100.0,Terminada,2026-04-01,2026-04-07 12:13,2026-04-07 12:13,Sí,Etiquetado manual,ETIQUETADO,Terminada,347.1,125.0,2026-04-07 12:13,2026-04-07 12:13,2026-07-16 18:30:24
SEM/MO/00002,[PTEC018] PULPA DE GUANABANA MERICA UNIDAD 250 g,Units,L0912615,9750.0,10806.0,100.0,Terminada,2026-04-01,2026-04-07 12:29,2026-04-07 12:29,Sí,Liberación ,LIMPIEZA,Terminada,486.3,309.2,2026-04-07 12:29,2026-04-07 12:29,2026-07-16 18:30:24
SEM/MO/00002,[PTEC018] PULPA DE GUANABANA MERICA UNIDAD 250 g,Units,L0912615,9750.0,10806.0,100.0,Terminada,2026-04-01,2026-04-07 12:29,2026-04-07 12:29,Sí,Escaldado/descongelado,ESCALDADO,Terminada,588.6,340.2,2026-04-07 12:29,2026-04-07 12:29,2026-07-16 18:30:24
SEM/MO/00002,[PTEC018] PULPA DE GUANABANA MERICA UNIDAD 250 g,Units,L0912615,9750.0,10806.0,100.0,Terminada,2026-04-01,2026-04-07 12:29,2026-04-07 12:29,Sí,Despulpado y refinado,PULPEADO,Terminada,450.2,335.1,2026-04-07 12:29,2026-04-07 12:29,2026-07-16 18:30:24
SEM/MO/00002,[PTEC018] PULPA DE GUANABANA MERICA UNIDAD 250 g,Units,L0912615,9750.0,10806.0,100.0,Terminada,2026-04-01,2026-04-07 12:29,2026-04-07 12:29,Sí,Calentamiento,CALENTAMIENTO,Terminada,327.4,220.0,2026-04-07 12:29,2026-04-07 12:29,2026-07-16 18:30:24
SEM/MO/00002,[PTEC018] PULPA DE GUANABANA MERICA UNIDAD 250 g,Units,L0912615,9750.0,10806.0,100.0,Terminada,2026-04-01,2026-04-07 12:29,2026-04-07 12:29,Sí,Dosificado manual ,DOSIFICADO MANUAL,Terminada,226.8,320.0,2026-04-07 12:29,2026-04-07 12:29,2026-07-16 18:30:24
SEM/MO/00002,[PTEC018] PULPA DE GUANABANA MERICA UNIDAD 250 g,Units,L0912615,9750.0,10806.0,100.0,Terminada,2026-04-01,2026-04-07 12:29,2026-04-07 12:29,Sí,Etiquetado manual,ETIQUETADO,Terminada,324.2,324.2,2026-04-07 12:29,2026-04-07 12:29,2026-07-16 18:30:24
SEM/MO/00009,[PTEC021] TOMATE DE ARBOL ENTERO MERICA UNIDAD 500 g,Units,L0902615,2600.0,2452.0,100.0,Terminada,2026-04-01,2026-04-07 12:55,2026-04-07 12:55,Sí,Liberación ,LIMPIEZA,Terminada,220.7,15.0,2026-04-07 12:55,2026-04-07 12:55,2026-07-16 18:30:24
SEM/MO/00009,[PTEC021] TOMATE DE ARBOL ENTERO MERICA UNIDAD 500 g,Units,L0902615,2600.0,2452.0,100.0,Terminada,2026-04-01,2026-04-07 12:55,2026-04-07 12:55,Sí,Lavado y desinfección,LAVADO 2,Terminada,155.2,145.0,2026-04-07 12:55,2026-04-07 12:55,2026-07-16 18:30:24
SEM/MO/00009,[PTEC021] TOMATE DE ARBOL ENTERO MERICA UNIDAD 500 g,Units,L0902615,2600.0,2452.0,100.0,Terminada,2026-04-01,2026-04-07 12:55,2026-04-07 12:55,Sí,Enfundado 1,ENFUNDADO 1,Terminada,613.0,350.3,2026-04-07 12:55,2026-04-07 12:55,2026-07-16 18:30:24
SEM/MO/00009,[PTEC021] TOMATE DE ARBOL ENTERO MERICA UNIDAD 500 g,Units,L0902615,2600.0,2452.0,100.0,Terminada,2026-04-01,2026-04-07 12:55,2026-04-07 12:55,Sí,Etiquetado manual,ETIQUETADO,Terminada,73.6,155.0,2026-04-07 12:55,2026-04-07 12:55,2026-07-16 18:30:24
SEM/MO/00015,[REP-PTEC021] (Reproceso) TOMATE DE ARBOL ENTERO MERICA UNIDAD 500 g,,,120.0,120.0,100.0,Terminada,2026-04-01,2026-04-07 12:59,2026-04-07 13:05,No,,,,,,,,2026-07-16 18:30:24
SEM/MO/00016,[PTEC021] TOMATE DE ARBOL ENTERO MERICA UNIDAD 500 g,Units,L0772615,120.0,120.0,100.0,Terminada,2026-04-01,2026-04-07 13:08,2026-04-07 13:08,Sí,Liberación ,LIMPIEZA,Terminada,10.8,10.8,2026-04-07 13:08,2026-04-07 13:08,2026-07-16 18:30:24
SEM/MO/00016,[PTEC021] TOMATE DE ARBOL ENTERO MERICA UNIDAD 500 g,Units,L0772615,120.0,120.0,100.0,Terminada,2026-04-01,2026-04-07 13:08,2026-04-07 13:08,Sí,Lavado y desinfección,LAVADO 2,Terminada,7.6,7.6,2026-04-07 13:08,2026-04-07 13:08,2026-07-16 18:30:24
SEM/MO/00016,[PTEC021] TOMATE DE ARBOL ENTERO MERICA UNIDAD 500 g,Units,L0772615,120.0,120.0,100.0,Terminada,2026-04-01,2026-04-07 13:08,2026-04-07 13:08,Sí,Enfundado 1,ENFUNDADO 1,Terminada,30.0,30.0,2026-04-07 13:08,2026-04-07 13:08,2026-07-16 18:30:24
SEM/MO/00016,[PTEC021] TOMATE DE ARBOL ENTERO MERICA UNIDAD 500 g,Units,L0772615,120.0,120.0,100.0,Terminada,2026-04-01,2026-04-07 13:08,2026-04-07 13:08,Sí,Etiquetado manual,ETIQUETADO,Terminada,3.6,3.6,2026-04-07 13:08,2026-04-07 13:08,2026-07-16 18:30:24
SEM/MO/00010,[PTEXP004] GUAVA PULP 12 X 14 OZ,Units,HF PB 071 26,5040.0,5040.0,100.0,Terminada,2026-04-01,2026-04-07 14:05,2026-04-07 14:05,Sí,Encartonado,ENCARTONADO,Terminada,630.0,120.0,2026-04-07 14:05,2026-04-07 14:05,2026-07-16 18:30:24
SEM/MO/00011,[PTEXP004] GUAVA PULP 12 X 14 OZ,Units,HF PB 085 26,5040.0,5040.0,100.0,Terminada,2026-04-01,2026-04-07 14:18,2026-04-07 14:18,Sí,Encartonado,ENCARTONADO,Terminada,630.0,100.0,2026-04-07 14:18,2026-04-07 14:18,2026-07-16 18:30:24
SEM/MO/00013,[P_TEXP003-1] NARANJILLA PULP 12 X 14 OZ (no usar),Units,HF PB 072 26,2520.0,2520.0,100.0,Terminada,2026-04-01,2026-04-07 14:42,2026-04-07 14:43,Sí,Encartonado,ENCARTONADO,Terminada,315.0,100.0,2026-04-07 14:42,2026-04-07 14:42,2026-07-16 18:30:24
SEM/MO/00017,[PTEXP012] Pulpa Mango America x 250 gr (CAJAS 10 UDS),Units,L0792615,10260.0,10260.0,100.0,Terminada,2026-04-02,2026-04-07 18:01,2026-04-07 18:01,Sí,Encartonado,ENCARTONADO,Terminada,1575.0,300.0,2026-04-07 18:01,2026-04-07 18:01,2026-07-16 18:30:24
SEM/MO/00018,[PTEXP013] Pulpa Tomate de Árbol America x 250 gr (CAJAS 10 UDS),Units,L0772615 ,6840.0,6840.0,100.0,Terminada,2026-04-02,2026-04-07 18:02,2026-04-07 18:02,Sí,Encartonado,ENCARTONADO,Terminada,1050.0,175.0,2026-04-07 18:02,2026-04-07 18:02,2026-07-16 18:30:24
SEM/MO/00007,[PTEXP018] Pulpa Guanabana America x 250 gr (CAJAS 10 UDS),Units,L0752615,6840.0,6840.0,100.0,Terminada,2026-04-06,2026-04-07 18:24,2026-04-07 18:24,Sí,Encartonado,ENCARTONADO,Terminada,1050.0,180.0,2026-04-07 18:24,2026-04-07 18:24,2026-07-16 18:30:24
SEM/MO/00008,[PTEXP016] Pulpa Mora America x 250 gr (CAJAS 10 UDS),Units,L0702615,3420.0,3420.0,100.0,Terminada,2026-04-06,2026-04-07 18:26,2026-04-07 18:26,Sí,Encartonado,ENCARTONADO,Terminada,525.0,230.0,2026-04-07 18:26,2026-04-07 18:26,2026-07-16 18:30:24
SEM/MO/00014,[PTEC019] PULPA DE LULO MERICA UNIDAD 250 g,Units,L0922615,28500.0,25703.0,100.0,Terminada,2026-04-02,2026-04-07 18:29,2026-04-07 18:29,Sí,Liberación ,LIMPIEZA,Terminada,1156.6,385.0,2026-04-07 18:29,2026-04-07 18:29,2026-07-16 18:30:24
SEM/MO/00014,[PTEC019] PULPA DE LULO MERICA UNIDAD 250 g,Units,L0922615,28500.0,25703.0,100.0,Terminada,2026-04-02,2026-04-07 18:29,2026-04-07 18:29,Sí,Proceso Manual ,DESPITONADO,Terminada,6073.9,459.4,2026-04-07 18:29,2026-04-07 18:29,2026-07-16 18:30:24
SEM/MO/00014,[PTEC019] PULPA DE LULO MERICA UNIDAD 250 g,Units,L0922615,28500.0,25703.0,100.0,Terminada,2026-04-02,2026-04-07 18:29,2026-04-07 18:29,Sí,Lavado y desinfección,LAVADO 2,Terminada,683.0,465.0,2026-04-07 18:29,2026-04-07 18:29,2026-07-16 18:30:24
SEM/MO/00014,[PTEC019] PULPA DE LULO MERICA UNIDAD 250 g,Units,L0922615,28500.0,25703.0,100.0,Terminada,2026-04-02,2026-04-07 18:29,2026-04-07 18:29,Sí,Escaldado/descongelado,ESCALDADO,Terminada,1285.7,410.3,2026-04-07 18:29,2026-04-07 18:29,2026-07-16 18:30:24
SEM/MO/00014,[PTEC019] PULPA DE LULO MERICA UNIDAD 250 g,Units,L0922615,28500.0,25703.0,100.0,Terminada,2026-04-02,2026-04-07 18:29,2026-04-07 18:29,Sí,Despulpado y refinado,PULPEADO,Terminada,1071.0,464.8,2026-04-07 18:29,2026-04-07 18:29,2026-07-16 18:30:24
SEM/MO/00014,[PTEC019] PULPA DE LULO MERICA UNIDAD 250 g,Units,L0922615,28500.0,25703.0,100.0,Terminada,2026-04-02,2026-04-07 18:29,2026-04-07 18:29,Sí,Calentamiento,CALENTAMIENTO,Terminada,778.9,470.1,2026-04-07 18:29,2026-04-07 18:29,2026-07-16 18:30:24
SEM/MO/00014,[PTEC019] PULPA DE LULO MERICA UNIDAD 250 g,Units,L0922615,28500.0,25703.0,100.0,Terminada,2026-04-02,2026-04-07 18:29,2026-04-07 18:29,Sí,Dosificado manual ,DOSIFICADO MANUAL,Terminada,539.5,600.4,2026-04-07 18:29,2026-04-07 18:29,2026-07-16 18:30:24
SEM/MO/00014,[PTEC019] PULPA DE LULO MERICA UNIDAD 250 g,Units,L0922615,28500.0,25703.0,100.0,Terminada,2026-04-02,2026-04-07 18:29,2026-04-07 18:29,Sí,Etiquetado manual,ETIQUETADO,Terminada,771.1,534.3,2026-04-07 18:29,2026-04-07 18:29,2026-07-16 18:30:24
SEM/MO/00004,[PTEC014] MARACUYA CON PEPAS MERICA UNIDAD 500 g,Units,L0962615,600.0,812.0,100.0,Terminada,2026-04-06,2026-04-07 18:42,2026-04-07 18:42,Sí,Liberación ,LIMPIEZA,Terminada,73.1,565.7,2026-04-07 18:42,2026-04-07 18:42,2026-07-16 18:30:24
SEM/MO/00004,[PTEC014] MARACUYA CON PEPAS MERICA UNIDAD 500 g,Units,L0962615,600.0,812.0,100.0,Terminada,2026-04-06,2026-04-07 18:42,2026-04-07 18:42,Sí,Lavado y desinfección,LAVADO 2,Terminada,93.3,45.0,2026-04-07 18:42,2026-04-07 18:42,2026-07-16 18:30:24
SEM/MO/00004,[PTEC014] MARACUYA CON PEPAS MERICA UNIDAD 500 g,Units,L0962615,600.0,812.0,100.0,Terminada,2026-04-06,2026-04-07 18:42,2026-04-07 18:42,Sí,Despulpado manual,DESPULPADO MANUAL,Terminada,1432.9,509.4,2026-04-07 18:42,2026-04-07 18:42,2026-07-16 18:30:24
SEM/MO/00004,[PTEC014] MARACUYA CON PEPAS MERICA UNIDAD 500 g,Units,L0962615,600.0,812.0,100.0,Terminada,2026-04-06,2026-04-07 18:42,2026-04-07 18:42,Sí,Dosificado manual ,DOSIFICADO MANUAL,Terminada,34.1,90.0,2026-04-07 18:42,2026-04-07 18:42,2026-07-16 18:30:24
SEM/MO/00004,[PTEC014] MARACUYA CON PEPAS MERICA UNIDAD 500 g,Units,L0962615,600.0,812.0,100.0,Terminada,2026-04-06,2026-04-07 18:42,2026-04-07 18:42,Sí,Etiquetado manual,ETIQUETADO,Terminada,24.4,25.0,2026-04-07 18:42,2026-04-07 18:42,2026-07-16 18:30:24
SEM/MO/00019,[REP-PTEC018] (Reproceso) PULPA DE GUANABANA MERICA UNIDAD 250 g,,,1211.0,1211.0,100.0,Terminada,2026-04-01,2026-04-07 18:44,2026-04-07 18:49,No,,,,,,,,2026-07-16 18:30:24
SEM/MO/00020,[PTEC018] PULPA DE GUANABANA MERICA UNIDAD 250 g,Units,L0752615-PTEC018,1211.0,1211.0,100.0,Terminada,2026-04-01,2026-04-07 18:51,2026-04-07 18:51,Sí,Liberación ,LIMPIEZA,Terminada,54.5,54.5,2026-04-07 18:51,2026-04-07 18:51,2026-07-16 18:30:24
SEM/MO/00020,[PTEC018] PULPA DE GUANABANA MERICA UNIDAD 250 g,Units,L0752615-PTEC018,1211.0,1211.0,100.0,Terminada,2026-04-01,2026-04-07 18:51,2026-04-07 18:51,Sí,Escaldado/descongelado,ESCALDADO,Terminada,66.0,66.0,2026-04-07 18:51,2026-04-07 18:51,2026-07-16 18:30:24
SEM/MO/00020,[PTEC018] PULPA DE GUANABANA MERICA UNIDAD 250 g,Units,L0752615-PTEC018,1211.0,1211.0,100.0,Terminada,2026-04-01,2026-04-07 18:51,2026-04-07 18:51,Sí,Despulpado y refinado,PULPEADO,Terminada,50.5,50.5,2026-04-07 18:51,2026-04-07 18:51,2026-07-16 18:30:24
SEM/MO/00020,[PTEC018] PULPA DE GUANABANA MERICA UNIDAD 250 g,Units,L0752615-PTEC018,1211.0,1211.0,100.0,Terminada,2026-04-01,2026-04-07 18:51,2026-04-07 18:51,Sí,Calentamiento,CALENTAMIENTO,Terminada,36.7,36.7,2026-04-07 18:51,2026-04-07 18:51,2026-07-16 18:30:24
SEM/MO/00020,[PTEC018] PULPA DE GUANABANA MERICA UNIDAD 250 g,Units,L0752615-PTEC018,1211.0,1211.0,100.0,Terminada,2026-04-01,2026-04-07 18:51,2026-04-07 18:51,Sí,Dosificado manual ,DOSIFICADO MANUAL,Terminada,25.4,25.4,2026-04-07 18:51,2026-04-07 18:51,2026-07-16 18:30:24
SEM/MO/00020,[PTEC018] PULPA DE GUANABANA MERICA UNIDAD 250 g,Units,L0752615-PTEC018,1211.0,1211.0,100.0,Terminada,2026-04-01,2026-04-07 18:51,2026-04-07 18:51,Sí,Etiquetado manual,ETIQUETADO,Terminada,36.3,36.3,2026-04-07 18:51,2026-04-07 18:51,2026-07-16 18:30:24
SEM/MO/00021,[REP-PTEC019] (Reproceso) PULPA DE LULO MERICA UNIDAD 250 g ,,,1004.0,1004.0,100.0,Terminada,2026-04-02,2026-04-07 18:54,2026-04-07 19:13,No,,,,,,,,2026-07-16 18:30:24
SEM/MO/00005,[PTEC020] PULPA DE TAMARINDO MERICA UNIDAD 250 g,Units,L0962615,11000.0,13836.0,100.0,Terminada,2026-04-06,2026-04-07 18:58,2026-04-07 18:58,Sí,Liberación ,LIMPIEZA,Terminada,622.6,145.4,2026-04-07 18:58,2026-04-07 18:58,2026-07-16 18:30:24
SEM/MO/00005,[PTEC020] PULPA DE TAMARINDO MERICA UNIDAD 250 g,Units,L0962615,11000.0,13836.0,100.0,Terminada,2026-04-06,2026-04-07 18:58,2026-04-07 18:58,Sí,Escaldado/descongelado,ESCALDADO,Terminada,952.1,480.0,2026-04-07 18:58,2026-04-07 18:58,2026-07-16 18:30:24
SEM/MO/00005,[PTEC020] PULPA DE TAMARINDO MERICA UNIDAD 250 g,Units,L0962615,11000.0,13836.0,100.0,Terminada,2026-04-06,2026-04-07 18:58,2026-04-07 18:58,Sí,Despulpado y refinado,PULPEADO,Terminada,576.5,540.0,2026-04-07 18:58,2026-04-07 18:58,2026-07-16 18:30:24
SEM/MO/00005,[PTEC020] PULPA DE TAMARINDO MERICA UNIDAD 250 g,Units,L0962615,11000.0,13836.0,100.0,Terminada,2026-04-06,2026-04-07 18:58,2026-04-07 18:58,Sí,Dosificado manual ,DOSIFICADO MANUAL,Terminada,290.4,600.1,2026-04-07 18:58,2026-04-07 18:58,2026-07-16 18:30:24
SEM/MO/00005,[PTEC020] PULPA DE TAMARINDO MERICA UNIDAD 250 g,Units,L0962615,11000.0,13836.0,100.0,Terminada,2026-04-06,2026-04-07 18:58,2026-04-07 18:58,Sí,Etiquetado manual,ETIQUETADO,Terminada,415.1,165.0,2026-04-07 18:58,2026-04-07 18:58,2026-07-16 18:30:24
SEM/MO/00024,[REP-PTEC020] (Reproceso) PULPA DE TAMARINDO MERICA UNIDAD 250 g,,,2711.0,2711.0,100.0,Terminada,2026-04-06,2026-04-07 19:10,2026-04-07 19:20,No,,,,,,,,2026-07-16 18:30:24
SEM/MO/00022,[PTEC019] PULPA DE LULO MERICA UNIDAD 250 g,Units,L0862615,1004.0,1004.0,100.0,Terminada,2026-04-02,2026-04-07 19:15,2026-04-07 19:15,Sí,Liberación ,LIMPIEZA,Terminada,45.2,45.2,2026-04-07 19:15,2026-04-07 19:15,2026-07-16 18:30:24
SEM/MO/00022,[PTEC019] PULPA DE LULO MERICA UNIDAD 250 g,Units,L0862615,1004.0,1004.0,100.0,Terminada,2026-04-02,2026-04-07 19:15,2026-04-07 19:15,Sí,Proceso Manual ,DESPITONADO,Terminada,237.2,237.2,2026-04-07 19:15,2026-04-07 19:15,2026-07-16 18:30:24
SEM/MO/00022,[PTEC019] PULPA DE LULO MERICA UNIDAD 250 g,Units,L0862615,1004.0,1004.0,100.0,Terminada,2026-04-02,2026-04-07 19:15,2026-04-07 19:15,Sí,Lavado y desinfección,LAVADO 2,Terminada,26.7,26.7,2026-04-07 19:15,2026-04-07 19:15,2026-07-16 18:30:24
SEM/MO/00022,[PTEC019] PULPA DE LULO MERICA UNIDAD 250 g,Units,L0862615,1004.0,1004.0,100.0,Terminada,2026-04-02,2026-04-07 19:15,2026-04-07 19:15,Sí,Escaldado/descongelado,ESCALDADO,Terminada,50.2,50.2,2026-04-07 19:15,2026-04-07 19:15,2026-07-16 18:30:24
SEM/MO/00022,[PTEC019] PULPA DE LULO MERICA UNIDAD 250 g,Units,L0862615,1004.0,1004.0,100.0,Terminada,2026-04-02,2026-04-07 19:15,2026-04-07 19:15,Sí,Despulpado y refinado,PULPEADO,Terminada,41.8,41.8,2026-04-07 19:15,2026-04-07 19:15,2026-07-16 18:30:24
SEM/MO/00022,[PTEC019] PULPA DE LULO MERICA UNIDAD 250 g,Units,L0862615,1004.0,1004.0,100.0,Terminada,2026-04-02,2026-04-07 19:15,2026-04-07 19:15,Sí,Calentamiento,CALENTAMIENTO,Terminada,30.4,30.4,2026-04-07 19:15,2026-04-07 19:15,2026-07-16 18:30:24
SEM/MO/00022,[PTEC019] PULPA DE LULO MERICA UNIDAD 250 g,Units,L0862615,1004.0,1004.0,100.0,Terminada,2026-04-02,2026-04-07 19:15,2026-04-07 19:15,Sí,Dosificado manual ,DOSIFICADO MANUAL,Terminada,21.1,21.1,2026-04-07 19:15,2026-04-07 19:15,2026-07-16 18:30:24
SEM/MO/00022,[PTEC019] PULPA DE LULO MERICA UNIDAD 250 g,Units,L0862615,1004.0,1004.0,100.0,Terminada,2026-04-02,2026-04-07 19:15,2026-04-07 19:15,Sí,Etiquetado manual,ETIQUETADO,Terminada,30.1,30.1,2026-04-07 19:15,2026-04-07 19:15,2026-07-16 18:30:24
SEM/MO/00025,[PTEC020] PULPA DE TAMARINDO MERICA UNIDAD 250 g,Units,L0962615-PTEC020.,2711.0,2711.0,100.0,Terminada,2026-04-06,2026-04-07 19:22,2026-04-07 19:22,Sí,Liberación ,LIMPIEZA,Terminada,122.0,122.0,2026-04-07 19:22,2026-04-07 19:22,2026-07-16 18:30:24
SEM/MO/00025,[PTEC020] PULPA DE TAMARINDO MERICA UNIDAD 250 g,Units,L0962615-PTEC020.,2711.0,2711.0,100.0,Terminada,2026-04-06,2026-04-07 19:22,2026-04-07 19:22,Sí,Escaldado/descongelado,ESCALDADO,Terminada,186.6,186.6,2026-04-07 19:22,2026-04-07 19:22,2026-07-16 18:30:24
SEM/MO/00025,[PTEC020] PULPA DE TAMARINDO MERICA UNIDAD 250 g,Units,L0962615-PTEC020.,2711.0,2711.0,100.0,Terminada,2026-04-06,2026-04-07 19:22,2026-04-07 19:22,Sí,Despulpado y refinado,PULPEADO,Terminada,113.0,113.0,2026-04-07 19:22,2026-04-07 19:22,2026-07-16 18:30:24
SEM/MO/00025,[PTEC020] PULPA DE TAMARINDO MERICA UNIDAD 250 g,Units,L0962615-PTEC020.,2711.0,2711.0,100.0,Terminada,2026-04-06,2026-04-07 19:22,2026-04-07 19:22,Sí,Dosificado manual ,DOSIFICADO MANUAL,Terminada,56.9,56.9,2026-04-07 19:22,2026-04-07 19:22,2026-07-16 18:30:24
SEM/MO/00025,[PTEC020] PULPA DE TAMARINDO MERICA UNIDAD 250 g,Units,L0962615-PTEC020.,2711.0,2711.0,100.0,Terminada,2026-04-06,2026-04-07 19:22,2026-04-07 19:22,Sí,Etiquetado manual,ETIQUETADO,Terminada,81.3,81.3,2026-04-07 19:22,2026-04-07 19:22,2026-07-16 18:30:24
SEM/MO/00026,[REP-PTEC012] (Reproceso) PULPA DE MANGO MERICA UNIDAD 250 g,,,2312.0,2312.0,100.0,Terminada,2026-04-06,2026-04-07 19:25,2026-04-21 16:59,No,,,,,,,,2026-07-16 18:30:24
SEM/MO/00027,[PTEC012] PULPA DE MANGO MERICA UNIDAD 250 g,,,2312.0,2312.0,100.0,Terminada,2026-04-06,2026-04-07 19:27,2026-04-21 17:53,Sí,,,,,,,,2026-07-16 18:30:24
SEM/MO/00030,[PTEXP019] Pulpa Lulo America x 250 gr (CAJAS 10 UDS),Units,L0922615,10260.0,10260.0,100.0,Terminada,2026-04-07,2026-04-08 17:08,2026-04-08 17:08,Sí,Encartonado,ENCARTONADO,Terminada,15757.4,335.0,2026-04-08 17:08,2026-04-08 17:08,2026-07-16 18:30:24
SEM/MO/00029,[PTEXP019] Pulpa Lulo America x 250 gr (CAJAS 10 UDS),Units,L0862615,6840.0,6840.0,100.0,Terminada,2026-04-07,2026-04-08 17:12,2026-04-08 17:12,Sí,Encartonado,ENCARTONADO,Terminada,1050.0,150.0,2026-04-08 17:12,2026-04-08 17:12,2026-07-16 18:30:24
SEM/MO/00031,[PULP017] PULPA DE MORA 16 KG,kg,L0972603,1040.0,1040.0,100.0,Terminada,2026-04-07,2026-04-08 18:02,2026-04-08 18:02,Sí,Liberación ,LIMPIEZA,Terminada,62.4,35.0,2026-04-08 18:02,2026-04-08 18:02,2026-07-16 18:30:24
SEM/MO/00031,[PULP017] PULPA DE MORA 16 KG,kg,L0972603,1040.0,1040.0,100.0,Terminada,2026-04-07,2026-04-08 18:02,2026-04-08 18:02,Sí,Escaldado/descongelado,ESCALDADO,Terminada,183.2,215.0,2026-04-08 18:02,2026-04-08 18:02,2026-07-16 18:30:24
SEM/MO/00031,[PULP017] PULPA DE MORA 16 KG,kg,L0972603,1040.0,1040.0,100.0,Terminada,2026-04-07,2026-04-08 18:02,2026-04-08 18:02,Sí,Despulpado y refinado,PULPEADO,Terminada,173.3,65.0,2026-04-08 18:02,2026-04-08 18:02,2026-07-16 18:30:24
SEM/MO/00031,[PULP017] PULPA DE MORA 16 KG,kg,L0972603,1040.0,1040.0,100.0,Terminada,2026-04-07,2026-04-08 18:02,2026-04-08 18:02,Sí,Pasteurizado,PASTEURIZACIÓN,Terminada,125.8,145.0,2026-04-08 18:02,2026-04-08 18:02,2026-07-16 18:30:24
SEM/MO/00031,[PULP017] PULPA DE MORA 16 KG,kg,L0972603,1040.0,1040.0,100.0,Terminada,2026-04-07,2026-04-08 18:02,2026-04-08 18:02,Sí,Envasado Manual,ENVASADO MANUAL,Terminada,62.4,100.0,2026-04-08 18:02,2026-04-08 18:02,2026-07-16 18:30:24
SEM/MO/00023,[PTEC007] PULPA DE MARACUYA GOYA USA UNIDAD 397 g,Units,HF PB 097 26,5100.0,5012.0,100.0,Terminada,2026-04-07,2026-04-08 18:06,2026-04-08 18:06,Sí,Liberación ,LIMPIEZA,Terminada,358.2,59.0,2026-04-08 18:06,2026-04-08 18:06,2026-07-16 18:30:24
SEM/MO/00023,[PTEC007] PULPA DE MARACUYA GOYA USA UNIDAD 397 g,Units,HF PB 097 26,5100.0,5012.0,100.0,Terminada,2026-04-07,2026-04-08 18:06,2026-04-08 18:06,Sí,Lavado y desinfección,LAVADO 2,Terminada,457.4,360.0,2026-04-08 18:06,2026-04-08 18:06,2026-07-16 18:30:24
SEM/MO/00023,[PTEC007] PULPA DE MARACUYA GOYA USA UNIDAD 397 g,Units,HF PB 097 26,5100.0,5012.0,100.0,Terminada,2026-04-07,2026-04-08 18:06,2026-04-08 18:06,Sí,Despulpado y refinado,PULPEADO,Terminada,331.6,380.0,2026-04-08 18:06,2026-04-08 18:06,2026-07-16 18:30:24
SEM/MO/00023,[PTEC007] PULPA DE MARACUYA GOYA USA UNIDAD 397 g,Units,HF PB 097 26,5100.0,5012.0,100.0,Terminada,2026-04-07,2026-04-08 18:06,2026-04-08 18:06,Sí,Pasteurizado,PASTEURIZACIÓN,Terminada,241.2,175.0,2026-04-08 18:06,2026-04-08 18:06,2026-07-16 18:30:24
SEM/MO/00023,[PTEC007] PULPA DE MARACUYA GOYA USA UNIDAD 397 g,Units,HF PB 097 26,5100.0,5012.0,100.0,Terminada,2026-04-07,2026-04-08 18:06,2026-04-08 18:06,Sí,Dosificado Automático,DOSIFICADO AUTOMÁTICO,Terminada,250.6,250.6,2026-04-08 18:06,2026-04-08 18:06,2026-07-16 18:30:24
SEM/MO/00023,[PTEC007] PULPA DE MARACUYA GOYA USA UNIDAD 397 g,Units,HF PB 097 26,5100.0,5012.0,100.0,Terminada,2026-04-07,2026-04-08 18:06,2026-04-08 18:06,Sí,Dosificado manual ,DOSIFICADO MANUAL,Terminada,265.3,145.0,2026-04-08 18:06,2026-04-08 18:06,2026-07-16 18:30:24
SEM/MO/00023,[PTEC007] PULPA DE MARACUYA GOYA USA UNIDAD 397 g,Units,HF PB 097 26,5100.0,5012.0,100.0,Terminada,2026-04-07,2026-04-08 18:06,2026-04-08 18:06,Sí,Etiquetado manual,ETIQUETADO,Terminada,150.4,80.0,2026-04-08 18:06,2026-04-08 18:06,2026-07-16 18:30:24
SEM/MO/00042,[REP-PTEC007] (Reproceso) PULPA DE MARACUYA GOYA USA UNIDAD 397 g,,,999.0,999.0,100.0,Terminada,2026-04-07,2026-04-08 18:09,2026-04-14 17:25,No,,,,,,,,2026-07-16 18:30:24
SEM/MO/00043,[PTEC007] PULPA DE MARACUYA GOYA USA UNIDAD 397 g,,,999.0,999.0,100.0,Terminada,2026-04-07,2026-04-08 18:10,2026-04-14 17:30,Sí,,,,,,,,2026-07-16 18:30:24
SEM/MO/00044,[PTEXP018] Pulpa Guanabana America x 250 gr (CAJAS 10 UDS),Units,L0912615,3420.0,3420.0,100.0,Terminada,2026-04-08,2026-04-09 19:05,2026-04-09 19:05,Sí,Encartonado,ENCARTONADO,Terminada,525.0,85.0,2026-04-09 19:05,2026-04-09 19:05,2026-07-16 18:30:24
SEM/MO/00041,[PTEXP018] Pulpa Guanabana America x 250 gr (CAJAS 10 UDS),Units,L0752615,3420.0,3420.0,100.0,Terminada,2026-04-08,2026-04-09 20:48,2026-04-09 20:48,Sí,Encartonado,ENCARTONADO,Terminada,525.0,170.0,2026-04-09 20:48,2026-04-09 20:48,2026-07-16 18:30:24
SEM/MO/00040,[PTEXP019] Pulpa Lulo America x 250 gr (CAJAS 10 UDS),Units,L0922615,10260.0,10260.0,100.0,Terminada,2026-04-08,2026-04-09 20:51,2026-04-09 20:51,Sí,Encartonado,ENCARTONADO,Terminada,1575.0,1602.2,2026-04-09 20:51,2026-04-09 20:51,2026-07-16 18:30:24
SEM/MO/00045,[PTEXP018] Pulpa Guanabana America x 250 gr (CAJAS 10 UDS),Units,L0912615,3420.0,3420.0,100.0,Terminada,2026-04-09,2026-04-09 22:49,2026-04-09 22:49,Sí,Encartonado,ENCARTONADO,Terminada,525.0,90.0,2026-04-09 22:49,2026-04-09 22:49,2026-07-16 18:30:24
SEM/MO/00048,[PTEXP020] Pulpa Tamarindo America x 250 gr (CAJAS 10 UDS),Units,L0782615-PTEXP020,3420.0,3420.0,100.0,Terminada,2026-04-09,2026-04-09 22:51,2026-04-09 22:51,Sí,Encartonado,ENCARTONADO,Terminada,525.0,90.0,2026-04-09 22:51,2026-04-09 22:51,2026-07-16 18:30:24
SEM/MO/00049,[PTEXP020] Pulpa Tamarindo America x 250 gr (CAJAS 10 UDS),Units,L0962615,3420.0,3420.0,100.0,Terminada,2026-04-09,2026-04-09 22:53,2026-04-09 22:53,Sí,Encartonado,ENCARTONADO,Terminada,525.0,90.0,2026-04-09 22:53,2026-04-09 22:53,2026-07-16 18:30:24
SEM/MO/00046,[PTEXP021] Tomate Arbol Congelado América x 500gr (Cajas de 12 uds),Units,L0902615,1584.0,1584.0,100.0,Terminada,2026-04-09,2026-04-09 22:56,2026-04-09 22:56,Sí,Encartonado,ENCARTONADO,Terminada,346.5,90.0,2026-04-09 22:56,2026-04-09 22:56,2026-07-16 18:30:24
SEM/MO/00047,[PTEXP021] Tomate Arbol Congelado América x 500gr (Cajas de 12 uds),Units,L0772615,1584.0,1584.0,100.0,Terminada,2026-04-09,2026-04-09 23:00,2026-04-09 23:00,Sí,Encartonado,ENCARTONADO,Terminada,346.5,90.0,2026-04-09 23:00,2026-04-09 23:00,2026-07-16 18:30:24
SEM/MO/00050,[PTEC014] MARACUYA CON PEPAS MERICA UNIDAD 500 g,Units,L0962615,812.0,812.0,100.0,Terminada,2026-04-06,2026-04-10 08:37,2026-04-10 08:37,Sí,Liberación ,LIMPIEZA,Terminada,73.1,60.0,2026-04-10 08:37,2026-04-10 08:37,2026-07-16 18:30:24
SEM/MO/00050,[PTEC014] MARACUYA CON PEPAS MERICA UNIDAD 500 g,Units,L0962615,812.0,812.0,100.0,Terminada,2026-04-06,2026-04-10 08:37,2026-04-10 08:37,Sí,Lavado y desinfección,LAVADO 2,Terminada,93.3,45.0,2026-04-10 08:37,2026-04-10 08:37,2026-07-16 18:30:24
SEM/MO/00050,[PTEC014] MARACUYA CON PEPAS MERICA UNIDAD 500 g,Units,L0962615,812.0,812.0,100.0,Terminada,2026-04-06,2026-04-10 08:37,2026-04-10 08:37,Sí,Despulpado manual,DESPULPADO MANUAL,Terminada,1432.9,505.7,2026-04-10 08:37,2026-04-10 08:37,2026-07-16 18:30:24
SEM/MO/00050,[PTEC014] MARACUYA CON PEPAS MERICA UNIDAD 500 g,Units,L0962615,812.0,812.0,100.0,Terminada,2026-04-06,2026-04-10 08:37,2026-04-10 08:37,Sí,Dosificado manual ,DOSIFICADO MANUAL,Terminada,34.1,90.0,2026-04-10 08:37,2026-04-10 08:37,2026-07-16 18:30:24
SEM/MO/00050,[PTEC014] MARACUYA CON PEPAS MERICA UNIDAD 500 g,Units,L0962615,812.0,812.0,100.0,Terminada,2026-04-06,2026-04-10 08:37,2026-04-10 08:37,Sí,Etiquetado manual,ETIQUETADO,Terminada,24.4,25.0,2026-04-10 08:37,2026-04-10 08:37,2026-07-16 18:30:24
SEM/MO/00034,[PULP011] PULPA DE ARANDANO 8 KG,kg,L0982609,504.0,376.0,100.0,Terminada,2026-04-08,2026-04-10 10:25,2026-04-10 10:25,Sí,Liberación ,LIMPIEZA,Terminada,22.6,60.0,2026-04-10 10:25,2026-04-10 10:25,2026-07-16 18:30:24
SEM/MO/00034,[PULP011] PULPA DE ARANDANO 8 KG,kg,L0982609,504.0,376.0,100.0,Terminada,2026-04-08,2026-04-10 10:25,2026-04-10 10:25,Sí,Escaldado/descongelado,ESCALDADO,Terminada,64.6,60.0,2026-04-10 10:25,2026-04-10 10:25,2026-07-16 18:30:24
SEM/MO/00034,[PULP011] PULPA DE ARANDANO 8 KG,kg,L0982609,504.0,376.0,100.0,Terminada,2026-04-08,2026-04-10 10:25,2026-04-10 10:25,Sí,Despulpado y refinado,PULPEADO,Terminada,25.1,45.0,2026-04-10 10:25,2026-04-10 10:25,2026-07-16 18:30:24
SEM/MO/00034,[PULP011] PULPA DE ARANDANO 8 KG,kg,L0982609,504.0,376.0,100.0,Terminada,2026-04-08,2026-04-10 10:25,2026-04-10 10:25,Sí,Pasteurizado,PASTEURIZACIÓN,Terminada,45.5,10.0,2026-04-10 10:25,2026-04-10 10:25,2026-07-16 18:30:24
SEM/MO/00034,[PULP011] PULPA DE ARANDANO 8 KG,kg,L0982609,504.0,376.0,100.0,Terminada,2026-04-08,2026-04-10 10:25,2026-04-10 10:25,Sí,Envasado Manual,ENVASADO MANUAL,Terminada,22.6,30.0,2026-04-10 10:25,2026-04-10 10:25,2026-07-16 18:30:24
SEM/MO/00054,[REP-PTEC016] (Reproceso) PULPA DE MORA MERICA UNIDAD 250 g ,,,467.0,467.0,100.0,Terminada,2026-04-08,2026-04-10 10:51,2026-04-10 10:59,No,,,,,,,,2026-07-16 18:30:24
SEM/MO/00035,[PTEC005] PULPA DE MORA GOYA USA UNIDAD 397 g,Units,HF PB  098 26,10000.0,9980.0,100.0,Terminada,2026-04-08,2026-04-10 11:02,2026-04-10 11:02,Sí,Liberación ,LIMPIEZA,Terminada,713.2,120.0,2026-04-10 11:02,2026-04-10 11:02,2026-07-16 18:30:24
SEM/MO/00035,[PTEC005] PULPA DE MORA GOYA USA UNIDAD 397 g,Units,HF PB  098 26,10000.0,9980.0,100.0,Terminada,2026-04-08,2026-04-10 11:02,2026-04-10 11:02,Sí,Escaldado/descongelado,ESCALDADO,Terminada,698.0,450.0,2026-04-10 11:02,2026-04-10 11:02,2026-07-16 18:30:24
SEM/MO/00035,[PTEC005] PULPA DE MORA GOYA USA UNIDAD 397 g,Units,HF PB  098 26,10000.0,9980.0,100.0,Terminada,2026-04-08,2026-04-10 11:02,2026-04-10 11:02,Sí,Despulpado y refinado,PULPEADO,Terminada,660.3,455.0,2026-04-10 11:02,2026-04-10 11:02,2026-07-16 18:30:24
SEM/MO/00035,[PTEC005] PULPA DE MORA GOYA USA UNIDAD 397 g,Units,HF PB  098 26,10000.0,9980.0,100.0,Terminada,2026-04-08,2026-04-10 11:02,2026-04-10 11:02,Sí,Pasteurizado,PASTEURIZACIÓN,Terminada,480.2,255.0,2026-04-10 11:02,2026-04-10 11:02,2026-07-16 18:30:24
SEM/MO/00035,[PTEC005] PULPA DE MORA GOYA USA UNIDAD 397 g,Units,HF PB  098 26,10000.0,9980.0,100.0,Terminada,2026-04-08,2026-04-10 11:02,2026-04-10 11:02,Sí,Dosificado Automático,DOSIFICADO AUTOMÁTICO,Terminada,499.0,165.0,2026-04-10 11:02,2026-04-10 11:02,2026-07-16 18:30:24
SEM/MO/00035,[PTEC005] PULPA DE MORA GOYA USA UNIDAD 397 g,Units,HF PB  098 26,10000.0,9980.0,100.0,Terminada,2026-04-08,2026-04-10 11:02,2026-04-10 11:02,Sí,Dosificado manual ,DOSIFICADO MANUAL,Terminada,528.3,250.0,2026-04-10 11:02,2026-04-10 11:02,2026-07-16 18:30:24
SEM/MO/00035,[PTEC005] PULPA DE MORA GOYA USA UNIDAD 397 g,Units,HF PB  098 26,10000.0,9980.0,100.0,Terminada,2026-04-08,2026-04-10 11:02,2026-04-10 11:02,Sí,Etiquetado manual,ETIQUETADO,Terminada,299.4,205.0,2026-04-10 11:02,2026-04-10 11:02,2026-07-16 18:30:24
SEM/MO/00032,[PULP020] PULPA DE MORA 14KG,kg,L0972609,770.0,1218.0,100.0,Terminada,2026-04-07,2026-04-10 12:35,2026-04-10 12:35,No,LIBERACIÓN,LIMPIEZA,Terminada,0.0,70.0,2026-04-10 12:35,2026-04-10 12:35,2026-07-16 18:30:24
SEM/MO/00032,[PULP020] PULPA DE MORA 14KG,kg,L0972609,770.0,1218.0,100.0,Terminada,2026-04-07,2026-04-10 12:35,2026-04-10 12:35,No,ESCALDADO,ESCALDADO,Terminada,0.0,95.0,2026-04-10 12:35,2026-04-10 12:35,2026-07-16 18:30:24
SEM/MO/00032,[PULP020] PULPA DE MORA 14KG,kg,L0972609,770.0,1218.0,100.0,Terminada,2026-04-07,2026-04-10 12:35,2026-04-10 12:35,No,REFINADO,PULPEADO,Terminada,0.0,50.0,2026-04-10 12:35,2026-04-10 12:35,2026-07-16 18:30:24
SEM/MO/00032,[PULP020] PULPA DE MORA 14KG,kg,L0972609,770.0,1218.0,100.0,Terminada,2026-04-07,2026-04-10 12:35,2026-04-10 12:35,No,CALENTAMIENTO,PASTEURIZACIÓN,Terminada,0.0,70.0,2026-04-10 12:35,2026-04-10 12:35,2026-07-16 18:30:24
SEM/MO/00032,[PULP020] PULPA DE MORA 14KG,kg,L0972609,770.0,1218.0,100.0,Terminada,2026-04-07,2026-04-10 12:35,2026-04-10 12:35,No,ENVASADO,ENVASADO MANUAL,Terminada,0.0,80.0,2026-04-10 12:35,2026-04-10 12:35,2026-07-16 18:30:24
SEM/MO/00033,[PULP021] PULPA DE MORA 150 g,Units,L0982614,1000.0,843.0,100.0,Terminada,2026-04-08,2026-04-10 12:42,2026-04-10 12:42,Sí,Liberación ,LIMPIEZA,Terminada,50.6,65.0,2026-04-10 12:42,2026-04-10 12:42,2026-07-16 18:30:24
SEM/MO/00033,[PULP021] PULPA DE MORA 150 g,Units,L0982614,1000.0,843.0,100.0,Terminada,2026-04-08,2026-04-10 12:42,2026-04-10 12:42,Sí,Escaldado/descongelado,ESCALDADO,Terminada,22.3,22.3,2026-04-10 12:42,2026-04-10 12:42,2026-07-16 18:30:24
SEM/MO/00033,[PULP021] PULPA DE MORA 150 g,Units,L0982614,1000.0,843.0,100.0,Terminada,2026-04-08,2026-04-10 12:42,2026-04-10 12:42,Sí,Despulpado y refinado,PULPEADO,Terminada,16.0,16.0,2026-04-10 12:42,2026-04-10 12:42,2026-07-16 18:30:24
SEM/MO/00033,[PULP021] PULPA DE MORA 150 g,Units,L0982614,1000.0,843.0,100.0,Terminada,2026-04-08,2026-04-10 12:42,2026-04-10 12:42,Sí,Pasteurizado,PASTEURIZACIÓN,Terminada,21.1,10.0,2026-04-10 12:42,2026-04-10 12:42,2026-07-16 18:30:24
SEM/MO/00033,[PULP021] PULPA DE MORA 150 g,Units,L0982614,1000.0,843.0,100.0,Terminada,2026-04-08,2026-04-10 12:42,2026-04-10 12:42,Sí,Dosificado Automático,DOSIFICADO AUTOMÁTICO,Terminada,33.7,80.0,2026-04-10 12:42,2026-04-10 12:42,2026-07-16 18:30:24
SEM/MO/00033,[PULP021] PULPA DE MORA 150 g,Units,L0982614,1000.0,843.0,100.0,Terminada,2026-04-08,2026-04-10 12:42,2026-04-10 12:42,Sí,Etiquetado,ETIQUETADO,Terminada,0.0,95.0,2026-04-10 12:42,2026-04-10 12:42,2026-07-16 18:30:24
SEM/MO/00057,[REP-PTEC017] (Reproceso) PULPA DE GUAYABA MERICA UNIDAD 250 g,,,31.0,31.0,100.0,Terminada,2026-04-10,2026-04-10 12:45,2026-04-10 16:35,No,,,,,,,,2026-07-16 18:30:24
SEM/MO/00058,[REP-PTEC004] (Reproceso) PULPA DE GUAYABA GOYA USA UNIDAD 397 g ,,,1213.0,1130.0,93.2,Terminada,2026-04-10,2026-04-10 12:46,2026-04-10 16:36,No,,,,,,,,2026-07-16 18:30:24
SEM/MO/00132,[REP-SALS007] (Reproceso) SALSA DE CHOCOLATE 1 KG,,,118.0,118.0,100.0,Terminada,2026-04-14,2026-04-14 10:46,2026-04-21 10:55,No,,,,,,,,2026-07-16 18:30:24
SEM/MO/00037,[PULP022] PULPA DE GUANABANA 150 g,Units,L0992614,1000.0,1264.0,100.0,Terminada,2026-04-09,2026-04-14 11:00,2026-04-14 11:00,Sí,Liberación ,LIMPIEZA,Terminada,75.8,75.0,2026-04-14 11:00,2026-04-14 11:00,2026-07-16 18:30:24
SEM/MO/00037,[PULP022] PULPA DE GUANABANA 150 g,Units,L0992614,1000.0,1264.0,100.0,Terminada,2026-04-09,2026-04-14 11:00,2026-04-14 11:00,Sí,Escaldado/descongelado,ESCALDADO,Terminada,41.3,40.0,2026-04-14 11:00,2026-04-14 11:00,2026-07-16 18:30:24
SEM/MO/00037,[PULP022] PULPA DE GUANABANA 150 g,Units,L0992614,1000.0,1264.0,100.0,Terminada,2026-04-09,2026-04-14 11:00,2026-04-14 11:00,Sí,Despulpado y refinado,PULPEADO,Terminada,23.9,20.0,2026-04-14 11:00,2026-04-14 11:00,2026-07-16 18:30:24
SEM/MO/00037,[PULP022] PULPA DE GUANABANA 150 g,Units,L0992614,1000.0,1264.0,100.0,Terminada,2026-04-09,2026-04-14 11:00,2026-04-14 11:00,Sí,Pasteurizado,PASTEURIZACIÓN,Terminada,31.6,25.0,2026-04-14 11:00,2026-04-14 11:00,2026-07-16 18:30:24
SEM/MO/00037,[PULP022] PULPA DE GUANABANA 150 g,Units,L0992614,1000.0,1264.0,100.0,Terminada,2026-04-09,2026-04-14 11:00,2026-04-14 11:00,Sí,Dosificado Automático,DOSIFICADO AUTOMÁTICO,Terminada,50.6,180.0,2026-04-14 11:00,2026-04-14 11:00,2026-07-16 18:30:24
SEM/MO/00104,[REP-PTEC012] (Reproceso) PULPA DE MANGO MERICA UNIDAD 250 g,,,180.0,180.0,100.0,Terminada,2026-04-14,2026-04-14 11:07,2026-04-15 11:18,No,,,,,,,,2026-07-16 18:30:24
SEM/MO/00071,[REP-PTEC017] (Reproceso) PULPA DE GUAYABA MERICA UNIDAD 250 g,,,17.0,17.0,100.0,Terminada,2026-04-08,2026-04-14 12:03,2026-04-14 12:11,No,,,,,,,,2026-07-16 18:30:24
SEM/MO/00053,[PTEC002] PULPA DE GUANABANA GOYA USA UNIDAD 397 g,Units,HF PB 098 26,3000.0,1690.0,100.0,Terminada,2026-04-09,2026-04-14 12:22,2026-04-14 12:22,Sí,Liberación ,LIMPIEZA,Terminada,120.8,65.0,2026-04-14 12:22,2026-04-14 12:22,2026-07-16 18:30:24
SEM/MO/00053,[PTEC002] PULPA DE GUANABANA GOYA USA UNIDAD 397 g,Units,HF PB 098 26,3000.0,1690.0,100.0,Terminada,2026-04-09,2026-04-14 12:22,2026-04-14 12:22,Sí,Escaldado/descongelado,ESCALDADO,Terminada,146.2,115.0,2026-04-14 12:22,2026-04-14 12:22,2026-07-16 18:30:24
SEM/MO/00053,[PTEC002] PULPA DE GUANABANA GOYA USA UNIDAD 397 g,Units,HF PB 098 26,3000.0,1690.0,100.0,Terminada,2026-04-09,2026-04-14 12:22,2026-04-14 12:22,Sí,Despulpado y refinado,PULPEADO,Terminada,111.8,360.0,2026-04-14 12:22,2026-04-14 12:22,2026-07-16 18:30:24
SEM/MO/00053,[PTEC002] PULPA DE GUANABANA GOYA USA UNIDAD 397 g,Units,HF PB 098 26,3000.0,1690.0,100.0,Terminada,2026-04-09,2026-04-14 12:22,2026-04-14 12:22,Sí,Homogenizado,HOMOGENIZACIÓN,Terminada,16.8,35.0,2026-04-14 12:22,2026-04-14 12:22,2026-07-16 18:30:24
SEM/MO/00053,[PTEC002] PULPA DE GUANABANA GOYA USA UNIDAD 397 g,Units,HF PB 098 26,3000.0,1690.0,100.0,Terminada,2026-04-09,2026-04-14 12:22,2026-04-14 12:22,Sí,Pasteurizado,PASTEURIZACIÓN,Terminada,81.3,25.0,2026-04-14 12:22,2026-04-14 12:22,2026-07-16 18:30:24
SEM/MO/00053,[PTEC002] PULPA DE GUANABANA GOYA USA UNIDAD 397 g,Units,HF PB 098 26,3000.0,1690.0,100.0,Terminada,2026-04-09,2026-04-14 12:22,2026-04-14 12:22,Sí,Dosificado Automático,DOSIFICADO AUTOMÁTICO,Terminada,84.5,84.5,2026-04-14 12:22,2026-04-14 12:22,2026-07-16 18:30:24
SEM/MO/00053,[PTEC002] PULPA DE GUANABANA GOYA USA UNIDAD 397 g,Units,HF PB 098 26,3000.0,1690.0,100.0,Terminada,2026-04-09,2026-04-14 12:22,2026-04-14 12:22,Sí,Dosificado manual ,DOSIFICADO MANUAL,Terminada,89.5,50.0,2026-04-14 12:22,2026-04-14 12:22,2026-07-16 18:30:24
SEM/MO/00053,[PTEC002] PULPA DE GUANABANA GOYA USA UNIDAD 397 g,Units,HF PB 098 26,3000.0,1690.0,100.0,Terminada,2026-04-09,2026-04-14 12:22,2026-04-14 12:22,Sí,Etiquetado manual,ETIQUETADO,Terminada,50.7,60.0,2026-04-14 12:22,2026-04-14 12:22,2026-07-16 18:30:24
SEM/MO/00036,[PTEC002] PULPA DE GUANABANA GOYA USA UNIDAD 397 g,Units,HF PB 098 26,8000.0,3381.0,100.0,Terminada,2026-04-08,2026-04-14 12:23,2026-04-14 12:23,Sí,Liberación ,LIMPIEZA,Terminada,241.6,120.0,2026-04-14 12:23,2026-04-14 12:23,2026-07-16 18:30:24
SEM/MO/00036,[PTEC002] PULPA DE GUANABANA GOYA USA UNIDAD 397 g,Units,HF PB 098 26,8000.0,3381.0,100.0,Terminada,2026-04-08,2026-04-14 12:23,2026-04-14 12:23,Sí,Escaldado/descongelado,ESCALDADO,Terminada,292.4,110.0,2026-04-14 12:23,2026-04-14 12:23,2026-07-16 18:30:24
SEM/MO/00036,[PTEC002] PULPA DE GUANABANA GOYA USA UNIDAD 397 g,Units,HF PB 098 26,8000.0,3381.0,100.0,Terminada,2026-04-08,2026-04-14 12:23,2026-04-14 12:23,Sí,Despulpado y refinado,PULPEADO,Terminada,223.7,150.0,2026-04-14 12:23,2026-04-14 12:23,2026-07-16 18:30:24
SEM/MO/00036,[PTEC002] PULPA DE GUANABANA GOYA USA UNIDAD 397 g,Units,HF PB 098 26,8000.0,3381.0,100.0,Terminada,2026-04-08,2026-04-14 12:23,2026-04-14 12:23,Sí,Homogenizado,HOMOGENIZACIÓN,Terminada,33.6,35.0,2026-04-14 12:23,2026-04-14 12:23,2026-07-16 18:30:24
SEM/MO/00036,[PTEC002] PULPA DE GUANABANA GOYA USA UNIDAD 397 g,Units,HF PB 098 26,8000.0,3381.0,100.0,Terminada,2026-04-08,2026-04-14 12:23,2026-04-14 12:23,Sí,Pasteurizado,PASTEURIZACIÓN,Terminada,162.7,65.0,2026-04-14 12:23,2026-04-14 12:23,2026-07-16 18:30:24
SEM/MO/00036,[PTEC002] PULPA DE GUANABANA GOYA USA UNIDAD 397 g,Units,HF PB 098 26,8000.0,3381.0,100.0,Terminada,2026-04-08,2026-04-14 12:23,2026-04-14 12:23,Sí,Dosificado Automático,DOSIFICADO AUTOMÁTICO,Terminada,169.1,169.1,2026-04-14 12:23,2026-04-14 12:23,2026-07-16 18:30:24
SEM/MO/00036,[PTEC002] PULPA DE GUANABANA GOYA USA UNIDAD 397 g,Units,HF PB 098 26,8000.0,3381.0,100.0,Terminada,2026-04-08,2026-04-14 12:23,2026-04-14 12:23,Sí,Dosificado manual ,DOSIFICADO MANUAL,Terminada,179.0,80.0,2026-04-14 12:23,2026-04-14 12:23,2026-07-16 18:30:24
SEM/MO/00036,[PTEC002] PULPA DE GUANABANA GOYA USA UNIDAD 397 g,Units,HF PB 098 26,8000.0,3381.0,100.0,Terminada,2026-04-08,2026-04-14 12:23,2026-04-14 12:23,Sí,Etiquetado manual,ETIQUETADO,Terminada,101.4,230.0,2026-04-14 12:23,2026-04-14 12:23,2026-07-16 18:30:24
SEM/MO/00038,[PTEC004] PULPA DE GUAYABA GOYA USA UNIDAD 397 g,Units,HF PB 099 26,10000.0,12311.0,100.0,Terminada,2026-04-09,2026-04-14 12:26,2026-04-14 12:26,Sí,Liberación ,LIMPIEZA,Terminada,879.7,160.0,2026-04-14 12:26,2026-04-14 12:26,2026-07-16 18:30:24
SEM/MO/00038,[PTEC004] PULPA DE GUAYABA GOYA USA UNIDAD 397 g,Units,HF PB 099 26,10000.0,12311.0,100.0,Terminada,2026-04-09,2026-04-14 12:26,2026-04-14 12:26,Sí,Lavado y desinfección,LAVADO 2,Terminada,538.7,175.0,2026-04-14 12:26,2026-04-14 12:26,2026-07-16 18:30:24
SEM/MO/00038,[PTEC004] PULPA DE GUAYABA GOYA USA UNIDAD 397 g,Units,HF PB 099 26,10000.0,12311.0,100.0,Terminada,2026-04-09,2026-04-14 12:26,2026-04-14 12:26,Sí,Despulpado y refinado,PULPEADO,Terminada,814.6,180.0,2026-04-14 12:26,2026-04-14 12:26,2026-07-16 18:30:24
SEM/MO/00038,[PTEC004] PULPA DE GUAYABA GOYA USA UNIDAD 397 g,Units,HF PB 099 26,10000.0,12311.0,100.0,Terminada,2026-04-09,2026-04-14 12:26,2026-04-14 12:26,Sí,Pasteurizado,PASTEURIZACIÓN,Terminada,592.4,170.0,2026-04-14 12:26,2026-04-14 12:26,2026-07-16 18:30:24
SEM/MO/00038,[PTEC004] PULPA DE GUAYABA GOYA USA UNIDAD 397 g,Units,HF PB 099 26,10000.0,12311.0,100.0,Terminada,2026-04-09,2026-04-14 12:26,2026-04-14 12:26,Sí,Dosificado Automático,DOSIFICADO AUTOMÁTICO,Terminada,615.5,400.0,2026-04-14 12:26,2026-04-14 12:26,2026-07-16 18:30:24
SEM/MO/00038,[PTEC004] PULPA DE GUAYABA GOYA USA UNIDAD 397 g,Units,HF PB 099 26,10000.0,12311.0,100.0,Terminada,2026-04-09,2026-04-14 12:26,2026-04-14 12:26,Sí,Dosificado manual ,DOSIFICADO MANUAL,Terminada,651.7,294.9,2026-04-14 12:26,2026-04-14 12:26,2026-07-16 18:30:24
SEM/MO/00038,[PTEC004] PULPA DE GUAYABA GOYA USA UNIDAD 397 g,Units,HF PB 099 26,10000.0,12311.0,100.0,Terminada,2026-04-09,2026-04-14 12:26,2026-04-14 12:26,Sí,Etiquetado manual,ETIQUETADO,Terminada,369.3,280.0,2026-04-14 12:26,2026-04-14 12:26,2026-07-16 18:30:24
SEM/MO/00056,[SALS008] SALSA LISA DE FRESA ,kg,L1032607,405.0,495.0,100.0,Terminada,2026-04-13,2026-04-14 12:38,2026-04-14 12:38,Sí,Liberación,LIMPIEZA,Terminada,29.7,55.0,2026-04-14 12:38,2026-04-14 12:38,2026-07-16 18:30:24
SEM/MO/00056,[SALS008] SALSA LISA DE FRESA ,kg,L1032607,405.0,495.0,100.0,Terminada,2026-04-13,2026-04-14 12:38,2026-04-14 12:38,Sí,Lavado y desinfección,LAVADO 2,Terminada,43.7,35.0,2026-04-14 12:38,2026-04-14 12:38,2026-07-16 18:30:24
SEM/MO/00056,[SALS008] SALSA LISA DE FRESA ,kg,L1032607,405.0,495.0,100.0,Terminada,2026-04-13,2026-04-14 12:38,2026-04-14 12:38,Sí,Despulpado y refinado,PULPEADO,Terminada,82.5,70.0,2026-04-14 12:38,2026-04-14 12:38,2026-07-16 18:30:24
SEM/MO/00056,[SALS008] SALSA LISA DE FRESA ,kg,L1032607,405.0,495.0,100.0,Terminada,2026-04-13,2026-04-14 12:38,2026-04-14 12:38,Sí,Pasteurizado,PASTEURIZACIÓN,Terminada,59.9,35.0,2026-04-14 12:38,2026-04-14 12:38,2026-07-16 18:30:24
SEM/MO/00056,[SALS008] SALSA LISA DE FRESA ,kg,L1032607,405.0,495.0,100.0,Terminada,2026-04-13,2026-04-14 12:38,2026-04-14 12:38,Sí,Envasado manual,ENVASADO MANUAL,Terminada,29.7,29.4,2026-04-14 12:38,2026-04-14 12:38,2026-07-16 18:30:24
SEM/MO/00039,[PTEC009] PULPA DE PIÑA GOYA USA UNIDAD 397 g,Units,HF PB 100 26,4000.0,3929.0,100.0,Terminada,2026-04-10,2026-04-14 12:54,2026-04-14 12:54,Sí,Liberación ,LIMPIEZA,Terminada,280.8,140.0,2026-04-14 12:54,2026-04-14 12:54,2026-07-16 18:30:24
SEM/MO/00039,[PTEC009] PULPA DE PIÑA GOYA USA UNIDAD 397 g,Units,HF PB 100 26,4000.0,3929.0,100.0,Terminada,2026-04-10,2026-04-14 12:54,2026-04-14 12:54,Sí,Lavado y desinfección,LAVADO 2,Terminada,197.4,239.1,2026-04-14 12:54,2026-04-14 12:54,2026-07-16 18:30:24
SEM/MO/00039,[PTEC009] PULPA DE PIÑA GOYA USA UNIDAD 397 g,Units,HF PB 100 26,4000.0,3929.0,100.0,Terminada,2026-04-10,2026-04-14 12:54,2026-04-14 12:54,Sí,Despulpado y refinado,PULPEADO,Terminada,260.0,110.0,2026-04-14 12:54,2026-04-14 12:54,2026-07-16 18:30:24
SEM/MO/00039,[PTEC009] PULPA DE PIÑA GOYA USA UNIDAD 397 g,Units,HF PB 100 26,4000.0,3929.0,100.0,Terminada,2026-04-10,2026-04-14 12:54,2026-04-14 12:54,Sí,Pasteurizado,PASTEURIZACIÓN,Terminada,189.1,185.0,2026-04-14 12:54,2026-04-14 12:54,2026-07-16 18:30:24
SEM/MO/00039,[PTEC009] PULPA DE PIÑA GOYA USA UNIDAD 397 g,Units,HF PB 100 26,4000.0,3929.0,100.0,Terminada,2026-04-10,2026-04-14 12:54,2026-04-14 12:54,Sí,Dosificado manual ,DOSIFICADO MANUAL,Terminada,208.0,199.6,2026-04-14 12:54,2026-04-14 12:54,2026-07-16 18:30:24
SEM/MO/00039,[PTEC009] PULPA DE PIÑA GOYA USA UNIDAD 397 g,Units,HF PB 100 26,4000.0,3929.0,100.0,Terminada,2026-04-10,2026-04-14 12:54,2026-04-14 12:54,Sí,Etiquetado manual,ETIQUETADO,Terminada,117.9,110.0,2026-04-14 12:54,2026-04-14 12:54,2026-07-16 18:30:24
SEM/MO/00051,[PULP023] PULPA DE NARANJILLA 150 g,Units,L1002614,1000.0,1238.0,100.0,Terminada,2026-04-10,2026-04-14 13:05,2026-04-14 13:05,Sí,Liberación ,LIMPIEZA,Terminada,74.3,60.0,2026-04-14 13:05,2026-04-14 13:05,2026-07-16 18:30:24
SEM/MO/00051,[PULP023] PULPA DE NARANJILLA 150 g,Units,L1002614,1000.0,1238.0,100.0,Terminada,2026-04-10,2026-04-14 13:05,2026-04-14 13:05,Sí,Proceso Manual ,DESPITONADO,Terminada,110.5,110.5,2026-04-14 13:05,2026-04-14 13:05,2026-07-16 18:30:24
SEM/MO/00051,[PULP023] PULPA DE NARANJILLA 150 g,Units,L1002614,1000.0,1238.0,100.0,Terminada,2026-04-10,2026-04-14 13:05,2026-04-14 13:05,Sí,Despulpado y refinado,PULPEADO,Terminada,23.5,55.0,2026-04-14 13:05,2026-04-14 13:05,2026-07-16 18:30:24
SEM/MO/00051,[PULP023] PULPA DE NARANJILLA 150 g,Units,L1002614,1000.0,1238.0,100.0,Terminada,2026-04-10,2026-04-14 13:05,2026-04-14 13:05,Sí,Pasteurizado,PASTEURIZACIÓN,Terminada,30.9,10.0,2026-04-14 13:05,2026-04-14 13:05,2026-07-16 18:30:24
SEM/MO/00051,[PULP023] PULPA DE NARANJILLA 150 g,Units,L1002614,1000.0,1238.0,100.0,Terminada,2026-04-10,2026-04-14 13:05,2026-04-14 13:05,Sí,Dosificado Automático,DOSIFICADO AUTOMÁTICO,Terminada,49.5,270.0,2026-04-14 13:05,2026-04-14 13:05,2026-07-16 18:30:24
SEM/MO/00052,[PTEC019] PULPA DE LULO MERICA UNIDAD 250 g,Units,L1002615,16200.0,14577.0,100.0,Terminada,2026-04-10,2026-04-14 13:11,2026-04-14 13:11,Sí,Liberación ,LIMPIEZA,Terminada,656.0,390.2,2026-04-14 13:11,2026-04-14 13:11,2026-07-16 18:30:24
SEM/MO/00052,[PTEC019] PULPA DE LULO MERICA UNIDAD 250 g,Units,L1002615,16200.0,14577.0,100.0,Terminada,2026-04-10,2026-04-14 13:11,2026-04-14 13:11,Sí,Proceso Manual ,DESPITONADO,Terminada,3444.7,405.0,2026-04-14 13:11,2026-04-14 13:11,2026-07-16 18:30:24
SEM/MO/00052,[PTEC019] PULPA DE LULO MERICA UNIDAD 250 g,Units,L1002615,16200.0,14577.0,100.0,Terminada,2026-04-10,2026-04-14 13:11,2026-04-14 13:11,Sí,Lavado y desinfección,LAVADO 2,Terminada,387.4,360.0,2026-04-14 13:11,2026-04-14 13:11,2026-07-16 18:30:24
SEM/MO/00052,[PTEC019] PULPA DE LULO MERICA UNIDAD 250 g,Units,L1002615,16200.0,14577.0,100.0,Terminada,2026-04-10,2026-04-14 13:11,2026-04-14 13:11,Sí,Escaldado/descongelado,ESCALDADO,Terminada,729.1,355.0,2026-04-14 13:11,2026-04-14 13:11,2026-07-16 18:30:24
SEM/MO/00052,[PTEC019] PULPA DE LULO MERICA UNIDAD 250 g,Units,L1002615,16200.0,14577.0,100.0,Terminada,2026-04-10,2026-04-14 13:11,2026-04-14 13:11,Sí,Despulpado y refinado,PULPEADO,Terminada,607.4,370.1,2026-04-14 13:11,2026-04-14 13:11,2026-07-16 18:30:24
SEM/MO/00052,[PTEC019] PULPA DE LULO MERICA UNIDAD 250 g,Units,L1002615,16200.0,14577.0,100.0,Terminada,2026-04-10,2026-04-14 13:11,2026-04-14 13:11,Sí,Calentamiento,CALENTAMIENTO,Terminada,441.7,310.0,2026-04-14 13:11,2026-04-14 13:11,2026-07-16 18:30:24
SEM/MO/00052,[PTEC019] PULPA DE LULO MERICA UNIDAD 250 g,Units,L1002615,16200.0,14577.0,100.0,Terminada,2026-04-10,2026-04-14 13:11,2026-04-14 13:11,Sí,Dosificado manual ,DOSIFICADO MANUAL,Terminada,306.0,175.0,2026-04-14 13:11,2026-04-14 13:11,2026-07-16 18:30:24
SEM/MO/00052,[PTEC019] PULPA DE LULO MERICA UNIDAD 250 g,Units,L1002615,16200.0,14577.0,100.0,Terminada,2026-04-10,2026-04-14 13:11,2026-04-14 13:11,Sí,Etiquetado manual,ETIQUETADO,Terminada,437.3,240.2,2026-04-14 13:11,2026-04-14 13:11,2026-07-16 18:30:24
SEM/MO/00074,[REP-PTEC002] (Reproceso) PULPA DE GUANABANA GOYA USA UNIDAD 397 g,,,2385.0,9186.0,385.2,Terminada,2026-04-01,2026-04-14 16:33,2026-04-14 16:46,No,,,,,,,,2026-07-16 18:30:24
SEM/MO/00075,[PTEC002] PULPA DE GUANABANA GOYA USA UNIDAD 397 g,,,9186.0,9186.0,100.0,Terminada,2026-04-01,2026-04-14 16:35,2026-04-14 16:51,Sí,,,,,,,,2026-07-16 18:30:24
SEM/MO/00076,[REP-PTEC014] (Reproceso) MARACUYA CON PEPAS MERICA UNIDAD 500 g,,,394.0,394.0,100.0,Terminada,2026-04-06,2026-04-14 16:59,2026-04-14 17:03,No,,,,,,,,2026-07-16 18:30:24
SEM/MO/00077,[PTEC014] MARACUYA CON PEPAS MERICA UNIDAD 500 g,,,394.0,394.0,100.0,Terminada,2026-04-06,2026-04-14 17:03,2026-04-14 17:18,Sí,,,,,,,,2026-07-16 18:30:24
SEM/MO/00080,[REP-PTEC014] (Reproceso) MARACUYA CON PEPAS MERICA UNIDAD 500 g,,,394.0,394.0,100.0,Terminada,2026-04-06,2026-04-14 17:08,2026-04-14 17:08,No,,,,,,,,2026-07-16 18:30:24
SEM/MO/00083,[REP-PTEC014] (Reproceso) MARACUYA CON PEPAS MERICA UNIDAD 500 g,,,394.0,394.0,100.0,Terminada,2026-04-06,2026-04-14 17:14,2026-04-14 17:14,No,,,,,,,,2026-07-16 18:30:24
SEM/MO/00085,[REP-PTEC002] (Reproceso) PULPA DE GUANABANA GOYA USA UNIDAD 397 g,,,1822.0,1822.0,100.0,Terminada,2026-04-08,2026-04-14 17:33,2026-04-14 17:38,No,,,,,,,,2026-07-16 18:30:24
SEM/MO/00087,[PTEC002] PULPA DE GUANABANA GOYA USA UNIDAD 397 g,,,1822.0,1822.0,100.0,Terminada,2026-04-08,2026-04-14 17:34,2026-04-14 17:39,Sí,,,,,,,,2026-07-16 18:30:24
SEM/MO/00091,[REP-PTEC004] (Reproceso) PULPA DE GUAYABA GOYA USA UNIDAD 397 g ,,,797.0,797.0,100.0,Terminada,2026-04-09,2026-04-14 17:40,2026-04-14 17:46,No,,,,,,,,2026-07-16 18:30:24
SEM/MO/00094,[PTEC004] PULPA DE GUAYABA GOYA USA UNIDAD 397 g,,,797.0,797.0,100.0,Terminada,2026-04-09,2026-04-14 17:45,2026-04-14 17:48,Sí,,,,,,,,2026-07-16 18:30:24
SEM/MO/00095,[REP-PTEC009] (Reproceso) PULPA DE PIÑA GOYA USA UNIDAD 397 g ,,,1699.0,1699.0,100.0,Terminada,2026-04-10,2026-04-14 17:50,2026-04-14 17:52,No,,,,,,,,2026-07-16 18:30:24
SEM/MO/00096,[PTEC009] PULPA DE PIÑA GOYA USA UNIDAD 397 g,,,1699.0,1699.0,100.0,Terminada,2026-04-10,2026-04-14 17:50,2026-04-14 17:53,Sí,,,,,,,,2026-07-16 18:30:24
SEM/MO/00097,[REP-PTEC019] (Reproceso) PULPA DE LULO MERICA UNIDAD 250 g ,,,2723.0,2723.0,100.0,Terminada,2026-04-10,2026-04-14 17:53,2026-04-14 17:56,No,,,,,,,,2026-07-16 18:30:24
SEM/MO/00098,[PTEC019] PULPA DE LULO MERICA UNIDAD 250 g,,,2723.0,2723.0,100.0,Terminada,2026-04-10,2026-04-14 17:54,2026-04-14 17:57,Sí,,,,,,,,2026-07-16 18:30:24
SEM/MO/00102,[PTEXP003] NARANJILLA PULP 12 X 14 OZ,Units,HF PB 058 26,5040.0,5040.0,100.0,Terminada,2026-04-10,2026-04-15 08:37,2026-04-15 08:37,Sí,Encartonado,ENCARTONADO,Terminada,630.0,205.0,2026-04-15 08:37,2026-04-15 08:37,2026-07-16 18:30:24
SEM/MO/00101,[PTEXP002] SOURSOP PULP 12 X 14 OZ,Units,HF PB 091 26,2520.0,2520.0,100.0,Terminada,2026-04-10,2026-04-15 08:41,2026-04-15 08:41,Sí,Encartonado,ENCARTONADO,Terminada,3157.5,60.0,2026-04-15 08:41,2026-04-15 08:41,2026-07-16 18:30:24
SEM/MO/00099,[PTEXP007] PASSION FRUIT PULP 12 X 14 OZ,Units,HF PB 084 26,7560.0,7560.0,100.0,Terminada,2026-04-10,2026-04-15 08:43,2026-04-15 08:43,Sí,Encartonado,ENCARTONADO,Terminada,945.0,180.0,2026-04-15 08:43,2026-04-15 08:43,2026-07-16 18:30:24
SEM/MO/00066,[PTEXP002] SOURSOP PULP 12 X 14 OZ,Units,HF PB 083 26,2520.0,2520.0,100.0,Terminada,2026-04-13,2026-04-15 09:19,2026-04-15 09:19,Sí,Encartonado,ENCARTONADO,Terminada,315.0,105.0,2026-04-15 09:19,2026-04-15 09:19,2026-07-16 18:30:24
SEM/MO/00067,[PTEXP005] BLACKBERRY PULP 12 X 14 OZ,Units,HF PB 098 26,4560.0,4560.0,100.0,Terminada,2026-04-13,2026-04-15 09:25,2026-04-15 09:25,Sí,Encartonado,ENCARTONADO,Terminada,570.0,60.0,2026-04-15 09:25,2026-04-15 09:25,2026-07-16 18:30:24
SEM/MO/00103,[PTEXP003] NARANJILLA PULP 12 X 14 OZ,Units,HF PB 072 26,2520.0,2520.0,100.0,Terminada,2026-04-01,2026-04-15 10:21,2026-04-15 10:21,Sí,Encartonado,ENCARTONADO,Terminada,315.0,100.0,2026-04-15 10:21,2026-04-15 10:21,2026-07-16 18:30:24
SEM/MO/00068,[PTEXP005] BLACKBERRY PULP 12 X 14 OZ,Units,HF PB 098 26,2520.0,2520.0,100.0,Terminada,2026-04-13,2026-04-15 10:23,2026-04-15 10:23,Sí,Encartonado,ENCARTONADO,Terminada,315.0,120.0,2026-04-15 10:23,2026-04-15 10:23,2026-07-16 18:30:24
SEM/MO/00069,[PTEXP004] GUAVA PULP 12 X 14 OZ,Units,HF PB 085 26,1920.0,1920.0,100.0,Terminada,2026-04-13,2026-04-15 10:26,2026-04-15 10:26,Sí,Encartonado,ENCARTONADO,Terminada,240.0,50.0,2026-04-15 10:26,2026-04-15 10:26,2026-07-16 18:30:24
SEM/MO/00070,[PTEXP006] TAMARILLO PULP 12 X 14 OZ,Units,HF PB 064 26,1080.0,1080.0,100.0,Terminada,2026-04-13,2026-04-15 10:27,2026-04-15 10:27,Sí,Encartonado,ENCARTONADO,Terminada,135.0,50.0,2026-04-15 10:27,2026-04-15 10:27,2026-07-16 18:30:24
SEM/MO/00084,[PTEXP002] SOURSOP PULP 12 X 14 OZ,Units,HF PB 091 26,3360.0,3360.0,100.0,Terminada,2026-04-14,2026-04-15 12:00,2026-04-15 12:00,Sí,Encartonado,ENCARTONADO,Terminada,420.0,140.4,2026-04-15 12:00,2026-04-15 12:00,2026-07-16 18:30:24
SEM/MO/00086,[PTEXP005] BLACKBERRY PULP 12 X 14 OZ,Units,HF PB 098 26,1680.0,1680.0,100.0,Terminada,2026-04-14,2026-04-15 12:00,2026-04-15 12:00,Sí,Encartonado,ENCARTONADO,Terminada,210.0,45.0,2026-04-15 12:00,2026-04-15 12:00,2026-07-16 18:30:24
SEM/MO/00089,[PTEXP007] PASSION FRUIT PULP 12 X 14 OZ,Units,HF PB 097 26,2520.0,2520.0,100.0,Terminada,2026-04-14,2026-04-15 12:01,2026-04-15 12:01,Sí,Encartonado,ENCARTONADO,Terminada,315.0,70.0,2026-04-15 12:01,2026-04-15 12:01,2026-07-16 18:30:24
SEM/MO/00090,[PTEXP006] TAMARILLO PULP 12 X 14 OZ,Units,HF PB 064 26,120.0,120.0,100.0,Terminada,2026-04-14,2026-04-15 12:01,2026-04-15 12:01,Sí,Encartonado,ENCARTONADO,Terminada,15.0,20.0,2026-04-15 12:01,2026-04-15 12:01,2026-07-16 18:30:24
SEM/MO/00088,[PTEXP009] PINEAPPLE PULP 12 X 14 OZ,Units,HF PB 068 26,2400.0,2400.0,100.0,Terminada,2026-04-14,2026-04-15 12:02,2026-04-15 12:02,Sí,Encartonado,ENCARTONADO,Terminada,300.0,60.0,2026-04-15 12:02,2026-04-15 12:02,2026-07-16 18:30:24
SEM/MO/00105,[PTEC020] PULPA DE TAMARINDO MERICA UNIDAD 250 g,Units,L1042615,11000.0,11264.0,100.0,Terminada,2026-04-14,2026-04-16 10:08,2026-04-16 10:08,Sí,Liberación ,LIMPIEZA,Terminada,506.9,195.0,2026-04-16 10:08,2026-04-16 10:08,2026-07-16 18:30:24
SEM/MO/00105,[PTEC020] PULPA DE TAMARINDO MERICA UNIDAD 250 g,Units,L1042615,11000.0,11264.0,100.0,Terminada,2026-04-14,2026-04-16 10:08,2026-04-16 10:08,Sí,Escaldado/descongelado,ESCALDADO,Terminada,775.1,380.0,2026-04-16 10:08,2026-04-16 10:08,2026-07-16 18:30:24
SEM/MO/00105,[PTEC020] PULPA DE TAMARINDO MERICA UNIDAD 250 g,Units,L1042615,11000.0,11264.0,100.0,Terminada,2026-04-14,2026-04-16 10:08,2026-04-16 10:08,Sí,Despulpado y refinado,PULPEADO,Terminada,469.3,365.0,2026-04-16 10:08,2026-04-16 10:08,2026-07-16 18:30:24
SEM/MO/00105,[PTEC020] PULPA DE TAMARINDO MERICA UNIDAD 250 g,Units,L1042615,11000.0,11264.0,100.0,Terminada,2026-04-14,2026-04-16 10:08,2026-04-16 10:08,Sí,Dosificado manual ,DOSIFICADO MANUAL,Terminada,236.4,330.0,2026-04-16 10:08,2026-04-16 10:08,2026-07-16 18:30:24
SEM/MO/00105,[PTEC020] PULPA DE TAMARINDO MERICA UNIDAD 250 g,Units,L1042615,11000.0,11264.0,100.0,Terminada,2026-04-14,2026-04-16 10:08,2026-04-16 10:08,Sí,Etiquetado manual,ETIQUETADO,Terminada,337.9,205.0,2026-04-16 10:08,2026-04-16 10:08,2026-07-16 18:30:24
SEM/MO/00111,[REP-PTEC020] (Reproceso) PULPA DE TAMARINDO MERICA UNIDAD 250 g,,,2538.0,2538.0,100.0,Terminada,2026-04-14,2026-04-16 10:08,2026-04-16 10:53,No,,,,,,,,2026-07-16 18:30:24
SEM/MO/00112,[PTEC020] PULPA DE TAMARINDO MERICA UNIDAD 250 g,,,2538.0,2538.0,100.0,Terminada,2026-04-14,2026-04-16 10:12,2026-04-16 10:56,Sí,,,,,,,,2026-07-16 18:30:24
SEM/MO/00061,[PTEC001] PULPA DE MANGO GOYA USA UNIDAD 397 g,Units,HF PB 097 26,7600.0,7474.0,100.0,Terminada,2026-04-14,2026-04-16 10:43,2026-04-16 10:43,Sí,Liberación ,LIMPIEZA,Terminada,534.1,100.0,2026-04-16 10:43,2026-04-16 10:43,2026-07-16 18:30:24
SEM/MO/00061,[PTEC001] PULPA DE MANGO GOYA USA UNIDAD 397 g,Units,HF PB 097 26,7600.0,7474.0,100.0,Terminada,2026-04-14,2026-04-16 10:43,2026-04-16 10:43,Sí,Homogenizado,HOMOGENIZACIÓN,Terminada,74.2,80.0,2026-04-16 10:43,2026-04-16 10:43,2026-07-16 18:30:24
SEM/MO/00061,[PTEC001] PULPA DE MANGO GOYA USA UNIDAD 397 g,Units,HF PB 097 26,7600.0,7474.0,100.0,Terminada,2026-04-14,2026-04-16 10:43,2026-04-16 10:43,Sí,Pasteurizado,PASTEURIZACIÓN,Terminada,359.7,225.0,2026-04-16 10:43,2026-04-16 10:43,2026-07-16 18:30:24
SEM/MO/00061,[PTEC001] PULPA DE MANGO GOYA USA UNIDAD 397 g,Units,HF PB 097 26,7600.0,7474.0,100.0,Terminada,2026-04-14,2026-04-16 10:43,2026-04-16 10:43,Sí,Dosificado Automático,DOSIFICADO AUTOMÁTICO,Terminada,373.7,385.0,2026-04-16 10:43,2026-04-16 10:43,2026-07-16 18:30:24
SEM/MO/00061,[PTEC001] PULPA DE MANGO GOYA USA UNIDAD 397 g,Units,HF PB 097 26,7600.0,7474.0,100.0,Terminada,2026-04-14,2026-04-16 10:43,2026-04-16 10:43,Sí,Dosificado manual ,DOSIFICADO MANUAL,Terminada,395.6,165.0,2026-04-16 10:43,2026-04-16 10:43,2026-07-16 18:30:24
SEM/MO/00061,[PTEC001] PULPA DE MANGO GOYA USA UNIDAD 397 g,Units,HF PB 097 26,7600.0,7474.0,100.0,Terminada,2026-04-14,2026-04-16 10:43,2026-04-16 10:43,Sí,Etiquetado manual,ETIQUETADO,Terminada,224.2,95.0,2026-04-16 10:43,2026-04-16 10:43,2026-07-16 18:30:24
SEM/MO/00113,[REP-PTEC001] (Reproceso) PULPA DE MANGO GOYA USA UNIDAD 397 g ,,,2044.0,2044.0,100.0,Terminada,2026-04-14,2026-04-16 10:45,2026-04-16 10:57,No,,,,,,,,2026-07-16 18:30:24
SEM/MO/00114,[PTEC001] PULPA DE MANGO GOYA USA UNIDAD 397 g,,,2044.0,2044.0,100.0,Terminada,2026-04-14,2026-04-16 10:54,2026-04-16 11:32,Sí,,,,,,,,2026-07-16 18:30:24
SEM/MO/00060,[PTEC014] MARACUYA CON PEPAS MERICA UNIDAD 500 g,Units,L1042615,600.0,1733.0,100.0,Terminada,2026-04-14,2026-04-16 11:29,2026-04-16 11:29,Sí,Liberación ,LIMPIEZA,Terminada,156.0,75.0,2026-04-16 11:29,2026-04-16 11:29,2026-07-16 18:30:24
SEM/MO/00060,[PTEC014] MARACUYA CON PEPAS MERICA UNIDAD 500 g,Units,L1042615,600.0,1733.0,100.0,Terminada,2026-04-14,2026-04-16 11:29,2026-04-16 11:29,Sí,Lavado y desinfección,LAVADO 2,Terminada,199.2,570.0,2026-04-16 11:29,2026-04-16 11:29,2026-07-16 18:30:24
SEM/MO/00060,[PTEC014] MARACUYA CON PEPAS MERICA UNIDAD 500 g,Units,L1042615,600.0,1733.0,100.0,Terminada,2026-04-14,2026-04-16 11:29,2026-04-16 11:29,Sí,Despulpado manual,DESPULPADO MANUAL,Terminada,3058.2,749.9,2026-04-16 11:29,2026-04-16 11:29,2026-07-16 18:30:24
SEM/MO/00060,[PTEC014] MARACUYA CON PEPAS MERICA UNIDAD 500 g,Units,L1042615,600.0,1733.0,100.0,Terminada,2026-04-14,2026-04-16 11:29,2026-04-16 11:29,Sí,Dosificado manual ,DOSIFICADO MANUAL,Terminada,72.8,80.0,2026-04-16 11:29,2026-04-16 11:29,2026-07-16 18:30:24
SEM/MO/00060,[PTEC014] MARACUYA CON PEPAS MERICA UNIDAD 500 g,Units,L1042615,600.0,1733.0,100.0,Terminada,2026-04-14,2026-04-16 11:29,2026-04-16 11:29,Sí,Etiquetado manual,ETIQUETADO,Terminada,52.0,30.0,2026-04-16 11:29,2026-04-16 11:29,2026-07-16 18:30:24
SEM/MO/00055,[PTEC014] MARACUYA CON PEPAS MERICA UNIDAD 500 g,Units,L0962615,1200.0,1437.0,100.0,Terminada,2026-04-13,2026-04-16 11:31,2026-04-16 11:31,Sí,Liberación ,LIMPIEZA,Terminada,129.3,70.4,2026-04-16 11:31,2026-04-16 11:31,2026-07-16 18:30:24
SEM/MO/00055,[PTEC014] MARACUYA CON PEPAS MERICA UNIDAD 500 g,Units,L0962615,1200.0,1437.0,100.0,Terminada,2026-04-13,2026-04-16 11:31,2026-04-16 11:31,Sí,Lavado y desinfección,LAVADO 2,Terminada,165.2,155.8,2026-04-16 11:31,2026-04-16 11:31,2026-07-16 18:30:24
SEM/MO/00055,[PTEC014] MARACUYA CON PEPAS MERICA UNIDAD 500 g,Units,L0962615,1200.0,1437.0,100.0,Terminada,2026-04-13,2026-04-16 11:31,2026-04-16 11:31,Sí,Despulpado manual,DESPULPADO MANUAL,Terminada,2535.9,854.7,2026-04-16 11:31,2026-04-16 11:31,2026-07-16 18:30:24
SEM/MO/00055,[PTEC014] MARACUYA CON PEPAS MERICA UNIDAD 500 g,Units,L0962615,1200.0,1437.0,100.0,Terminada,2026-04-13,2026-04-16 11:31,2026-04-16 11:31,Sí,Dosificado manual ,DOSIFICADO MANUAL,Terminada,60.3,100.0,2026-04-16 11:31,2026-04-16 11:31,2026-07-16 18:30:24
SEM/MO/00055,[PTEC014] MARACUYA CON PEPAS MERICA UNIDAD 500 g,Units,L0962615,1200.0,1437.0,100.0,Terminada,2026-04-13,2026-04-16 11:31,2026-04-16 11:31,Sí,Etiquetado manual,ETIQUETADO,Terminada,43.1,30.0,2026-04-16 11:31,2026-04-16 11:31,2026-07-16 18:30:24
SEM/MO/00116,[REP-PTEC014] (Reproceso) MARACUYA CON PEPAS MERICA UNIDAD 500 g,,,200.0,200.0,100.0,Terminada,2026-04-14,2026-04-16 11:32,2026-04-21 17:00,No,,,,,,,,2026-07-16 18:30:24
SEM/MO/00118,[PTEC014] MARACUYA CON PEPAS MERICA UNIDAD 500 g,,,200.0,200.0,100.0,Terminada,2026-04-14,2026-04-16 11:34,2026-04-21 17:55,Sí,,,,,,,,2026-07-16 18:30:24
SEM/MO/00119,[REP-PTEC007] (Reproceso) PULPA DE MARACUYA GOYA USA UNIDAD 397 g,,,1015.0,1015.0,100.0,Terminada,2026-04-13,2026-04-16 11:37,2026-04-21 17:00,No,,,,,,,,2026-07-16 18:30:24
SEM/MO/00059,[PTEC007] PULPA DE MARACUYA GOYA USA UNIDAD 397 g,Units,HF PB 103 26,6500.0,6672.0,100.0,Terminada,2026-04-13,2026-04-16 11:44,2026-04-16 11:44,Sí,Liberación ,LIMPIEZA,Terminada,476.8,185.3,2026-04-16 11:44,2026-04-16 11:44,2026-07-16 18:30:24
SEM/MO/00059,[PTEC007] PULPA DE MARACUYA GOYA USA UNIDAD 397 g,Units,HF PB 103 26,6500.0,6672.0,100.0,Terminada,2026-04-13,2026-04-16 11:44,2026-04-16 11:44,Sí,Lavado y desinfección,LAVADO 2,Terminada,608.9,465.0,2026-04-16 11:44,2026-04-16 11:44,2026-07-16 18:30:24
SEM/MO/00059,[PTEC007] PULPA DE MARACUYA GOYA USA UNIDAD 397 g,Units,HF PB 103 26,6500.0,6672.0,100.0,Terminada,2026-04-13,2026-04-16 11:44,2026-04-16 11:44,Sí,Despulpado y refinado,PULPEADO,Terminada,441.5,414.5,2026-04-16 11:44,2026-04-16 11:44,2026-07-16 18:30:24
SEM/MO/00059,[PTEC007] PULPA DE MARACUYA GOYA USA UNIDAD 397 g,Units,HF PB 103 26,6500.0,6672.0,100.0,Terminada,2026-04-13,2026-04-16 11:44,2026-04-16 11:44,Sí,Pasteurizado,PASTEURIZACIÓN,Terminada,321.1,320.0,2026-04-16 11:44,2026-04-16 11:44,2026-07-16 18:30:24
SEM/MO/00059,[PTEC007] PULPA DE MARACUYA GOYA USA UNIDAD 397 g,Units,HF PB 103 26,6500.0,6672.0,100.0,Terminada,2026-04-13,2026-04-16 11:44,2026-04-16 11:44,Sí,Dosificado manual ,DOSIFICADO MANUAL,Terminada,353.2,360.0,2026-04-16 11:44,2026-04-16 11:44,2026-07-16 18:30:24
SEM/MO/00059,[PTEC007] PULPA DE MARACUYA GOYA USA UNIDAD 397 g,Units,HF PB 103 26,6500.0,6672.0,100.0,Terminada,2026-04-13,2026-04-16 11:44,2026-04-16 11:44,Sí,Etiquetado manual,ETIQUETADO,Terminada,200.2,77.0,2026-04-16 11:44,2026-04-16 11:44,2026-07-16 18:30:24
SEM/MO/00133,[REP-PTEC008] (Reproceso) PULPA DE PAPAYA GOYA USA UNIDAD 397 g,,,227.0,227.0,100.0,Terminada,2026-04-17,2026-04-17 11:21,2026-04-21 11:50,No,,,,,,,,2026-07-16 18:30:24
SEM/MO/00134,[REP-PULP009] (Reproceso) PULPA DE PAPAYA 16 KG,,,32.0,32.0,100.0,Terminada,2026-04-17,2026-04-17 11:23,2026-04-21 12:01,No,,,,,,,,2026-07-16 18:30:24
SEM/MO/00082,[PTEC017] PULPA DE GUAYABA MERICA UNIDAD 250 g,Units,L1062615,16200.0,16178.0,100.0,Terminada,2026-04-16,2026-04-20 09:05,2026-04-20 09:05,Sí,Liberación ,LIMPIEZA,Terminada,728.0,300.0,2026-04-20 09:05,2026-04-20 09:05,2026-07-16 18:30:24
SEM/MO/00082,[PTEC017] PULPA DE GUAYABA MERICA UNIDAD 250 g,Units,L1062615,16200.0,16178.0,100.0,Terminada,2026-04-16,2026-04-20 09:05,2026-04-20 09:05,Sí,Lavado y desinfección,LAVADO 2,Terminada,445.8,390.0,2026-04-20 09:05,2026-04-20 09:05,2026-07-16 18:30:24
SEM/MO/00082,[PTEC017] PULPA DE GUAYABA MERICA UNIDAD 250 g,Units,L1062615,16200.0,16178.0,100.0,Terminada,2026-04-16,2026-04-20 09:05,2026-04-20 09:05,Sí,Despulpado y refinado,PULPEADO,Terminada,674.1,380.0,2026-04-20 09:05,2026-04-20 09:05,2026-07-16 18:30:24
SEM/MO/00082,[PTEC017] PULPA DE GUAYABA MERICA UNIDAD 250 g,Units,L1062615,16200.0,16178.0,100.0,Terminada,2026-04-16,2026-04-20 09:05,2026-04-20 09:05,Sí,Calentamiento,CALENTAMIENTO,Terminada,490.2,420.1,2026-04-20 09:05,2026-04-20 09:05,2026-07-16 18:30:24
SEM/MO/00082,[PTEC017] PULPA DE GUAYABA MERICA UNIDAD 250 g,Units,L1062615,16200.0,16178.0,100.0,Terminada,2026-04-16,2026-04-20 09:05,2026-04-20 09:05,Sí,Dosificado manual ,DOSIFICADO MANUAL,Terminada,339.6,445.1,2026-04-20 09:05,2026-04-20 09:05,2026-07-16 18:30:24
SEM/MO/00082,[PTEC017] PULPA DE GUAYABA MERICA UNIDAD 250 g,Units,L1062615,16200.0,16178.0,100.0,Terminada,2026-04-16,2026-04-20 09:05,2026-04-20 09:05,Sí,Etiquetado manual,ETIQUETADO,Terminada,485.3,240.0,2026-04-20 09:05,2026-04-20 09:05,2026-07-16 18:30:24
SEM/MO/00120,[PTEC005] PULPA DE MORA GOYA USA UNIDAD 397 g,Units,HF PB 098 26,3800.0,4220.0,100.0,Terminada,2026-04-16,2026-04-20 09:29,2026-04-20 09:29,Sí,Liberación ,LIMPIEZA,Terminada,301.6,100.0,2026-04-20 09:29,2026-04-20 09:29,2026-07-16 18:30:24
SEM/MO/00120,[PTEC005] PULPA DE MORA GOYA USA UNIDAD 397 g,Units,HF PB 098 26,3800.0,4220.0,100.0,Terminada,2026-04-16,2026-04-20 09:29,2026-04-20 09:29,Sí,Escaldado/descongelado,ESCALDADO,Terminada,295.2,160.0,2026-04-20 09:29,2026-04-20 09:29,2026-07-16 18:30:24
SEM/MO/00120,[PTEC005] PULPA DE MORA GOYA USA UNIDAD 397 g,Units,HF PB 098 26,3800.0,4220.0,100.0,Terminada,2026-04-16,2026-04-20 09:29,2026-04-20 09:29,Sí,Despulpado y refinado,PULPEADO,Terminada,279.2,155.0,2026-04-20 09:29,2026-04-20 09:29,2026-07-16 18:30:24
SEM/MO/00120,[PTEC005] PULPA DE MORA GOYA USA UNIDAD 397 g,Units,HF PB 098 26,3800.0,4220.0,100.0,Terminada,2026-04-16,2026-04-20 09:29,2026-04-20 09:29,Sí,Pasteurizado,PASTEURIZACIÓN,Terminada,203.1,155.0,2026-04-20 09:29,2026-04-20 09:29,2026-07-16 18:30:24
SEM/MO/00120,[PTEC005] PULPA DE MORA GOYA USA UNIDAD 397 g,Units,HF PB 098 26,3800.0,4220.0,100.0,Terminada,2026-04-16,2026-04-20 09:29,2026-04-20 09:29,Sí,Dosificado manual ,DOSIFICADO MANUAL,Terminada,223.4,320.0,2026-04-20 09:29,2026-04-20 09:29,2026-07-16 18:30:24
SEM/MO/00120,[PTEC005] PULPA DE MORA GOYA USA UNIDAD 397 g,Units,HF PB 098 26,3800.0,4220.0,100.0,Terminada,2026-04-16,2026-04-20 09:29,2026-04-20 09:29,Sí,Etiquetado manual,ETIQUETADO,Terminada,126.6,35.0,2026-04-20 09:29,2026-04-20 09:29,2026-07-16 18:30:24
SEM/MO/00078,[PTEC021] TOMATE DE ARBOL ENTERO MERICA UNIDAD 500 g,Units,L0902615,900.0,860.0,100.0,Terminada,2026-04-15,2026-04-20 09:45,2026-04-20 09:45,Sí,Liberación ,LIMPIEZA,Terminada,77.4,40.0,2026-04-20 09:45,2026-04-20 09:45,2026-07-16 18:30:24
SEM/MO/00078,[PTEC021] TOMATE DE ARBOL ENTERO MERICA UNIDAD 500 g,Units,L0902615,900.0,860.0,100.0,Terminada,2026-04-15,2026-04-20 09:45,2026-04-20 09:45,Sí,Lavado y desinfección,LAVADO 2,Terminada,54.4,20.0,2026-04-20 09:45,2026-04-20 09:45,2026-07-16 18:30:24
SEM/MO/00078,[PTEC021] TOMATE DE ARBOL ENTERO MERICA UNIDAD 500 g,Units,L0902615,900.0,860.0,100.0,Terminada,2026-04-15,2026-04-20 09:45,2026-04-20 09:45,Sí,Enfundado 1,ENFUNDADO 1,Terminada,215.0,313.0,2026-04-20 09:45,2026-04-20 09:45,2026-07-16 18:30:24
SEM/MO/00078,[PTEC021] TOMATE DE ARBOL ENTERO MERICA UNIDAD 500 g,Units,L0902615,900.0,860.0,100.0,Terminada,2026-04-15,2026-04-20 09:45,2026-04-20 09:45,Sí,Etiquetado manual,ETIQUETADO,Terminada,25.8,25.0,2026-04-20 09:45,2026-04-20 09:45,2026-07-16 18:30:24
SEM/MO/00109,[PTEC010] TOMATE DE ARBOL GOYA USA ENTERO UNIDAD 397 g,Units,HF PB 105 26,1200.0,1220.0,100.0,Terminada,2026-04-15,2026-04-20 09:47,2026-04-20 09:47,Sí,Liberación ,LIMPIEZA,Terminada,87.2,50.0,2026-04-20 09:47,2026-04-20 09:47,2026-07-16 18:30:24
SEM/MO/00109,[PTEC010] TOMATE DE ARBOL GOYA USA ENTERO UNIDAD 397 g,Units,HF PB 105 26,1200.0,1220.0,100.0,Terminada,2026-04-15,2026-04-20 09:47,2026-04-20 09:47,Sí,Lavado y desinfección,LAVADO 2,Terminada,77.2,20.0,2026-04-20 09:47,2026-04-20 09:47,2026-07-16 18:30:24
SEM/MO/00109,[PTEC010] TOMATE DE ARBOL GOYA USA ENTERO UNIDAD 397 g,Units,HF PB 105 26,1200.0,1220.0,100.0,Terminada,2026-04-15,2026-04-20 09:47,2026-04-20 09:47,Sí,Enfundado 1,ENFUNDADO 1,Terminada,242.2,237.0,2026-04-20 09:47,2026-04-20 09:47,2026-07-16 18:30:24
SEM/MO/00109,[PTEC010] TOMATE DE ARBOL GOYA USA ENTERO UNIDAD 397 g,Units,HF PB 105 26,1200.0,1220.0,100.0,Terminada,2026-04-15,2026-04-20 09:47,2026-04-20 09:47,Sí,Etiquetado manual,ETIQUETADO,Terminada,36.6,35.0,2026-04-20 09:47,2026-04-20 09:47,2026-07-16 18:30:24
SEM/MO/00006,[PTEC012] PULPA DE MANGO MERICA UNIDAD 250 g,Units,L0962615,4000.0,3835.0,100.0,Terminada,2026-04-06,2026-04-20 09:53,2026-04-20 09:53,Sí,Liberación ,LIMPIEZA,Terminada,172.6,30.0,2026-04-20 09:53,2026-04-20 09:53,2026-07-16 18:30:24
SEM/MO/00006,[PTEC012] PULPA DE MANGO MERICA UNIDAD 250 g,Units,L0962615,4000.0,3835.0,100.0,Terminada,2026-04-06,2026-04-20 09:53,2026-04-20 09:53,Sí,Homogenizado,HOMOGENIZACIÓN,Terminada,24.0,60.0,2026-04-20 09:53,2026-04-20 09:53,2026-07-16 18:30:24
SEM/MO/00006,[PTEC012] PULPA DE MANGO MERICA UNIDAD 250 g,Units,L0962615,4000.0,3835.0,100.0,Terminada,2026-04-06,2026-04-20 09:53,2026-04-20 09:53,Sí,Calentamiento,CALENTAMIENTO,Terminada,116.2,60.0,2026-04-20 09:53,2026-04-20 09:53,2026-07-16 18:30:24
SEM/MO/00006,[PTEC012] PULPA DE MANGO MERICA UNIDAD 250 g,Units,L0962615,4000.0,3835.0,100.0,Terminada,2026-04-06,2026-04-20 09:53,2026-04-20 09:53,Sí,Dosificado manual ,DOSIFICADO MANUAL,Terminada,80.5,75.0,2026-04-20 09:53,2026-04-20 09:53,2026-07-16 18:30:24
SEM/MO/00006,[PTEC012] PULPA DE MANGO MERICA UNIDAD 250 g,Units,L0962615,4000.0,3835.0,100.0,Terminada,2026-04-06,2026-04-20 09:53,2026-04-20 09:53,Sí,Etiquetado manual,ETIQUETADO,Terminada,115.0,30.0,2026-04-20 09:53,2026-04-20 09:53,2026-07-16 18:30:24
SEM/MO/00028,[PTEC001] PULPA DE MANGO GOYA USA UNIDAD 397 g,Units,HF PB 097 26,8000.0,6831.0,100.0,Terminada,2026-04-07,2026-04-20 09:58,2026-04-20 09:58,Sí,Liberación ,LIMPIEZA,Terminada,488.1,70.0,2026-04-20 09:58,2026-04-20 09:58,2026-07-16 18:30:24
SEM/MO/00028,[PTEC001] PULPA DE MANGO GOYA USA UNIDAD 397 g,Units,HF PB 097 26,8000.0,6831.0,100.0,Terminada,2026-04-07,2026-04-20 09:58,2026-04-20 09:58,Sí,Homogenizado,HOMOGENIZACIÓN,Terminada,67.8,120.0,2026-04-20 09:58,2026-04-20 09:58,2026-07-16 18:30:24
SEM/MO/00028,[PTEC001] PULPA DE MANGO GOYA USA UNIDAD 397 g,Units,HF PB 097 26,8000.0,6831.0,100.0,Terminada,2026-04-07,2026-04-20 09:58,2026-04-20 09:58,Sí,Pasteurizado,PASTEURIZACIÓN,Terminada,328.7,110.0,2026-04-20 09:58,2026-04-20 09:58,2026-07-16 18:30:24
SEM/MO/00028,[PTEC001] PULPA DE MANGO GOYA USA UNIDAD 397 g,Units,HF PB 097 26,8000.0,6831.0,100.0,Terminada,2026-04-07,2026-04-20 09:58,2026-04-20 09:58,Sí,Dosificado manual ,DOSIFICADO MANUAL,Terminada,361.6,180.0,2026-04-20 09:58,2026-04-20 09:58,2026-07-16 18:30:24
SEM/MO/00028,[PTEC001] PULPA DE MANGO GOYA USA UNIDAD 397 g,Units,HF PB 097 26,8000.0,6831.0,100.0,Terminada,2026-04-07,2026-04-20 09:58,2026-04-20 09:58,Sí,Etiquetado manual,ETIQUETADO,Terminada,204.9,85.1,2026-04-20 09:58,2026-04-20 09:58,2026-07-16 18:30:24
SEM/MO/00123,[PTEC001] PULPA DE MANGO GOYA USA UNIDAD 397 g,,,2155.0,2155.0,100.0,Terminada,2026-04-07,2026-04-20 10:01,2026-04-21 17:57,Sí,,,,,,,,2026-07-16 18:30:24
SEM/MO/00124,[REP-PTEC001] (Reproceso) PULPA DE MANGO GOYA USA UNIDAD 397 g ,,,2155.0,2155.0,100.0,Terminada,2026-04-07,2026-04-20 10:02,2026-04-21 17:01,No,,,,,,,,2026-07-16 18:30:24
SEM/MO/00110,[PTEC006] PULPA DE TOMATE DE ARBOL GOYA USA UNIDAD 397 g,Units,HF PB 105 26,1000.0,1617.0,100.0,Terminada,2026-04-15,2026-04-20 10:16,2026-04-20 10:16,Sí,Liberación ,LIMPIEZA,Terminada,115.5,90.9,2026-04-20 10:16,2026-04-20 10:16,2026-07-16 18:30:24
SEM/MO/00110,[PTEC006] PULPA DE TOMATE DE ARBOL GOYA USA UNIDAD 397 g,Units,HF PB 105 26,1000.0,1617.0,100.0,Terminada,2026-04-15,2026-04-20 10:16,2026-04-20 10:16,Sí,Proceso Manual ,DESPITONADO,Terminada,304.7,50.0,2026-04-20 10:16,2026-04-20 10:16,2026-07-16 18:30:24
SEM/MO/00110,[PTEC006] PULPA DE TOMATE DE ARBOL GOYA USA UNIDAD 397 g,Units,HF PB 105 26,1000.0,1617.0,100.0,Terminada,2026-04-15,2026-04-20 10:16,2026-04-20 10:16,Sí,Lavado y desinfección,LAVADO 2,Terminada,81.3,55.0,2026-04-20 10:16,2026-04-20 10:16,2026-07-16 18:30:24
SEM/MO/00110,[PTEC006] PULPA DE TOMATE DE ARBOL GOYA USA UNIDAD 397 g,Units,HF PB 105 26,1000.0,1617.0,100.0,Terminada,2026-04-15,2026-04-20 10:16,2026-04-20 10:16,Sí,Despulpado y refinado,PULPEADO,Terminada,107.0,60.0,2026-04-20 10:16,2026-04-20 10:16,2026-07-16 18:30:24
SEM/MO/00110,[PTEC006] PULPA DE TOMATE DE ARBOL GOYA USA UNIDAD 397 g,Units,HF PB 105 26,1000.0,1617.0,100.0,Terminada,2026-04-15,2026-04-20 10:16,2026-04-20 10:16,Sí,Pasteurizado,PASTEURIZACIÓN,Terminada,77.8,40.0,2026-04-20 10:16,2026-04-20 10:16,2026-07-16 18:30:24
SEM/MO/00110,[PTEC006] PULPA DE TOMATE DE ARBOL GOYA USA UNIDAD 397 g,Units,HF PB 105 26,1000.0,1617.0,100.0,Terminada,2026-04-15,2026-04-20 10:16,2026-04-20 10:16,Sí,Dosificado manual ,DOSIFICADO MANUAL,Terminada,85.6,85.0,2026-04-20 10:16,2026-04-20 10:16,2026-07-16 18:30:24
SEM/MO/00110,[PTEC006] PULPA DE TOMATE DE ARBOL GOYA USA UNIDAD 397 g,Units,HF PB 105 26,1000.0,1617.0,100.0,Terminada,2026-04-15,2026-04-20 10:16,2026-04-20 10:16,Sí,Etiquetado manual,ETIQUETADO,Terminada,48.5,70.0,2026-04-20 10:16,2026-04-20 10:16,2026-07-16 18:30:24
SEM/MO/00125,[REP-PTEC006] (Reproceso) PULPA DE TOMATE DE ARBOL GOYA USA UNIDAD 397 g,,,320.0,320.0,100.0,Terminada,2026-04-15,2026-04-20 10:18,2026-04-21 17:14,No,,,,,,,,2026-07-16 18:30:24
SEM/MO/00126,[PTEC006] PULPA DE TOMATE DE ARBOL GOYA USA UNIDAD 397 g,,,320.0,320.0,100.0,Terminada,2026-04-15,2026-04-20 10:19,2026-04-21 21:30,Sí,,,,,,,,2026-07-16 18:30:24
SEM/MO/00127,[SALS006] SALSA DE FRESA EDULCORADA 15 KG,kg,L1072607,810.0,855.0,100.0,Terminada,2026-04-17,2026-04-21 12:19,2026-04-21 12:19,Sí,Lavado y desinfección,LAVADO 2,Terminada,22.3,50.0,2026-04-21 12:19,2026-04-21 12:19,2026-07-16 18:30:24
SEM/MO/00127,[SALS006] SALSA DE FRESA EDULCORADA 15 KG,kg,L1072607,810.0,855.0,100.0,Terminada,2026-04-17,2026-04-21 12:19,2026-04-21 12:19,Sí,Picado,RALLADO,Terminada,150.0,70.0,2026-04-21 12:19,2026-04-21 12:19,2026-07-16 18:30:24
SEM/MO/00127,[SALS006] SALSA DE FRESA EDULCORADA 15 KG,kg,L1072607,810.0,855.0,100.0,Terminada,2026-04-17,2026-04-21 12:19,2026-04-21 12:19,Sí,Pasteurizado,PASTEURIZACIÓN,Terminada,103.5,145.0,2026-04-21 12:19,2026-04-21 12:19,2026-07-16 18:30:24
SEM/MO/00127,[SALS006] SALSA DE FRESA EDULCORADA 15 KG,kg,L1072607,810.0,855.0,100.0,Terminada,2026-04-17,2026-04-21 12:19,2026-04-21 12:19,Sí,Envasado Manual,ENVASADO MANUAL,Terminada,51.3,85.0,2026-04-21 12:19,2026-04-21 12:19,2026-07-16 18:30:24
SEM/MO/00121,[TOPP008] TOPPING DE FRUTILLA 12 BX,kg,L1062609,1498.0,756.0,100.0,Terminada,2026-04-16,2026-04-21 12:34,2026-04-21 12:34,Sí,Liberación ,LIMPIEZA,Terminada,45.4,45.0,2026-04-21 12:34,2026-04-21 12:34,2026-07-16 18:30:24
SEM/MO/00121,[TOPP008] TOPPING DE FRUTILLA 12 BX,kg,L1062609,1498.0,756.0,100.0,Terminada,2026-04-16,2026-04-21 12:34,2026-04-21 12:34,Sí,Lavado y desinfección,LAVADO 2,Terminada,19.8,90.8,2026-04-21 12:34,2026-04-21 12:34,2026-07-16 18:30:24
SEM/MO/00121,[TOPP008] TOPPING DE FRUTILLA 12 BX,kg,L1062609,1498.0,756.0,100.0,Terminada,2026-04-16,2026-04-21 12:34,2026-04-21 12:34,Sí,Picado,RALLADO,Terminada,132.6,75.0,2026-04-21 12:34,2026-04-21 12:34,2026-07-16 18:30:24
SEM/MO/00121,[TOPP008] TOPPING DE FRUTILLA 12 BX,kg,L1062609,1498.0,756.0,100.0,Terminada,2026-04-16,2026-04-21 12:34,2026-04-21 12:34,Sí,Pasteurizado,PASTEURIZACIÓN,Terminada,91.5,75.0,2026-04-21 12:34,2026-04-21 12:34,2026-07-16 18:30:24
SEM/MO/00121,[TOPP008] TOPPING DE FRUTILLA 12 BX,kg,L1062609,1498.0,756.0,100.0,Terminada,2026-04-16,2026-04-21 12:34,2026-04-21 12:34,Sí,Envasado Manual,ENVASADO MANUAL,Terminada,45.4,75.0,2026-04-21 12:34,2026-04-21 12:34,2026-07-16 18:30:24
SEM/MO/00129,[PTEC019] PULPA DE LULO MERICA UNIDAD 250 g,Units,L1072615,12960.0,12400.0,100.0,Terminada,2026-04-17,2026-04-21 12:44,2026-04-21 12:44,Sí,Liberación ,LIMPIEZA,Terminada,558.0,85.0,2026-04-21 12:44,2026-04-21 12:44,2026-07-16 18:30:24
SEM/MO/00129,[PTEC019] PULPA DE LULO MERICA UNIDAD 250 g,Units,L1072615,12960.0,12400.0,100.0,Terminada,2026-04-17,2026-04-21 12:44,2026-04-21 12:44,Sí,Proceso Manual ,DESPITONADO,Terminada,2930.2,304.8,2026-04-21 12:44,2026-04-21 12:44,2026-07-16 18:30:24
SEM/MO/00129,[PTEC019] PULPA DE LULO MERICA UNIDAD 250 g,Units,L1072615,12960.0,12400.0,100.0,Terminada,2026-04-17,2026-04-21 12:44,2026-04-21 12:44,Sí,Lavado y desinfección,LAVADO 2,Terminada,329.5,320.0,2026-04-21 12:44,2026-04-21 12:44,2026-07-16 18:30:24
SEM/MO/00129,[PTEC019] PULPA DE LULO MERICA UNIDAD 250 g,Units,L1072615,12960.0,12400.0,100.0,Terminada,2026-04-17,2026-04-21 12:44,2026-04-21 12:44,Sí,Escaldado/descongelado,ESCALDADO,Terminada,620.2,315.0,2026-04-21 12:44,2026-04-21 12:44,2026-07-16 18:30:24
SEM/MO/00129,[PTEC019] PULPA DE LULO MERICA UNIDAD 250 g,Units,L1072615,12960.0,12400.0,100.0,Terminada,2026-04-17,2026-04-21 12:44,2026-04-21 12:44,Sí,Despulpado y refinado,PULPEADO,Terminada,516.7,315.0,2026-04-21 12:44,2026-04-21 12:44,2026-07-16 18:30:24
SEM/MO/00129,[PTEC019] PULPA DE LULO MERICA UNIDAD 250 g,Units,L1072615,12960.0,12400.0,100.0,Terminada,2026-04-17,2026-04-21 12:44,2026-04-21 12:44,Sí,Calentamiento,CALENTAMIENTO,Terminada,375.8,290.0,2026-04-21 12:44,2026-04-21 12:44,2026-07-16 18:30:24
SEM/MO/00129,[PTEC019] PULPA DE LULO MERICA UNIDAD 250 g,Units,L1072615,12960.0,12400.0,100.0,Terminada,2026-04-17,2026-04-21 12:44,2026-04-21 12:44,Sí,Dosificado manual ,DOSIFICADO MANUAL,Terminada,260.3,300.2,2026-04-21 12:44,2026-04-21 12:44,2026-07-16 18:30:24
SEM/MO/00129,[PTEC019] PULPA DE LULO MERICA UNIDAD 250 g,Units,L1072615,12960.0,12400.0,100.0,Terminada,2026-04-17,2026-04-21 12:44,2026-04-21 12:44,Sí,Etiquetado manual,ETIQUETADO,Terminada,372.0,85.0,2026-04-21 12:44,2026-04-21 12:44,2026-07-16 18:30:24
SEM/MO/00140,[REP-PTEC019] (Reproceso) PULPA DE LULO MERICA UNIDAD 250 g ,,,1848.0,1848.0,100.0,Terminada,2026-04-17,2026-04-21 12:45,2026-04-21 12:46,No,,,,,,,,2026-07-16 18:30:24
SEM/MO/00141,[PTEC019] PULPA DE LULO MERICA UNIDAD 250 g,,,1848.0,1848.0,100.0,Terminada,2026-04-17,2026-04-21 12:46,2026-04-21 18:02,Sí,,,,,,,,2026-07-16 18:30:24
SEM/MO/00062,[PTEC012] PULPA DE MANGO MERICA UNIDAD 250 g,Units,L1052615,12000.0,11730.0,100.0,Terminada,2026-04-15,2026-04-21 12:51,2026-04-21 12:51,Sí,Liberación ,LIMPIEZA,Terminada,527.9,100.0,2026-04-21 12:51,2026-04-21 12:51,2026-07-16 18:30:24
SEM/MO/00062,[PTEC012] PULPA DE MANGO MERICA UNIDAD 250 g,Units,L1052615,12000.0,11730.0,100.0,Terminada,2026-04-15,2026-04-21 12:51,2026-04-21 12:51,Sí,Homogenizado,HOMOGENIZACIÓN,Terminada,73.3,230.0,2026-04-21 12:51,2026-04-21 12:51,2026-07-16 18:30:24
SEM/MO/00062,[PTEC012] PULPA DE MANGO MERICA UNIDAD 250 g,Units,L1052615,12000.0,11730.0,100.0,Terminada,2026-04-15,2026-04-21 12:51,2026-04-21 12:51,Sí,Calentamiento,CALENTAMIENTO,Terminada,355.4,220.0,2026-04-21 12:51,2026-04-21 12:51,2026-07-16 18:30:24
SEM/MO/00062,[PTEC012] PULPA DE MANGO MERICA UNIDAD 250 g,Units,L1052615,12000.0,11730.0,100.0,Terminada,2026-04-15,2026-04-21 12:51,2026-04-21 12:51,Sí,Dosificado manual ,DOSIFICADO MANUAL,Terminada,246.2,285.3,2026-04-21 12:51,2026-04-21 12:51,2026-07-16 18:30:24
SEM/MO/00062,[PTEC012] PULPA DE MANGO MERICA UNIDAD 250 g,Units,L1052615,12000.0,11730.0,100.0,Terminada,2026-04-15,2026-04-21 12:51,2026-04-21 12:51,Sí,Etiquetado manual,ETIQUETADO,Terminada,351.9,255.2,2026-04-21 12:51,2026-04-21 12:51,2026-07-16 18:30:24
SEM/MO/00142,[REP-PTEC012] (Reproceso) PULPA DE MANGO MERICA UNIDAD 250 g,,,1903.0,1903.0,100.0,Terminada,2026-04-15,2026-04-21 12:51,2026-04-21 17:15,No,,,,,,,,2026-07-16 18:30:24
SEM/MO/00143,[PTEC012] PULPA DE MANGO MERICA UNIDAD 250 g,,,1903.0,1903.0,100.0,Terminada,2026-04-15,2026-04-21 12:53,2026-04-21 22:39,Sí,,,,,,,,2026-07-16 18:30:24
SEM/MO/00115,[SALS007] SALSA DE CHOCOLATE 1 KG,kg,L1042604,700.0,752.0,100.0,Terminada,2026-04-14,2026-04-21 14:10,2026-04-21 14:10,Sí,Liberación ,LIMPIEZA,Terminada,45.1,60.0,2026-04-21 14:10,2026-04-21 14:10,2026-07-16 18:30:24
SEM/MO/00115,[SALS007] SALSA DE CHOCOLATE 1 KG,kg,L1042604,700.0,752.0,100.0,Terminada,2026-04-14,2026-04-21 14:10,2026-04-21 14:10,Sí,Mezclado,MEZCLADO,Terminada,95.0,90.0,2026-04-21 14:10,2026-04-21 14:10,2026-07-16 18:30:24
SEM/MO/00115,[SALS007] SALSA DE CHOCOLATE 1 KG,kg,L1042604,700.0,752.0,100.0,Terminada,2026-04-14,2026-04-21 14:10,2026-04-21 14:10,Sí,Pasteurizado,PASTEURIZACIÓN,Terminada,91.0,60.0,2026-04-21 14:10,2026-04-21 14:10,2026-07-16 18:30:24
SEM/MO/00115,[SALS007] SALSA DE CHOCOLATE 1 KG,kg,L1042604,700.0,752.0,100.0,Terminada,2026-04-14,2026-04-21 14:10,2026-04-21 14:10,Sí,Envasado Manual,ENVASADO MANUAL,Terminada,45.1,185.0,2026-04-21 14:10,2026-04-21 14:10,2026-07-16 18:30:24
SEM/MO/00128,[PTEC008] PULPA DE PAPAYA GOYA USA UNIDAD 397 g,Units,HF PB 107 26,2600.0,3349.0,100.0,Terminada,2026-04-17,2026-04-21 15:50,2026-04-21 15:50,Sí,Liberación ,LIMPIEZA,Terminada,239.3,40.0,2026-04-21 15:50,2026-04-21 15:50,2026-07-16 18:30:24
SEM/MO/00128,[PTEC008] PULPA DE PAPAYA GOYA USA UNIDAD 397 g,Units,HF PB 107 26,2600.0,3349.0,100.0,Terminada,2026-04-17,2026-04-21 15:50,2026-04-21 15:50,Sí,Lavado y desinfección,LAVADO 2,Terminada,155.9,130.0,2026-04-21 15:50,2026-04-21 15:50,2026-07-16 18:30:24
SEM/MO/00128,[PTEC008] PULPA DE PAPAYA GOYA USA UNIDAD 397 g,Units,HF PB 107 26,2600.0,3349.0,100.0,Terminada,2026-04-17,2026-04-21 15:50,2026-04-21 15:50,Sí,Despulpado y refinado,PULPEADO,Terminada,221.6,105.0,2026-04-21 15:50,2026-04-21 15:50,2026-07-16 18:30:24
SEM/MO/00128,[PTEC008] PULPA DE PAPAYA GOYA USA UNIDAD 397 g,Units,HF PB 107 26,2600.0,3349.0,100.0,Terminada,2026-04-17,2026-04-21 15:50,2026-04-21 15:50,Sí,Homogenizado,HOMOGENIZACIÓN,Terminada,33.2,125.0,2026-04-21 15:50,2026-04-21 15:50,2026-07-16 18:30:24
SEM/MO/00128,[PTEC008] PULPA DE PAPAYA GOYA USA UNIDAD 397 g,Units,HF PB 107 26,2600.0,3349.0,100.0,Terminada,2026-04-17,2026-04-21 15:50,2026-04-21 15:50,Sí,Pasteurizado,PASTEURIZACIÓN,Terminada,161.2,95.0,2026-04-21 15:50,2026-04-21 15:50,2026-07-16 18:30:24
SEM/MO/00128,[PTEC008] PULPA DE PAPAYA GOYA USA UNIDAD 397 g,Units,HF PB 107 26,2600.0,3349.0,100.0,Terminada,2026-04-17,2026-04-21 15:50,2026-04-21 15:50,Sí,Dosificado manual ,DOSIFICADO MANUAL,Terminada,177.3,115.0,2026-04-21 15:50,2026-04-21 15:50,2026-07-16 18:30:24
SEM/MO/00128,[PTEC008] PULPA DE PAPAYA GOYA USA UNIDAD 397 g,Units,HF PB 107 26,2600.0,3349.0,100.0,Terminada,2026-04-17,2026-04-21 15:50,2026-04-21 15:50,Sí,Etiquetado manual,ETIQUETADO,Terminada,100.5,30.0,2026-04-21 15:50,2026-04-21 15:50,2026-07-16 18:30:24
SEM/MO/00128,[PTEC008] PULPA DE PAPAYA GOYA USA UNIDAD 397 g,Units,HF PB 107 26,2600.0,3349.0,100.0,Terminada,2026-04-17,2026-04-21 15:50,2026-04-21 15:50,Sí,Despepado,DESPEPADO,Terminada,0.0,120.0,2026-04-21 15:50,2026-04-21 15:50,2026-07-16 18:30:24
SEM/MO/00130,[PULP009] PULPA DE PAPAYA 16 KG,kg,L1072608,336.0,368.0,100.0,Terminada,2026-04-17,2026-04-21 16:02,2026-04-21 16:02,Sí,Liberación ,LIMPIEZA,Terminada,22.1,35.0,2026-04-21 16:02,2026-04-21 16:02,2026-07-16 18:30:24
SEM/MO/00130,[PULP009] PULPA DE PAPAYA 16 KG,kg,L1072608,336.0,368.0,100.0,Terminada,2026-04-17,2026-04-21 16:02,2026-04-21 16:02,Sí,Lavado y desinfección,LAVADO 2,Terminada,43.1,25.0,2026-04-21 16:02,2026-04-21 16:02,2026-07-16 18:30:24
SEM/MO/00130,[PULP009] PULPA DE PAPAYA 16 KG,kg,L1072608,336.0,368.0,100.0,Terminada,2026-04-17,2026-04-21 16:02,2026-04-21 16:02,Sí,Despulpado y refinado,PULPEADO,Terminada,61.3,60.0,2026-04-21 16:02,2026-04-21 16:02,2026-07-16 18:30:24
SEM/MO/00130,[PULP009] PULPA DE PAPAYA 16 KG,kg,L1072608,336.0,368.0,100.0,Terminada,2026-04-17,2026-04-21 16:02,2026-04-21 16:02,Sí,Pasteurizado,PASTEURIZACIÓN,Terminada,44.5,10.0,2026-04-21 16:02,2026-04-21 16:02,2026-07-16 18:30:24
SEM/MO/00130,[PULP009] PULPA DE PAPAYA 16 KG,kg,L1072608,336.0,368.0,100.0,Terminada,2026-04-17,2026-04-21 16:02,2026-04-21 16:02,Sí,Envasado Manual,ENVASADO MANUAL,Terminada,22.1,40.0,2026-04-21 16:02,2026-04-21 16:02,2026-07-16 18:30:24
SEM/MO/00130,[PULP009] PULPA DE PAPAYA 16 KG,kg,L1072608,336.0,368.0,100.0,Terminada,2026-04-17,2026-04-21 16:02,2026-04-21 16:02,Sí,Despepado,DESPEPADO,Terminada,0.0,30.0,2026-04-21 16:02,2026-04-21 16:02,2026-07-16 18:30:24
SEM/MO/00081,[PTEC002] PULPA DE GUANABANA GOYA USA UNIDAD 397 g,Units,HF PB 105 26,4500.0,5044.0,100.0,Terminada,2026-04-15,2026-04-21 16:23,2026-04-21 16:23,Sí,Liberación ,LIMPIEZA,Terminada,360.4,105.0,2026-04-21 16:23,2026-04-21 16:23,2026-07-16 18:30:24
SEM/MO/00081,[PTEC002] PULPA DE GUANABANA GOYA USA UNIDAD 397 g,Units,HF PB 105 26,4500.0,5044.0,100.0,Terminada,2026-04-15,2026-04-21 16:23,2026-04-21 16:23,Sí,Escaldado/descongelado,ESCALDADO,Terminada,436.3,465.0,2026-04-21 16:23,2026-04-21 16:23,2026-07-16 18:30:24
SEM/MO/00081,[PTEC002] PULPA DE GUANABANA GOYA USA UNIDAD 397 g,Units,HF PB 105 26,4500.0,5044.0,100.0,Terminada,2026-04-15,2026-04-21 16:23,2026-04-21 16:23,Sí,Despulpado y refinado,PULPEADO,Terminada,333.7,440.0,2026-04-21 16:23,2026-04-21 16:23,2026-07-16 18:30:24
SEM/MO/00081,[PTEC002] PULPA DE GUANABANA GOYA USA UNIDAD 397 g,Units,HF PB 105 26,4500.0,5044.0,100.0,Terminada,2026-04-15,2026-04-21 16:23,2026-04-21 16:23,Sí,Homogenizado,HOMOGENIZACIÓN,Terminada,50.1,225.0,2026-04-21 16:23,2026-04-21 16:23,2026-07-16 18:30:24
SEM/MO/00081,[PTEC002] PULPA DE GUANABANA GOYA USA UNIDAD 397 g,Units,HF PB 105 26,4500.0,5044.0,100.0,Terminada,2026-04-15,2026-04-21 16:23,2026-04-21 16:23,Sí,Pasteurizado,PASTEURIZACIÓN,Terminada,242.7,290.0,2026-04-21 16:23,2026-04-21 16:23,2026-07-16 18:30:24
SEM/MO/00081,[PTEC002] PULPA DE GUANABANA GOYA USA UNIDAD 397 g,Units,HF PB 105 26,4500.0,5044.0,100.0,Terminada,2026-04-15,2026-04-21 16:23,2026-04-21 16:23,Sí,Dosificado manual ,DOSIFICADO MANUAL,Terminada,267.0,230.0,2026-04-21 16:23,2026-04-21 16:23,2026-07-16 18:30:24
SEM/MO/00081,[PTEC002] PULPA DE GUANABANA GOYA USA UNIDAD 397 g,Units,HF PB 105 26,4500.0,5044.0,100.0,Terminada,2026-04-15,2026-04-21 16:23,2026-04-21 16:23,Sí,Etiquetado manual,ETIQUETADO,Terminada,151.3,150.0,2026-04-21 16:23,2026-04-21 16:23,2026-07-16 18:30:24
SEM/MO/00152,[REP-PTEC019] (Reproceso) PULPA DE LULO MERICA UNIDAD 250 g ,,,1848.0,1848.0,100.0,Terminada,2026-04-17,2026-04-21 17:08,2026-04-21 17:11,No,,,,,,,,2026-07-16 18:30:24
SEM/MO/00145,[PTEC009] PULPA DE PIÑA GOYA USA UNIDAD 397 g,Units,HF PB 110 26,1300.0,2302.0,100.0,Terminada,2026-04-20,2026-04-21 17:47,2026-04-21 17:47,Sí,Liberación ,LIMPIEZA,Terminada,164.5,60.0,2026-04-21 17:47,2026-04-21 17:47,2026-07-16 18:30:24
SEM/MO/00145,[PTEC009] PULPA DE PIÑA GOYA USA UNIDAD 397 g,Units,HF PB 110 26,1300.0,2302.0,100.0,Terminada,2026-04-20,2026-04-21 17:47,2026-04-21 17:47,Sí,Lavado y desinfección,LAVADO 2,Terminada,115.7,65.0,2026-04-21 17:47,2026-04-21 17:47,2026-07-16 18:30:24
SEM/MO/00145,[PTEC009] PULPA DE PIÑA GOYA USA UNIDAD 397 g,Units,HF PB 110 26,1300.0,2302.0,100.0,Terminada,2026-04-20,2026-04-21 17:47,2026-04-21 17:47,Sí,Despulpado y refinado,PULPEADO,Terminada,152.3,70.0,2026-04-21 17:47,2026-04-21 17:47,2026-07-16 18:30:24
SEM/MO/00145,[PTEC009] PULPA DE PIÑA GOYA USA UNIDAD 397 g,Units,HF PB 110 26,1300.0,2302.0,100.0,Terminada,2026-04-20,2026-04-21 17:47,2026-04-21 17:47,Sí,Pasteurizado,PASTEURIZACIÓN,Terminada,110.8,50.0,2026-04-21 17:47,2026-04-21 17:47,2026-07-16 18:30:24
SEM/MO/00145,[PTEC009] PULPA DE PIÑA GOYA USA UNIDAD 397 g,Units,HF PB 110 26,1300.0,2302.0,100.0,Terminada,2026-04-20,2026-04-21 17:47,2026-04-21 17:47,Sí,Dosificado manual ,DOSIFICADO MANUAL,Terminada,121.8,90.0,2026-04-21 17:47,2026-04-21 17:47,2026-07-16 18:30:24
SEM/MO/00145,[PTEC009] PULPA DE PIÑA GOYA USA UNIDAD 397 g,Units,HF PB 110 26,1300.0,2302.0,100.0,Terminada,2026-04-20,2026-04-21 17:47,2026-04-21 17:47,Sí,Etiquetado manual,ETIQUETADO,Terminada,69.1,40.0,2026-04-21 17:47,2026-04-21 17:47,2026-07-16 18:30:24
SEM/MO/00158,[REP-PTEC009] (Reproceso) PULPA DE PIÑA GOYA USA UNIDAD 397 g ,,,60.0,60.0,100.0,Terminada,2026-04-17,2026-04-21 17:47,2026-04-21 18:00,No,,,,,,,,2026-07-16 18:30:24
SEM/MO/00159,[PTEC009] PULPA DE PIÑA GOYA USA UNIDAD 397 g,,,60.0,60.0,100.0,Terminada,2026-04-17,2026-04-21 17:48,2026-04-21 18:23,Sí,,,,,,,,2026-07-16 18:30:24
SEM/MO/00117,[PTEXP004] GUAVA PULP 12 X 14 OZ,Units,HF PB 099 26,7560.0,7560.0,100.0,Terminada,2026-04-15,2026-04-21 18:13,2026-04-21 18:13,Sí,Encartonado,ENCARTONADO,Terminada,945.0,255.0,2026-04-21 18:13,2026-04-21 18:13,2026-07-16 18:30:24
SEM/MO/00072,[PTEXP004] GUAVA PULP 12 X 14 OZ,Units,HF PB 085 26,2520.0,2520.0,100.0,Terminada,2026-04-15,2026-04-21 18:14,2026-04-21 18:14,Sí,Encartonado,ENCARTONADO,Terminada,315.0,65.0,2026-04-21 18:14,2026-04-21 18:14,2026-07-16 18:30:24
SEM/MO/00073,[PTEXP002] SOURSOP PULP 12 X 14 OZ,Units,HF PB 091 26,5040.0,5040.0,100.0,Terminada,2026-04-15,2026-04-21 18:15,2026-04-21 18:15,Sí,Encartonado,ENCARTONADO,Terminada,630.0,150.0,2026-04-21 18:15,2026-04-21 18:15,2026-07-16 18:30:24
SEM/MO/00146,[PTEC015] PULPA DE MARACUYA MERICA UNIDAD 250 g,Units,L1102615,11000.0,12574.0,100.0,Terminada,2026-04-20,2026-04-21 18:29,2026-04-21 18:29,Sí,Lavado y desinfección,LAVADO 2,Terminada,722.6,230.0,2026-04-21 18:29,2026-04-21 18:29,2026-07-16 18:30:24
SEM/MO/00146,[PTEC015] PULPA DE MARACUYA MERICA UNIDAD 250 g,Units,L1102615,11000.0,12574.0,100.0,Terminada,2026-04-20,2026-04-21 18:29,2026-04-21 18:29,Sí,Despulpado y refinado,PULPEADO,Terminada,523.9,360.0,2026-04-21 18:29,2026-04-21 18:29,2026-07-16 18:30:24
SEM/MO/00146,[PTEC015] PULPA DE MARACUYA MERICA UNIDAD 250 g,Units,L1102615,11000.0,12574.0,100.0,Terminada,2026-04-20,2026-04-21 18:29,2026-04-21 18:29,Sí,Calentamiento,CALENTAMIENTO,Terminada,381.0,155.0,2026-04-21 18:29,2026-04-21 18:29,2026-07-16 18:30:24
SEM/MO/00146,[PTEC015] PULPA DE MARACUYA MERICA UNIDAD 250 g,Units,L1102615,11000.0,12574.0,100.0,Terminada,2026-04-20,2026-04-21 18:29,2026-04-21 18:29,Sí,Dosificado manual ,DOSIFICADO MANUAL,Terminada,263.9,425.0,2026-04-21 18:29,2026-04-21 18:29,2026-07-16 18:30:24
SEM/MO/00146,[PTEC015] PULPA DE MARACUYA MERICA UNIDAD 250 g,Units,L1102615,11000.0,12574.0,100.0,Terminada,2026-04-20,2026-04-21 18:29,2026-04-21 18:29,Sí,Etiquetado manual,ETIQUETADO,Terminada,377.2,240.0,2026-04-21 18:29,2026-04-21 18:29,2026-07-16 18:30:24
SEM/MO/00146,[PTEC015] PULPA DE MARACUYA MERICA UNIDAD 250 g,Units,L1102615,11000.0,12574.0,100.0,Terminada,2026-04-20,2026-04-21 18:29,2026-04-21 18:29,Sí,Liberación,LIMPIEZA,Terminada,0.0,120.0,2026-04-21 18:29,2026-04-21 18:29,2026-07-16 18:30:24
SEM/MO/00160,[REP-PTEC015] (Reproceso) PULPA DE MARACUYA MERICA UNIDAD 250 g,,,1.0,2941.0,294100.0,Terminada,2026-04-20,2026-04-21 18:33,2026-04-21 22:38,No,,,,,,,,2026-07-16 18:30:24
SEM/MO/00161,[PTEC015] PULPA DE MARACUYA MERICA UNIDAD 250 g,,,2941.0,2941.0,100.0,Terminada,2026-04-20,2026-04-21 18:35,2026-04-21 22:48,Sí,,,,,,,,2026-07-16 18:30:24
SEM/MO/00148,[PULP010] PULPA DE MARACUYA 10 KG,kg,L1102608,10.0,10.0,100.0,Terminada,2026-04-20,2026-04-21 18:45,2026-04-21 18:45,Sí,Envasado Manual,ENVASADO MANUAL,Terminada,0.6,10.0,2026-04-21 18:45,2026-04-21 18:45,2026-07-16 18:30:24
SEM/MO/00147,[PTEC014] MARACUYA CON PEPAS MERICA UNIDAD 500 g,Units,L1042615,800.0,368.0,100.0,Terminada,2026-04-20,2026-04-21 18:50,2026-04-21 18:50,Sí,Liberación ,LIMPIEZA,Terminada,33.1,70.2,2026-04-21 18:50,2026-04-21 18:50,2026-07-16 18:30:24
SEM/MO/00147,[PTEC014] MARACUYA CON PEPAS MERICA UNIDAD 500 g,Units,L1042615,800.0,368.0,100.0,Terminada,2026-04-20,2026-04-21 18:50,2026-04-21 18:50,Sí,Lavado y desinfección,LAVADO 2,Terminada,42.3,75.0,2026-04-21 18:50,2026-04-21 18:50,2026-07-16 18:30:24
SEM/MO/00147,[PTEC014] MARACUYA CON PEPAS MERICA UNIDAD 500 g,Units,L1042615,800.0,368.0,100.0,Terminada,2026-04-20,2026-04-21 18:50,2026-04-21 18:50,Sí,Despulpado manual,DESPULPADO MANUAL,Terminada,649.4,200.0,2026-04-21 18:50,2026-04-21 18:50,2026-07-16 18:30:24
SEM/MO/00147,[PTEC014] MARACUYA CON PEPAS MERICA UNIDAD 500 g,Units,L1042615,800.0,368.0,100.0,Terminada,2026-04-20,2026-04-21 18:50,2026-04-21 18:50,Sí,Dosificado manual ,DOSIFICADO MANUAL,Terminada,15.4,45.0,2026-04-21 18:50,2026-04-21 18:50,2026-07-16 18:30:24
SEM/MO/00147,[PTEC014] MARACUYA CON PEPAS MERICA UNIDAD 500 g,Units,L1042615,800.0,368.0,100.0,Terminada,2026-04-20,2026-04-21 18:50,2026-04-21 18:50,Sí,Etiquetado manual,ETIQUETADO,Terminada,11.0,30.0,2026-04-21 18:50,2026-04-21 18:50,2026-07-16 18:30:24
SEM/MO/00135,[PTEXP002] SOURSOP PULP 12 X 14 OZ,Caja de 12,HF PB 105 26,210.0,210.0,100.0,Terminada,2026-04-20,2026-04-21 20:05,2026-04-21 20:05,Sí,Encartonado,ENCARTONADO,Terminada,315.0,75.0,2026-04-21 20:05,2026-04-21 20:05,2026-07-16 18:30:24
SEM/MO/00136,[PTEXP002] SOURSOP PULP 12 X 14 OZ,Caja de 12,HF PB  098 26,210.0,210.0,100.0,Terminada,2026-04-20,2026-04-21 20:05,2026-04-21 20:05,Sí,Encartonado,ENCARTONADO,Terminada,315.0,80.0,2026-04-21 20:05,2026-04-21 20:05,2026-07-16 18:30:24
SEM/MO/00137,[PTEXP001] MANGO PULP 12 X 14 OZ,Caja de 12,HF PB 069 26,210.0,210.0,100.0,Terminada,2026-04-20,2026-04-21 20:06,2026-04-21 20:06,Sí,Encartonado,ENCARTONADO,Terminada,315.0,55.0,2026-04-21 20:06,2026-04-21 20:06,2026-07-16 18:30:24
SEM/MO/00138,[PTEXP008] PAPAYA PULP 12 X 14 OZ,Caja de 12,HF PB 061 26,10.0,10.0,100.0,Terminada,2026-04-20,2026-04-21 20:06,2026-04-21 20:06,Sí,Encartonado,ENCARTONADO,Terminada,15.0,20.0,2026-04-21 20:06,2026-04-21 20:06,2026-07-16 18:30:24
SEM/MO/00139,[PTEXP009] PINEAPPLE PULP 12 X 14 OZ,Caja de 12,HF PB 100 26,200.0,200.0,100.0,Terminada,2026-04-20,2026-04-21 20:08,2026-04-21 20:08,Sí,Encartonado,ENCARTONADO,Terminada,300.0,125.0,2026-04-21 20:08,2026-04-21 20:08,2026-07-16 18:30:24
SEM/MO/00149,[PTEXP001] MANGO PULP 12 X 14 OZ,Caja de 12,HF PB 097 26,210.0,210.0,100.0,Terminada,2026-04-20,2026-04-21 20:09,2026-04-21 20:09,Sí,Encartonado,ENCARTONADO,Terminada,315.0,75.0,2026-04-21 20:09,2026-04-21 20:09,2026-07-16 18:30:24
SEM/MO/00150,[PTEXP005] BLACKBERRY PULP 12 X 14 OZ,Caja de 12,HF PB  098 26,400.0,400.0,100.0,Terminada,2026-04-21,2026-04-21 21:49,2026-04-21 21:49,Sí,Encartonado,ENCARTONADO,Terminada,600.0,170.0,2026-04-21 21:49,2026-04-21 21:49,2026-07-16 18:30:24
SEM/MO/00151,[PTEXP008] PAPAYA PULP 12 X 14 OZ,Caja de 12,HF PB 061 26,40.0,180.0,100.0,Terminada,2026-04-21,2026-04-21 21:59,2026-04-21 21:59,Sí,Encartonado,ENCARTONADO,Terminada,270.0,80.0,2026-04-21 21:59,2026-04-21 21:59,2026-07-16 18:30:24
SEM/MO/00153,[PTEXP001] MANGO PULP 12 X 14 OZ,Caja de 12,HF PB 069 26,160.0,160.0,100.0,Terminada,2026-04-20,2026-04-21 22:05,2026-04-21 22:05,Sí,Encartonado,ENCARTONADO,Terminada,240.0,80.0,2026-04-21 22:05,2026-04-21 22:05,2026-07-16 18:30:24
SEM/MO/00155,[PTEXP004] GUAVA PULP 12 X 14 OZ,Caja de 12,HF PB 099 26,60.0,60.0,100.0,Terminada,2026-04-21,2026-04-21 22:08,2026-04-21 22:08,Sí,Encartonado,ENCARTONADO,Terminada,90.0,30.0,2026-04-21 22:08,2026-04-21 22:08,2026-07-16 18:30:24
SEM/MO/00156,[PTEXP006] TAMARILLO PULP 12 X 14 OZ,Caja de 12,HF PB 064 26,50.0,50.0,100.0,Terminada,2026-04-21,2026-04-21 22:13,2026-04-21 22:13,Sí,Encartonado,ENCARTONADO,Terminada,75.0,30.0,2026-04-21 22:13,2026-04-21 22:13,2026-07-16 18:30:24
SEM/MO/00157,[PTEXP010] TOMATE DE ARBOL WHOLE 8 X 14 OZ,Caja de 8,HF PB 105 26,150.0,150.0,100.0,Terminada,2026-04-21,2026-04-21 22:16,2026-04-21 22:16,Sí,Encartonado,ENCARTONADO,Terminada,150.0,60.0,2026-04-21 22:16,2026-04-21 22:16,2026-07-16 18:30:24
SEM/MO/00163,[PTEXP008] PAPAYA PULP 12 X 14 OZ,Caja de 12,HF PB 107 26,360.0,210.0,100.0,Terminada,2026-04-21,2026-04-21 22:29,2026-04-21 22:29,Sí,Encartonado,ENCARTONADO,Terminada,315.0,110.0,2026-04-21 22:29,2026-04-21 22:29,2026-07-16 18:30:24
SEM/MO/00164,[PTEXP001] MANGO PULP 12 X 14 OZ,Caja de 12,HF PB 097 26,620.0,620.0,100.0,Terminada,2026-04-20,2026-04-21 22:30,2026-04-21 22:30,Sí,Encartonado,ENCARTONADO,Terminada,930.0,270.0,2026-04-21 22:30,2026-04-21 22:30,2026-07-16 18:30:24
SEM/MO/00166,[PTEXP002] SOURSOP PULP 12 X 14 OZ,Caja de 12,HF PB  098 26,60.0,60.0,100.0,Terminada,2026-04-21,2026-04-21 22:37,2026-04-21 22:37,Sí,Encartonado,ENCARTONADO,Terminada,90.0,30.5,2026-04-21 22:37,2026-04-21 22:37,2026-07-16 18:30:24
SEM/MO/00122,[TOPP008] TOPPING DE FRUTILLA 12 BX,kg,L1072609,650.0,616.0,100.0,Terminada,2026-04-17,2026-04-21 22:47,2026-04-21 22:47,Sí,Liberación ,LIMPIEZA,Terminada,37.0,55.0,2026-04-21 22:47,2026-04-21 22:47,2026-07-16 18:30:24
SEM/MO/00122,[TOPP008] TOPPING DE FRUTILLA 12 BX,kg,L1072609,650.0,616.0,100.0,Terminada,2026-04-17,2026-04-21 22:47,2026-04-21 22:47,Sí,Lavado y desinfección,LAVADO 2,Terminada,16.1,115.0,2026-04-21 22:47,2026-04-21 22:47,2026-07-16 18:30:24
SEM/MO/00122,[TOPP008] TOPPING DE FRUTILLA 12 BX,kg,L1072609,650.0,616.0,100.0,Terminada,2026-04-17,2026-04-21 22:47,2026-04-21 22:47,Sí,Picado,RALLADO,Terminada,108.1,65.0,2026-04-21 22:47,2026-04-21 22:47,2026-07-16 18:30:24
SEM/MO/00122,[TOPP008] TOPPING DE FRUTILLA 12 BX,kg,L1072609,650.0,616.0,100.0,Terminada,2026-04-17,2026-04-21 22:47,2026-04-21 22:47,Sí,Pasteurizado,PASTEURIZACIÓN,Terminada,74.5,55.0,2026-04-21 22:47,2026-04-21 22:47,2026-07-16 18:30:24
SEM/MO/00122,[TOPP008] TOPPING DE FRUTILLA 12 BX,kg,L1072609,650.0,616.0,100.0,Terminada,2026-04-17,2026-04-21 22:47,2026-04-21 22:47,Sí,Envasado Manual,ENVASADO MANUAL,Terminada,37.0,40.0,2026-04-21 22:47,2026-04-21 22:47,2026-07-16 18:30:24
SEM/MO/00176,[REP-PTEC021] (Reproceso) TOMATE DE ARBOL ENTERO MERICA UNIDAD 500 g,,,11.0,11.0,100.0,Terminada,2026-04-22,2026-04-22 09:28,2026-04-23 10:16,No,,,,,,,,2026-07-16 18:30:24
SEM/MO/00184,[REP-SALS007] (Reproceso) SALSA DE CHOCOLATE 1 KG,,,2.0,2.0,100.0,Terminada,2026-04-22,2026-04-22 10:56,2026-04-23 11:01,No,,,,,,,,2026-07-16 18:30:24
SEM/MO/00192,[REP-PULP012] (Reproceso) PULPA DE TOMATE DE ARBOL 16 KG,,,64.0,64.0,100.0,Terminada,2026-04-22,2026-04-22 11:35,2026-04-23 11:39,No,,,,,,,,2026-07-16 18:30:24
SEM/MO/00169,[PULP006] PULPA DE FRESA 12 KG,kg,L1112609,516.0,408.0,100.0,Terminada,2026-04-21,2026-04-22 12:28,2026-04-22 12:28,Sí,Liberación ,LIMPIEZA,Terminada,24.5,45.0,2026-04-22 12:28,2026-04-22 12:28,2026-07-16 18:30:24
SEM/MO/00169,[PULP006] PULPA DE FRESA 12 KG,kg,L1112609,516.0,408.0,100.0,Terminada,2026-04-21,2026-04-22 12:28,2026-04-22 12:28,Sí,Lavado y desinfección,LAVADO 2,Terminada,36.0,25.0,2026-04-22 12:28,2026-04-22 12:28,2026-07-16 18:30:24
SEM/MO/00169,[PULP006] PULPA DE FRESA 12 KG,kg,L1112609,516.0,408.0,100.0,Terminada,2026-04-21,2026-04-22 12:28,2026-04-22 12:28,Sí,Despulpado y refinado,PULPEADO,Terminada,68.0,70.0,2026-04-22 12:28,2026-04-22 12:28,2026-07-16 18:30:24
SEM/MO/00169,[PULP006] PULPA DE FRESA 12 KG,kg,L1112609,516.0,408.0,100.0,Terminada,2026-04-21,2026-04-22 12:28,2026-04-22 12:28,Sí,Pasteurizado,PASTEURIZACIÓN,Terminada,49.4,30.0,2026-04-22 12:28,2026-04-22 12:28,2026-07-16 18:30:24
SEM/MO/00169,[PULP006] PULPA DE FRESA 12 KG,kg,L1112609,516.0,408.0,100.0,Terminada,2026-04-21,2026-04-22 12:28,2026-04-22 12:28,Sí,Envasado Manual,ENVASADO MANUAL,Terminada,24.5,25.0,2026-04-22 12:28,2026-04-22 12:28,2026-07-16 18:30:24
SEM/MO/00171,[PTEC002] PULPA DE GUANABANA GOYA USA UNIDAD 397 g,Units,HF PB 111 26,10000.0,2578.0,100.0,Terminada,2026-04-21,2026-04-23 09:05,2026-04-23 09:05,Sí,Liberación ,LIMPIEZA,Terminada,184.2,85.0,2026-04-23 09:05,2026-04-23 09:05,2026-07-16 18:30:24
SEM/MO/00171,[PTEC002] PULPA DE GUANABANA GOYA USA UNIDAD 397 g,Units,HF PB 111 26,10000.0,2578.0,100.0,Terminada,2026-04-21,2026-04-23 09:05,2026-04-23 09:05,Sí,Escaldado/descongelado,ESCALDADO,Terminada,223.0,95.0,2026-04-23 09:05,2026-04-23 09:05,2026-07-16 18:30:24
SEM/MO/00171,[PTEC002] PULPA DE GUANABANA GOYA USA UNIDAD 397 g,Units,HF PB 111 26,10000.0,2578.0,100.0,Terminada,2026-04-21,2026-04-23 09:05,2026-04-23 09:05,Sí,Despulpado y refinado,PULPEADO,Terminada,170.6,90.0,2026-04-23 09:05,2026-04-23 09:05,2026-07-16 18:30:24
SEM/MO/00171,[PTEC002] PULPA DE GUANABANA GOYA USA UNIDAD 397 g,Units,HF PB 111 26,10000.0,2578.0,100.0,Terminada,2026-04-21,2026-04-23 09:05,2026-04-23 09:05,Sí,Homogenizado,HOMOGENIZACIÓN,Terminada,25.6,35.0,2026-04-23 09:05,2026-04-23 09:05,2026-07-16 18:30:24
SEM/MO/00171,[PTEC002] PULPA DE GUANABANA GOYA USA UNIDAD 397 g,Units,HF PB 111 26,10000.0,2578.0,100.0,Terminada,2026-04-21,2026-04-23 09:05,2026-04-23 09:05,Sí,Pasteurizado,PASTEURIZACIÓN,Terminada,124.1,85.0,2026-04-23 09:05,2026-04-23 09:05,2026-07-16 18:30:24
SEM/MO/00171,[PTEC002] PULPA DE GUANABANA GOYA USA UNIDAD 397 g,Units,HF PB 111 26,10000.0,2578.0,100.0,Terminada,2026-04-21,2026-04-23 09:05,2026-04-23 09:05,Sí,Dosificado Automático,DOSIFICADO AUTOMÁTICO,Terminada,128.9,215.0,2026-04-23 09:05,2026-04-23 09:05,2026-07-16 18:30:24
SEM/MO/00170,[PTEC018] PULPA DE GUANABANA MERICA UNIDAD 250 g,Units,L1112615,10300.0,10283.0,100.0,Terminada,2026-04-21,2026-04-23 09:08,2026-04-23 09:08,Sí,Liberación ,LIMPIEZA,Terminada,462.7,105.0,2026-04-23 09:08,2026-04-23 09:08,2026-07-16 18:30:24
SEM/MO/00170,[PTEC018] PULPA DE GUANABANA MERICA UNIDAD 250 g,Units,L1112615,10300.0,10283.0,100.0,Terminada,2026-04-21,2026-04-23 09:08,2026-04-23 09:08,Sí,Escaldado/descongelado,ESCALDADO,Terminada,560.1,190.0,2026-04-23 09:08,2026-04-23 09:08,2026-07-16 18:30:24
SEM/MO/00170,[PTEC018] PULPA DE GUANABANA MERICA UNIDAD 250 g,Units,L1112615,10300.0,10283.0,100.0,Terminada,2026-04-21,2026-04-23 09:08,2026-04-23 09:08,Sí,Despulpado y refinado,PULPEADO,Terminada,428.5,215.0,2026-04-23 09:08,2026-04-23 09:08,2026-07-16 18:30:24
SEM/MO/00170,[PTEC018] PULPA DE GUANABANA MERICA UNIDAD 250 g,Units,L1112615,10300.0,10283.0,100.0,Terminada,2026-04-21,2026-04-23 09:08,2026-04-23 09:08,Sí,Calentamiento,CALENTAMIENTO,Terminada,311.6,200.0,2026-04-23 09:08,2026-04-23 09:08,2026-07-16 18:30:24
SEM/MO/00170,[PTEC018] PULPA DE GUANABANA MERICA UNIDAD 250 g,Units,L1112615,10300.0,10283.0,100.0,Terminada,2026-04-21,2026-04-23 09:08,2026-04-23 09:08,Sí,Dosificado manual ,DOSIFICADO MANUAL,Terminada,215.8,225.0,2026-04-23 09:08,2026-04-23 09:08,2026-07-16 18:30:24
SEM/MO/00170,[PTEC018] PULPA DE GUANABANA MERICA UNIDAD 250 g,Units,L1112615,10300.0,10283.0,100.0,Terminada,2026-04-21,2026-04-23 09:08,2026-04-23 09:08,Sí,Etiquetado manual,ETIQUETADO,Terminada,308.5,350.0,2026-04-23 09:08,2026-04-23 09:08,2026-07-16 18:30:24
SEM/MO/00174,[REP-PTEC018] (Reproceso) PULPA DE GUANABANA MERICA UNIDAD 250 g,,,695.0,695.0,100.0,Terminada,2026-04-21,2026-04-23 09:09,2026-04-23 09:14,No,,,,,,,,2026-07-16 18:30:24
SEM/MO/00175,[PTEC018] PULPA DE GUANABANA MERICA UNIDAD 250 g,,,695.0,695.0,100.0,Terminada,2026-04-21,2026-04-23 09:10,2026-04-23 09:16,Sí,,,,,,,,2026-07-16 18:30:24
SEM/MO/00199,[REP-PTEC017] (Reproceso) PULPA DE GUAYABA MERICA UNIDAD 250 g,,,96.0,96.0,100.0,Terminada,2026-04-23,2026-04-23 09:13,2026-04-24 11:15,No,,,,,,,,2026-07-16 18:30:24
SEM/MO/00202,[REP-PTEC017] (Reproceso) PULPA DE GUAYABA MERICA UNIDAD 250 g,,,105.0,105.0,100.0,Terminada,2026-04-23,2026-04-23 11:23,2026-04-24 12:26,Sí,,,,,,,,2026-07-16 18:30:24
SEM/MO/00172,[SALS009] SALSA DE ARANDANO,kg,L1122607,270.0,270.0,100.0,Terminada,2026-04-22,2026-04-23 14:28,2026-04-23 14:28,Sí,Liberación,LIMPIEZA,Terminada,16.2,50.0,2026-04-23 14:28,2026-04-23 14:28,2026-07-16 18:30:24
SEM/MO/00172,[SALS009] SALSA DE ARANDANO,kg,L1122607,270.0,270.0,100.0,Terminada,2026-04-22,2026-04-23 14:28,2026-04-23 14:28,Sí,Pasteurizado,PASTEURIZACIÓN,Terminada,32.7,35.0,2026-04-23 14:28,2026-04-23 14:28,2026-07-16 18:30:24
SEM/MO/00172,[SALS009] SALSA DE ARANDANO,kg,L1122607,270.0,270.0,100.0,Terminada,2026-04-22,2026-04-23 14:28,2026-04-23 14:28,Sí,Envasado manual,ENVASADO MANUAL,Terminada,16.2,30.0,2026-04-23 14:28,2026-04-23 14:28,2026-07-16 18:30:24
SEM/MO/00185,[PTEXP019] Pulpa Lulo America x 250 gr (CAJAS 10 UDS),Units,L1002615,3420.0,3420.0,100.0,Terminada,2026-04-16,2026-04-23 22:22,2026-04-23 22:22,Sí,Encartonado,ENCARTONADO,Terminada,525.0,70.0,2026-04-23 22:22,2026-04-23 22:22,2026-07-16 18:30:24
SEM/MO/00183,[PTEXP019] Pulpa Lulo America x 250 gr (CAJAS 10 UDS),Units,L0922615,6840.0,6840.0,100.0,Terminada,2026-04-16,2026-04-23 22:24,2026-04-23 22:24,Sí,Encartonado,ENCARTONADO,Terminada,1050.0,130.0,2026-04-23 22:24,2026-04-23 22:24,2026-07-16 18:30:24
SEM/MO/00182,[PTEXP021] Tomate Arbol Congelado América x 500gr (Cajas de 12 uds),Units,L0902615,1584.0,1584.0,100.0,Terminada,2026-04-16,2026-04-23 22:25,2026-04-23 22:25,Sí,Encartonado,ENCARTONADO,Terminada,346.5,55.0,2026-04-23 22:25,2026-04-23 22:25,2026-07-16 18:30:24
SEM/MO/00187,[PTEXP014] Maracuyá C/ Pepas x 500 gr (CAJAS 10 UDS),Units,L0762615,1980.0,1980.0,100.0,Terminada,2026-04-16,2026-04-23 22:38,2026-04-23 22:38,Sí,Encartonado,ENCARTONADO,Terminada,607.9,84.5,2026-04-23 22:38,2026-04-23 22:38,2026-07-16 18:30:24
SEM/MO/00190,[PTEXP017] Pulpa Guayaba America x 250 gr (CAJAS 10 UDS),Units,L1062615,6840.0,6840.0,100.0,Terminada,2026-04-22,2026-04-23 22:59,2026-04-23 22:59,Sí,Encartonado,ENCARTONADO,Terminada,1050.0,240.0,2026-04-23 22:59,2026-04-23 22:59,2026-07-16 18:30:24
SEM/MO/00197,[PTEXP012] Pulpa Mango America x 250 gr (CAJAS 10 UDS),Units,L1052615,6840.0,6840.0,100.0,Terminada,2026-04-23,2026-04-23 23:35,2026-04-23 23:35,Sí,Encartonado,ENCARTONADO,Terminada,1050.0,170.0,2026-04-23 23:35,2026-04-23 23:35,2026-07-16 18:30:24
SEM/MO/00196,[PTEXP012] Pulpa Mango America x 250 gr (CAJAS 10 UDS),Units,L0902615,3420.0,3420.0,100.0,Terminada,2026-04-23,2026-04-23 23:40,2026-04-23 23:40,Sí,Encartonado,ENCARTONADO,Terminada,525.0,65.0,2026-04-23 23:40,2026-04-23 23:40,2026-07-16 18:30:24
SEM/MO/00195,[PTEXP012] Pulpa Mango America x 250 gr (CAJAS 10 UDS),Units,L0962615,3420.0,3420.0,100.0,Terminada,2026-04-23,2026-04-23 23:44,2026-04-23 23:44,Sí,Encartonado,ENCARTONADO,Terminada,525.0,60.0,2026-04-23 23:44,2026-04-23 23:44,2026-07-16 18:30:24
SEM/MO/00191,[PTEXP020] Pulpa Tamarindo America x 250 gr (CAJAS 10 UDS),Units,L0962615,6840.0,10260.0,100.0,Terminada,2026-04-23,2026-04-24 00:36,2026-04-24 00:36,Sí,Encartonado,ENCARTONADO,Terminada,1575.0,230.0,2026-04-24 00:36,2026-04-24 00:36,2026-07-16 18:30:24
SEM/MO/00193,[PTEXP020] Pulpa Tamarindo America x 250 gr (CAJAS 10 UDS),Units,L1042615-PTEXP020(1),6840.0,3420.0,100.0,Terminada,2026-04-23,2026-04-24 00:43,2026-04-24 00:43,Sí,Encartonado,ENCARTONADO,Terminada,525.0,60.0,2026-04-24 00:43,2026-04-24 00:43,2026-07-16 18:30:24
SEM/MO/00194,[PTEXP015] Pulpa Maracuyá America x 250 gr (CAJAS 10 UDS),Units,L0832615,3420.0,3420.0,100.0,Terminada,2026-04-17,2026-04-24 00:45,2026-04-24 00:45,Sí,Encartonado,ENCARTONADO,Terminada,525.0,80.0,2026-04-24 00:45,2026-04-24 00:45,2026-07-16 18:30:24
SEM/MO/00173,[PULP012] PULPA DE TOMATE DE ARBOL 16 KG,kg,L1122608,1120.0,1360.0,100.0,Terminada,2026-04-22,2026-04-24 00:58,2026-04-24 00:58,Sí,Liberación ,LIMPIEZA,Terminada,81.6,85.0,2026-04-24 00:58,2026-04-24 00:58,2026-07-16 18:30:24
SEM/MO/00173,[PULP012] PULPA DE TOMATE DE ARBOL 16 KG,kg,L1122608,1120.0,1360.0,100.0,Terminada,2026-04-22,2026-04-24 00:58,2026-04-24 00:58,Sí,Lavado y desinfección,LAVADO 2,Terminada,172.2,120.0,2026-04-24 00:58,2026-04-24 00:58,2026-07-16 18:30:24
SEM/MO/00173,[PULP012] PULPA DE TOMATE DE ARBOL 16 KG,kg,L1122608,1120.0,1360.0,100.0,Terminada,2026-04-22,2026-04-24 00:58,2026-04-24 00:58,Sí,Escaldado/descongelado,ESCALDADO,Terminada,323.8,105.0,2026-04-24 00:58,2026-04-24 00:58,2026-07-16 18:30:24
SEM/MO/00173,[PULP012] PULPA DE TOMATE DE ARBOL 16 KG,kg,L1122608,1120.0,1360.0,100.0,Terminada,2026-04-22,2026-04-24 00:58,2026-04-24 00:58,Sí,Despulpado y refinado,PULPEADO,Terminada,226.7,90.0,2026-04-24 00:58,2026-04-24 00:58,2026-07-16 18:30:24
SEM/MO/00173,[PULP012] PULPA DE TOMATE DE ARBOL 16 KG,kg,L1122608,1120.0,1360.0,100.0,Terminada,2026-04-22,2026-04-24 00:58,2026-04-24 00:58,Sí,Pasteurizado,PASTEURIZACIÓN,Terminada,164.6,145.0,2026-04-24 00:58,2026-04-24 00:58,2026-07-16 18:30:24
SEM/MO/00173,[PULP012] PULPA DE TOMATE DE ARBOL 16 KG,kg,L1122608,1120.0,1360.0,100.0,Terminada,2026-04-22,2026-04-24 00:58,2026-04-24 00:58,Sí,Envasado Manual,ENVASADO MANUAL,Terminada,81.6,95.0,2026-04-24 00:58,2026-04-24 00:58,2026-07-16 18:30:24
SEM/MO/00179,[SALS007] SALSA DE CHOCOLATE 1 KG,kg,L1122604,2000.0,2012.0,100.0,Terminada,2026-04-22,2026-04-24 12:10,2026-04-24 12:10,Sí,Liberación ,LIMPIEZA,Terminada,120.7,45.0,2026-04-24 12:10,2026-04-24 12:10,2026-07-16 18:30:24
SEM/MO/00179,[SALS007] SALSA DE CHOCOLATE 1 KG,kg,L1122604,2000.0,2012.0,100.0,Terminada,2026-04-22,2026-04-24 12:10,2026-04-24 12:10,Sí,Mezclado,MEZCLADO,Terminada,254.2,180.0,2026-04-24 12:10,2026-04-24 12:10,2026-07-16 18:30:24
SEM/MO/00179,[SALS007] SALSA DE CHOCOLATE 1 KG,kg,L1122604,2000.0,2012.0,100.0,Terminada,2026-04-22,2026-04-24 12:10,2026-04-24 12:10,Sí,Pasteurizado,PASTEURIZACIÓN,Terminada,243.4,245.0,2026-04-24 12:10,2026-04-24 12:10,2026-07-16 18:30:24
SEM/MO/00179,[SALS007] SALSA DE CHOCOLATE 1 KG,kg,L1122604,2000.0,2012.0,100.0,Terminada,2026-04-22,2026-04-24 12:10,2026-04-24 12:10,Sí,Envasado Manual,ENVASADO MANUAL,Terminada,120.7,305.0,2026-04-24 12:10,2026-04-24 12:10,2026-07-16 18:30:24
SEM/MO/00177,[PTEC028] PULPA DE PAPAYA GOYA UE UNIDAD 250 g,Units,HF PB 112 26,9000.0,8642.0,100.0,Terminada,2026-04-22,2026-04-24 12:11,2026-04-24 12:11,Sí,Liberación ,LIMPIEZA,Terminada,388.9,388.9,2026-04-24 12:11,2026-04-24 12:11,2026-07-16 18:30:24
SEM/MO/00177,[PTEC028] PULPA DE PAPAYA GOYA UE UNIDAD 250 g,Units,HF PB 112 26,9000.0,8642.0,100.0,Terminada,2026-04-22,2026-04-24 12:11,2026-04-24 12:11,Sí,Lavado y desinfección,LAVADO 2,Terminada,253.3,60.0,2026-04-24 12:11,2026-04-24 12:11,2026-07-16 18:30:24
SEM/MO/00177,[PTEC028] PULPA DE PAPAYA GOYA UE UNIDAD 250 g,Units,HF PB 112 26,9000.0,8642.0,100.0,Terminada,2026-04-22,2026-04-24 12:11,2026-04-24 12:11,Sí,Despulpado y refinado,PULPEADO,Terminada,360.1,165.0,2026-04-24 12:11,2026-04-24 12:11,2026-07-16 18:30:24
SEM/MO/00177,[PTEC028] PULPA DE PAPAYA GOYA UE UNIDAD 250 g,Units,HF PB 112 26,9000.0,8642.0,100.0,Terminada,2026-04-22,2026-04-24 12:11,2026-04-24 12:11,Sí,Homogenizado,HOMOGENIZACIÓN,Terminada,54.0,60.0,2026-04-24 12:11,2026-04-24 12:11,2026-07-16 18:30:24
SEM/MO/00177,[PTEC028] PULPA DE PAPAYA GOYA UE UNIDAD 250 g,Units,HF PB 112 26,9000.0,8642.0,100.0,Terminada,2026-04-22,2026-04-24 12:11,2026-04-24 12:11,Sí,Pasteurizado,PASTEURIZACIÓN,Terminada,261.9,85.0,2026-04-24 12:11,2026-04-24 12:11,2026-07-16 18:30:24
SEM/MO/00177,[PTEC028] PULPA DE PAPAYA GOYA UE UNIDAD 250 g,Units,HF PB 112 26,9000.0,8642.0,100.0,Terminada,2026-04-22,2026-04-24 12:11,2026-04-24 12:11,Sí,Dosificado manual ,DOSIFICADO MANUAL,Terminada,181.4,285.0,2026-04-24 12:11,2026-04-24 12:11,2026-07-16 18:30:24
SEM/MO/00177,[PTEC028] PULPA DE PAPAYA GOYA UE UNIDAD 250 g,Units,HF PB 112 26,9000.0,8642.0,100.0,Terminada,2026-04-22,2026-04-24 12:11,2026-04-24 12:11,Sí,Etiquetado manual,ETIQUETADO,Terminada,259.3,175.0,2026-04-24 12:11,2026-04-24 12:11,2026-07-16 18:30:24
SEM/MO/00144,[PULP014] PULPA DE PIÑA 16 KG,kg,L1102608,144.0,144.0,100.0,Terminada,2026-04-20,2026-04-24 15:37,2026-04-24 15:37,Sí,Lavado y desinfección,LAVADO 2,Terminada,22.9,30.0,2026-04-24 15:37,2026-04-24 15:37,2026-07-16 18:30:24
SEM/MO/00144,[PULP014] PULPA DE PIÑA 16 KG,kg,L1102608,144.0,144.0,100.0,Terminada,2026-04-20,2026-04-24 15:37,2026-04-24 15:37,Sí,Pelado Manual,PELADO MANUAL,Terminada,144.0,95.0,2026-04-24 15:37,2026-04-24 15:37,2026-07-16 18:30:24
SEM/MO/00144,[PULP014] PULPA DE PIÑA 16 KG,kg,L1102608,144.0,144.0,100.0,Terminada,2026-04-20,2026-04-24 15:37,2026-04-24 15:37,Sí,Despulpado y refinado,PULPEADO,Terminada,24.0,40.0,2026-04-24 15:37,2026-04-24 15:37,2026-07-16 18:30:24
SEM/MO/00144,[PULP014] PULPA DE PIÑA 16 KG,kg,L1102608,144.0,144.0,100.0,Terminada,2026-04-20,2026-04-24 15:37,2026-04-24 15:37,Sí,Pasteurizado,PASTEURIZACIÓN,Terminada,17.4,15.0,2026-04-24 15:37,2026-04-24 15:37,2026-07-16 18:30:24
SEM/MO/00144,[PULP014] PULPA DE PIÑA 16 KG,kg,L1102608,144.0,144.0,100.0,Terminada,2026-04-20,2026-04-24 15:37,2026-04-24 15:37,Sí,Envasado Manual,ENVASADO MANUAL,Terminada,8.6,15.0,2026-04-24 15:37,2026-04-24 15:37,2026-07-16 18:30:24
SEM/MO/00203,[PULP012] PULPA DE TOMATE DE ARBOL 16 KG,kg,L1122608,1312.0,1312.0,100.0,Terminada,2026-04-22,2026-04-24 15:48,2026-04-24 15:48,Sí,Liberación ,LIMPIEZA,Terminada,78.7,85.0,2026-04-24 15:48,2026-04-24 15:48,2026-07-16 18:30:24
SEM/MO/00203,[PULP012] PULPA DE TOMATE DE ARBOL 16 KG,kg,L1122608,1312.0,1312.0,100.0,Terminada,2026-04-22,2026-04-24 15:48,2026-04-24 15:48,Sí,Lavado y desinfección,LAVADO 2,Terminada,166.1,120.0,2026-04-24 15:48,2026-04-24 15:48,2026-07-16 18:30:24
SEM/MO/00203,[PULP012] PULPA DE TOMATE DE ARBOL 16 KG,kg,L1122608,1312.0,1312.0,100.0,Terminada,2026-04-22,2026-04-24 15:48,2026-04-24 15:48,Sí,Escaldado/descongelado,ESCALDADO,Terminada,312.4,105.0,2026-04-24 15:48,2026-04-24 15:48,2026-07-16 18:30:24
SEM/MO/00203,[PULP012] PULPA DE TOMATE DE ARBOL 16 KG,kg,L1122608,1312.0,1312.0,100.0,Terminada,2026-04-22,2026-04-24 15:48,2026-04-24 15:48,Sí,Despulpado y refinado,PULPEADO,Terminada,218.7,90.0,2026-04-24 15:48,2026-04-24 15:48,2026-07-16 18:30:24
SEM/MO/00203,[PULP012] PULPA DE TOMATE DE ARBOL 16 KG,kg,L1122608,1312.0,1312.0,100.0,Terminada,2026-04-22,2026-04-24 15:48,2026-04-24 15:48,Sí,Pasteurizado,PASTEURIZACIÓN,Terminada,158.8,145.0,2026-04-24 15:48,2026-04-24 15:48,2026-07-16 18:30:24
SEM/MO/00203,[PULP012] PULPA DE TOMATE DE ARBOL 16 KG,kg,L1122608,1312.0,1312.0,100.0,Terminada,2026-04-22,2026-04-24 15:48,2026-04-24 15:48,Sí,Envasado Manual,ENVASADO MANUAL,Terminada,78.7,95.0,2026-04-24 15:48,2026-04-24 15:48,2026-07-16 18:30:24
SEM/MO/00219,[REP-PTEC020] (Reproceso) PULPA DE TAMARINDO MERICA UNIDAD 250 g,,,169.0,169.0,100.0,Terminada,2026-04-27,2026-04-27 09:25,2026-04-29 08:08,No,,,,,,,,2026-07-16 18:30:24
SEM/MO/00208,[PTEXP013] Pulpa Tomate de Árbol America x 250 gr (CAJAS 10 UDS),Units,L0902615,3420.0,3420.0,100.0,Terminada,2026-04-24,2026-04-27 15:23,2026-04-27 15:23,Sí,Encartonado,ENCARTONADO,Terminada,525.0,70.0,2026-04-27 15:23,2026-04-27 15:23,2026-07-16 18:30:24
SEM/MO/00207,[PTEXP017] Pulpa Guayaba America x 250 gr (CAJAS 10 UDS),Units,L1062615,6840.0,6840.0,100.0,Terminada,2026-04-24,2026-04-27 15:24,2026-04-27 15:24,Sí,Encartonado,ENCARTONADO,Terminada,1050.0,125.0,2026-04-27 15:24,2026-04-27 15:24,2026-07-16 18:30:24
SEM/MO/00205,[PTEXP019] Pulpa Lulo America x 250 gr (CAJAS 10 UDS),Units,L1072615,3420.0,3420.0,100.0,Terminada,2026-04-24,2026-04-27 15:24,2026-04-27 15:24,Sí,Encartonado,ENCARTONADO,Terminada,525.0,85.0,2026-04-27 15:24,2026-04-27 15:24,2026-07-16 18:30:24
SEM/MO/00204,[PTEXP019] Pulpa Lulo America x 250 gr (CAJAS 10 UDS),Units,L1002615,10260.0,10260.0,100.0,Terminada,2026-04-24,2026-04-27 15:25,2026-04-27 15:25,Sí,Encartonado,ENCARTONADO,Terminada,1575.0,210.0,2026-04-27 15:25,2026-04-27 15:25,2026-07-16 18:30:24
SEM/MO/00200,[PTEC026] PULPA DE GUAYABA GOYA UE UNIDAD 250 g,Units,HF PB 113 26,4700.0,4257.0,100.0,Terminada,2026-04-23,2026-04-27 19:53,2026-04-27 19:53,Sí,Liberación ,LIMPIEZA,Terminada,191.6,191.6,2026-04-27 19:53,2026-04-27 19:53,2026-07-16 18:30:24
SEM/MO/00200,[PTEC026] PULPA DE GUAYABA GOYA UE UNIDAD 250 g,Units,HF PB 113 26,4700.0,4257.0,100.0,Terminada,2026-04-23,2026-04-27 19:53,2026-04-27 19:53,Sí,Lavado y desinfección,LAVADO 2,Terminada,117.3,70.0,2026-04-27 19:53,2026-04-27 19:53,2026-07-16 18:30:24
SEM/MO/00200,[PTEC026] PULPA DE GUAYABA GOYA UE UNIDAD 250 g,Units,HF PB 113 26,4700.0,4257.0,100.0,Terminada,2026-04-23,2026-04-27 19:53,2026-04-27 19:53,Sí,Despulpado y refinado,PULPEADO,Terminada,177.4,60.0,2026-04-27 19:53,2026-04-27 19:53,2026-07-16 18:30:24
SEM/MO/00200,[PTEC026] PULPA DE GUAYABA GOYA UE UNIDAD 250 g,Units,HF PB 113 26,4700.0,4257.0,100.0,Terminada,2026-04-23,2026-04-27 19:53,2026-04-27 19:53,Sí,Pasteurizado,PASTEURIZACIÓN,Terminada,129.0,110.0,2026-04-27 19:53,2026-04-27 19:53,2026-07-16 18:30:24
SEM/MO/00200,[PTEC026] PULPA DE GUAYABA GOYA UE UNIDAD 250 g,Units,HF PB 113 26,4700.0,4257.0,100.0,Terminada,2026-04-23,2026-04-27 19:53,2026-04-27 19:53,Sí,Dosificado manual ,DOSIFICADO MANUAL,Terminada,89.4,105.0,2026-04-27 19:53,2026-04-27 19:53,2026-07-16 18:30:24
SEM/MO/00200,[PTEC026] PULPA DE GUAYABA GOYA UE UNIDAD 250 g,Units,HF PB 113 26,4700.0,4257.0,100.0,Terminada,2026-04-23,2026-04-27 19:53,2026-04-27 19:53,Sí,Etiquetado manual,ETIQUETADO,Terminada,127.7,200.1,2026-04-27 19:53,2026-04-27 19:53,2026-07-16 18:30:24
SEM/MO/00198,[PTEC017] PULPA DE GUAYABA MERICA UNIDAD 250 g,Units,L1132615,11500.0,11538.0,100.0,Terminada,2026-04-23,2026-04-27 20:22,2026-04-27 20:22,Sí,Liberación ,LIMPIEZA,Terminada,519.2,90.0,2026-04-27 20:22,2026-04-27 20:22,2026-07-16 18:30:24
SEM/MO/00198,[PTEC017] PULPA DE GUAYABA MERICA UNIDAD 250 g,Units,L1132615,11500.0,11538.0,100.0,Terminada,2026-04-23,2026-04-27 20:22,2026-04-27 20:22,Sí,Lavado y desinfección,LAVADO 2,Terminada,318.0,144.7,2026-04-27 20:22,2026-04-27 20:22,2026-07-16 18:30:24
SEM/MO/00198,[PTEC017] PULPA DE GUAYABA MERICA UNIDAD 250 g,Units,L1132615,11500.0,11538.0,100.0,Terminada,2026-04-23,2026-04-27 20:22,2026-04-27 20:22,Sí,Despulpado y refinado,PULPEADO,Terminada,480.8,105.0,2026-04-27 20:22,2026-04-27 20:22,2026-07-16 18:30:24
SEM/MO/00198,[PTEC017] PULPA DE GUAYABA MERICA UNIDAD 250 g,Units,L1132615,11500.0,11538.0,100.0,Terminada,2026-04-23,2026-04-27 20:22,2026-04-27 20:22,Sí,Calentamiento,CALENTAMIENTO,Terminada,349.6,190.0,2026-04-27 20:22,2026-04-27 20:22,2026-07-16 18:30:24
SEM/MO/00198,[PTEC017] PULPA DE GUAYABA MERICA UNIDAD 250 g,Units,L1132615,11500.0,11538.0,100.0,Terminada,2026-04-23,2026-04-27 20:22,2026-04-27 20:22,Sí,Dosificado manual ,DOSIFICADO MANUAL,Terminada,242.2,345.0,2026-04-27 20:22,2026-04-27 20:22,2026-07-16 18:30:24
SEM/MO/00198,[PTEC017] PULPA DE GUAYABA MERICA UNIDAD 250 g,Units,L1132615,11500.0,11538.0,100.0,Terminada,2026-04-23,2026-04-27 20:22,2026-04-27 20:22,Sí,Etiquetado manual,ETIQUETADO,Terminada,346.1,190.1,2026-04-27 20:22,2026-04-27 20:22,2026-07-16 18:30:24
SEM/MO/00209,[PTEC018] PULPA DE GUANABANA MERICA UNIDAD 250 g,Units,L1142615,32940.0,32940.0,100.0,Terminada,2026-04-24,2026-04-27 23:26,2026-04-27 23:26,Sí,Liberación ,LIMPIEZA,Terminada,1482.3,120.0,2026-04-27 23:26,2026-04-27 23:26,2026-07-16 18:30:24
SEM/MO/00209,[PTEC018] PULPA DE GUANABANA MERICA UNIDAD 250 g,Units,L1142615,32940.0,32940.0,100.0,Terminada,2026-04-24,2026-04-27 23:26,2026-04-27 23:26,Sí,Escaldado/descongelado,ESCALDADO,Terminada,1794.1,755.0,2026-04-27 23:26,2026-04-27 23:26,2026-07-16 18:30:24
SEM/MO/00209,[PTEC018] PULPA DE GUANABANA MERICA UNIDAD 250 g,Units,L1142615,32940.0,32940.0,100.0,Terminada,2026-04-24,2026-04-27 23:26,2026-04-27 23:26,Sí,Despulpado y refinado,PULPEADO,Terminada,1372.5,770.0,2026-04-27 23:26,2026-04-27 23:26,2026-07-16 18:30:24
SEM/MO/00209,[PTEC018] PULPA DE GUANABANA MERICA UNIDAD 250 g,Units,L1142615,32940.0,32940.0,100.0,Terminada,2026-04-24,2026-04-27 23:26,2026-04-27 23:26,Sí,Calentamiento,CALENTAMIENTO,Terminada,998.2,810.1,2026-04-27 23:26,2026-04-27 23:26,2026-07-16 18:30:24
SEM/MO/00209,[PTEC018] PULPA DE GUANABANA MERICA UNIDAD 250 g,Units,L1142615,32940.0,32940.0,100.0,Terminada,2026-04-24,2026-04-27 23:26,2026-04-27 23:26,Sí,Dosificado manual ,DOSIFICADO MANUAL,Terminada,691.4,530.0,2026-04-27 23:26,2026-04-27 23:26,2026-07-16 18:30:24
SEM/MO/00209,[PTEC018] PULPA DE GUANABANA MERICA UNIDAD 250 g,Units,L1142615,32940.0,32940.0,100.0,Terminada,2026-04-24,2026-04-27 23:26,2026-04-27 23:26,Sí,Etiquetado manual,ETIQUETADO,Terminada,988.2,435.2,2026-04-27 23:26,2026-04-27 23:26,2026-07-16 18:30:24
SEM/MO/00216,[REP-PTEC018] (Reproceso) PULPA DE GUANABANA MERICA UNIDAD 250 g,,,4105.0,4105.0,100.0,Terminada,2026-04-24,2026-04-27 23:27,2026-04-27 23:32,No,,,,,,,,2026-07-16 18:30:24
SEM/MO/00217,[PTEC018] PULPA DE GUANABANA MERICA UNIDAD 250 g,,,4105.0,4105.0,100.0,Terminada,2026-04-24,2026-04-27 23:28,2026-04-27 23:35,Sí,,,,,,,,2026-07-16 18:30:24
SEM/MO/00181,[PTEXP014] Maracuyá C/ Pepas x 500 gr (CAJAS 10 UDS),Units,L0962615,1980.0,1980.0,100.0,Terminada,2026-04-16,2026-04-27 23:54,2026-04-27 23:54,Sí,Encartonado,ENCARTONADO,Terminada,607.9,65.0,2026-04-27 23:54,2026-04-27 23:54,2026-07-16 18:30:24
SEM/MO/00188,[PTEXP014] Maracuyá C/ Pepas x 500 gr (CAJAS 10 UDS),Units,L0892615,1980.0,1980.0,100.0,Terminada,2026-04-17,2026-04-28 00:01,2026-04-28 00:01,Sí,Encartonado,ENCARTONADO,Terminada,607.9,61.0,2026-04-28 00:01,2026-04-28 00:01,2026-07-16 18:30:24
SEM/MO/00189,[PTEXP014] Maracuyá C/ Pepas x 500 gr (CAJAS 10 UDS),Units,L1042615,1980.0,1980.0,100.0,Terminada,2026-04-17,2026-04-28 00:04,2026-04-28 00:05,Sí,Encartonado,ENCARTONADO,Terminada,607.9,65.0,2026-04-28 00:04,2026-04-28 00:04,2026-07-16 18:30:24
SEM/MO/00212,[PTEXP018] Pulpa Guanabana America x 250 gr (CAJAS 10 UDS),Units,L1112615,13680.0,13680.0,100.0,Terminada,2026-04-27,2026-04-28 00:39,2026-04-28 00:39,Sí,Encartonado,ENCARTONADO,Terminada,2100.0,245.0,2026-04-28 00:39,2026-04-28 00:39,2026-07-16 18:30:24
SEM/MO/00213,[PTEXP018] Pulpa Guanabana America x 250 gr (CAJAS 10 UDS),Units,L1142615,3420.0,3420.0,100.0,Terminada,2026-04-27,2026-04-28 00:41,2026-04-28 00:41,Sí,Encartonado,ENCARTONADO,Terminada,525.0,85.0,2026-04-28 00:41,2026-04-28 00:41,2026-07-16 18:30:24
SEM/MO/00211,[PTEXP018] Pulpa Guanabana America x 250 gr (CAJAS 10 UDS),Units,L0912615,3420.0,3420.0,100.0,Terminada,2026-04-27,2026-04-28 00:43,2026-04-28 00:43,Sí,Encartonado,ENCARTONADO,Terminada,525.0,65.0,2026-04-28 00:43,2026-04-28 00:43,2026-07-16 18:30:24
SEM/MO/00247,[REP-PTEC018] (Reproceso) PULPA DE GUANABANA MERICA UNIDAD 250 g,,,218.0,218.0,100.0,Terminada,2026-04-29,2026-04-29 15:31,2026-04-30 17:36,Sí,,,,,,,,2026-07-16 18:30:24
SEM/MO/00220,[MPI012] AZUCAR INVERTIDA,kg,L1172601,295.0,295.0,100.0,Terminada,2026-04-27,2026-04-30 13:18,2026-04-30 13:18,Sí,Mezclado,MEZCLADO,Terminada,37.3,55.0,2026-04-30 13:18,2026-04-30 13:18,2026-07-16 18:30:24
SEM/MO/00221,[SW001] SWIRL DE MORA 20 KG,kg,L1172601,1300.0,1360.0,100.0,Terminada,2026-04-27,2026-04-30 13:32,2026-04-30 13:32,Sí,Liberación ,LIMPIEZA,Terminada,81.6,165.1,2026-04-30 13:32,2026-04-30 13:32,2026-07-16 18:30:24
SEM/MO/00221,[SW001] SWIRL DE MORA 20 KG,kg,L1172601,1300.0,1360.0,100.0,Terminada,2026-04-27,2026-04-30 13:32,2026-04-30 13:32,Sí,Pasteurizado,PASTEURIZACIÓN,Terminada,164.6,160.0,2026-04-30 13:32,2026-04-30 13:32,2026-07-16 18:30:24
SEM/MO/00221,[SW001] SWIRL DE MORA 20 KG,kg,L1172601,1300.0,1360.0,100.0,Terminada,2026-04-27,2026-04-30 13:32,2026-04-30 13:32,Sí,Envasado Manual,ENVASADO MANUAL,Terminada,81.6,70.0,2026-04-30 13:32,2026-04-30 13:32,2026-07-16 18:30:24
SEM/MO/00168,[PTEC029] PULPA DE GUANABANA GOYA UE UNIDAD 250 g,Units,HF PB 111 26,11100.0,9813.0,100.0,Terminada,2026-04-21,2026-04-30 13:40,2026-04-30 13:40,Sí,Escaldado/descongelado,ESCALDADO,Terminada,534.5,235.0,2026-04-30 13:40,2026-04-30 13:40,2026-07-16 18:30:24
SEM/MO/00168,[PTEC029] PULPA DE GUANABANA GOYA UE UNIDAD 250 g,Units,HF PB 111 26,11100.0,9813.0,100.0,Terminada,2026-04-21,2026-04-30 13:40,2026-04-30 13:40,Sí,Despulpado y refinado,PULPEADO,Terminada,408.9,240.0,2026-04-30 13:40,2026-04-30 13:40,2026-07-16 18:30:24
SEM/MO/00168,[PTEC029] PULPA DE GUANABANA GOYA UE UNIDAD 250 g,Units,HF PB 111 26,11100.0,9813.0,100.0,Terminada,2026-04-21,2026-04-30 13:40,2026-04-30 13:40,Sí,Homogenizado,HOMOGENIZACIÓN,Terminada,61.3,120.0,2026-04-30 13:40,2026-04-30 13:40,2026-07-16 18:30:24
SEM/MO/00168,[PTEC029] PULPA DE GUANABANA GOYA UE UNIDAD 250 g,Units,HF PB 111 26,11100.0,9813.0,100.0,Terminada,2026-04-21,2026-04-30 13:40,2026-04-30 13:40,Sí,Pasteurizado,PASTEURIZACIÓN,Terminada,297.4,230.0,2026-04-30 13:40,2026-04-30 13:40,2026-07-16 18:30:24
SEM/MO/00168,[PTEC029] PULPA DE GUANABANA GOYA UE UNIDAD 250 g,Units,HF PB 111 26,11100.0,9813.0,100.0,Terminada,2026-04-21,2026-04-30 13:40,2026-04-30 13:40,Sí,Dosificado manual ,DOSIFICADO MANUAL,Terminada,206.0,145.0,2026-04-30 13:40,2026-04-30 13:40,2026-07-16 18:30:24
SEM/MO/00168,[PTEC029] PULPA DE GUANABANA GOYA UE UNIDAD 250 g,Units,HF PB 111 26,11100.0,9813.0,100.0,Terminada,2026-04-21,2026-04-30 13:40,2026-04-30 13:40,Sí,Etiquetado manual,ETIQUETADO,Terminada,294.4,265.0,2026-04-30 13:40,2026-04-30 13:40,2026-07-16 18:30:24
SEM/MO/00214,[PTEC019] PULPA DE LULO MERICA UNIDAD 250 g,Units,L1152615,14000.0,13966.0,100.0,Terminada,2026-04-25,2026-04-30 14:21,2026-04-30 14:21,Sí,Liberación ,LIMPIEZA,Terminada,628.5,160.8,2026-04-30 14:21,2026-04-30 14:21,2026-07-16 18:30:24
SEM/MO/00214,[PTEC019] PULPA DE LULO MERICA UNIDAD 250 g,Units,L1152615,14000.0,13966.0,100.0,Terminada,2026-04-25,2026-04-30 14:21,2026-04-30 14:21,Sí,Proceso Manual ,DESPITONADO,Terminada,3300.3,570.3,2026-04-30 14:21,2026-04-30 14:21,2026-07-16 18:30:24
SEM/MO/00214,[PTEC019] PULPA DE LULO MERICA UNIDAD 250 g,Units,L1152615,14000.0,13966.0,100.0,Terminada,2026-04-25,2026-04-30 14:21,2026-04-30 14:21,Sí,Lavado y desinfección,LAVADO 2,Terminada,371.1,215.0,2026-04-30 14:21,2026-04-30 14:21,2026-07-16 18:30:24
SEM/MO/00214,[PTEC019] PULPA DE LULO MERICA UNIDAD 250 g,Units,L1152615,14000.0,13966.0,100.0,Terminada,2026-04-25,2026-04-30 14:21,2026-04-30 14:21,Sí,Escaldado/descongelado,ESCALDADO,Terminada,698.6,315.1,2026-04-30 14:21,2026-04-30 14:21,2026-07-16 18:30:24
SEM/MO/00214,[PTEC019] PULPA DE LULO MERICA UNIDAD 250 g,Units,L1152615,14000.0,13966.0,100.0,Terminada,2026-04-25,2026-04-30 14:21,2026-04-30 14:21,Sí,Despulpado y refinado,PULPEADO,Terminada,581.9,295.0,2026-04-30 14:21,2026-04-30 14:21,2026-07-16 18:30:24
SEM/MO/00214,[PTEC019] PULPA DE LULO MERICA UNIDAD 250 g,Units,L1152615,14000.0,13966.0,100.0,Terminada,2026-04-25,2026-04-30 14:21,2026-04-30 14:21,Sí,Calentamiento,CALENTAMIENTO,Terminada,423.2,230.0,2026-04-30 14:21,2026-04-30 14:21,2026-07-16 18:30:24
SEM/MO/00214,[PTEC019] PULPA DE LULO MERICA UNIDAD 250 g,Units,L1152615,14000.0,13966.0,100.0,Terminada,2026-04-25,2026-04-30 14:21,2026-04-30 14:21,Sí,Dosificado manual ,DOSIFICADO MANUAL,Terminada,293.2,225.0,2026-04-30 14:21,2026-04-30 14:21,2026-07-16 18:30:24
SEM/MO/00214,[PTEC019] PULPA DE LULO MERICA UNIDAD 250 g,Units,L1152615,14000.0,13966.0,100.0,Terminada,2026-04-25,2026-04-30 14:21,2026-04-30 14:21,Sí,Etiquetado manual,ETIQUETADO,Terminada,419.0,105.0,2026-04-30 14:21,2026-04-30 14:21,2026-07-16 18:30:24
SEM/MO/00237,[REP-PTEC019] (Reproceso) PULPA DE LULO MERICA UNIDAD 250 g ,,,3198.0,3198.0,100.0,Terminada,2026-04-25,2026-04-30 14:21,2026-04-30 14:22,No,,,,,,,,2026-07-16 18:30:24
SEM/MO/00238,[REP-PTEC019] (Reproceso) PULPA DE LULO MERICA UNIDAD 250 g ,,,3198.0,3198.0,100.0,Terminada,2026-04-25,2026-04-30 14:24,2026-04-30 14:34,No,,,,,,,,2026-07-16 18:30:24
SEM/MO/00242,[PTEC019] PULPA DE LULO MERICA UNIDAD 250 g,,,3198.0,3198.0,100.0,Terminada,2026-04-25,2026-04-30 14:33,2026-04-30 14:40,Sí,,,,,,,,2026-07-16 18:30:24
SEM/MO/00215,[MPI006] PULPA DE NARANJILLA MATERIA PRIMA,kg,L1152699,270.0,270.0,100.0,Terminada,2026-04-25,2026-04-30 14:39,2026-04-30 14:39,Sí,Envasado Manual,ENVASADO MANUAL,Terminada,16.2,45.0,2026-04-30 14:39,2026-04-30 14:39,2026-07-16 18:30:24
SEM/MO/00222,[PTEC012] PULPA DE MANGO MERICA UNIDAD 250 g,Units,L1172615,8000.0,8063.0,100.0,Terminada,2026-04-27,2026-04-30 15:46,2026-04-30 15:46,Sí,Liberación ,LIMPIEZA,Terminada,362.8,115.2,2026-04-30 15:46,2026-04-30 15:46,2026-07-16 18:30:24
SEM/MO/00222,[PTEC012] PULPA DE MANGO MERICA UNIDAD 250 g,Units,L1172615,8000.0,8063.0,100.0,Terminada,2026-04-27,2026-04-30 15:46,2026-04-30 15:46,Sí,Homogenizado,HOMOGENIZACIÓN,Terminada,50.4,120.0,2026-04-30 15:46,2026-04-30 15:46,2026-07-16 18:30:24
SEM/MO/00222,[PTEC012] PULPA DE MANGO MERICA UNIDAD 250 g,Units,L1172615,8000.0,8063.0,100.0,Terminada,2026-04-27,2026-04-30 15:46,2026-04-30 15:46,Sí,Calentamiento,CALENTAMIENTO,Terminada,244.3,155.0,2026-04-30 15:46,2026-04-30 15:46,2026-07-16 18:30:24
SEM/MO/00222,[PTEC012] PULPA DE MANGO MERICA UNIDAD 250 g,Units,L1172615,8000.0,8063.0,100.0,Terminada,2026-04-27,2026-04-30 15:46,2026-04-30 15:46,Sí,Dosificado manual ,DOSIFICADO MANUAL,Terminada,169.2,320.0,2026-04-30 15:46,2026-04-30 15:46,2026-07-16 18:30:24
SEM/MO/00222,[PTEC012] PULPA DE MANGO MERICA UNIDAD 250 g,Units,L1172615,8000.0,8063.0,100.0,Terminada,2026-04-27,2026-04-30 15:46,2026-04-30 15:46,Sí,Etiquetado manual,ETIQUETADO,Terminada,241.9,110.0,2026-04-30 15:46,2026-04-30 15:46,2026-07-16 18:30:24
SEM/MO/00248,[REP-PTEC012] (Reproceso) PULPA DE MANGO MERICA UNIDAD 250 g,,,493.0,493.0,100.0,Terminada,2026-04-27,2026-04-30 15:46,2026-04-30 15:51,No,,,,,,,,2026-07-16 18:30:24
SEM/MO/00249,[PTEC012] PULPA DE MANGO MERICA UNIDAD 250 g,,,493.0,493.0,100.0,Terminada,2026-04-27,2026-04-30 15:47,2026-04-30 15:55,Sí,,,,,,,,2026-07-16 18:30:24
SEM/MO/00210,[MPI007] PULPA DE GUANÁBANA MATERIA PRIMA,kg,L1142699,200.0,200.0,100.0,Terminada,2026-04-24,2026-04-30 16:04,2026-04-30 16:04,Sí,Envasado Manual,ENVASADO MANUAL,Terminada,12.0,20.0,2026-04-30 16:04,2026-04-30 16:04,2026-07-16 18:30:24
SEM/MO/00218,[PTEC020] PULPA DE TAMARINDO MERICA UNIDAD 250 g,Units,L1172615,13000.0,13132.0,100.0,Terminada,2026-04-27,2026-04-30 16:14,2026-04-30 16:14,Sí,Liberación ,LIMPIEZA,Terminada,590.9,155.0,2026-04-30 16:14,2026-04-30 16:14,2026-07-16 18:30:24
SEM/MO/00218,[PTEC020] PULPA DE TAMARINDO MERICA UNIDAD 250 g,Units,L1172615,13000.0,13132.0,100.0,Terminada,2026-04-27,2026-04-30 16:14,2026-04-30 16:14,Sí,Escaldado/descongelado,ESCALDADO,Terminada,903.7,400.1,2026-04-30 16:14,2026-04-30 16:14,2026-07-16 18:30:24
SEM/MO/00218,[PTEC020] PULPA DE TAMARINDO MERICA UNIDAD 250 g,Units,L1172615,13000.0,13132.0,100.0,Terminada,2026-04-27,2026-04-30 16:14,2026-04-30 16:14,Sí,Despulpado y refinado,PULPEADO,Terminada,547.2,425.0,2026-04-30 16:14,2026-04-30 16:14,2026-07-16 18:30:24
SEM/MO/00218,[PTEC020] PULPA DE TAMARINDO MERICA UNIDAD 250 g,Units,L1172615,13000.0,13132.0,100.0,Terminada,2026-04-27,2026-04-30 16:14,2026-04-30 16:14,Sí,Dosificado manual ,DOSIFICADO MANUAL,Terminada,275.6,425.1,2026-04-30 16:14,2026-04-30 16:14,2026-07-16 18:30:24
SEM/MO/00218,[PTEC020] PULPA DE TAMARINDO MERICA UNIDAD 250 g,Units,L1172615,13000.0,13132.0,100.0,Terminada,2026-04-27,2026-04-30 16:14,2026-04-30 16:14,Sí,Etiquetado manual,ETIQUETADO,Terminada,394.0,299.0,2026-04-30 16:14,2026-04-30 16:14,2026-07-16 18:30:24
SEM/MO/00250,[REP-PTEC020] (Reproceso) PULPA DE TAMARINDO MERICA UNIDAD 250 g,,,1596.0,1596.0,100.0,Terminada,2026-04-27,2026-04-30 16:15,2026-04-30 16:19,No,,,,,,,,2026-07-16 18:30:24
SEM/MO/00251,[PTEC020] PULPA DE TAMARINDO MERICA UNIDAD 250 g,,,1596.0,1596.0,100.0,Terminada,2026-04-27,2026-04-30 16:17,2026-05-04 21:42,Sí,,,,,,,,2026-07-16 18:30:24
SEM/MO/00224,[PTEC031] PULPA DE TOMATE DE ARBOL GOYA UE UNIDAD 250 g,Units,HF PB 118 26,10000.0,12069.0,100.0,Terminada,2026-04-28,2026-04-30 16:30,2026-04-30 16:30,Sí,Liberación ,LIMPIEZA,Terminada,543.1,65.0,2026-04-30 16:30,2026-04-30 16:30,2026-07-16 18:30:24
SEM/MO/00224,[PTEC031] PULPA DE TOMATE DE ARBOL GOYA UE UNIDAD 250 g,Units,HF PB 118 26,10000.0,12069.0,100.0,Terminada,2026-04-28,2026-04-30 16:30,2026-04-30 16:30,Sí,Proceso Manual ,DESPITONADO,Terminada,1432.2,215.1,2026-04-30 16:30,2026-04-30 16:30,2026-07-16 18:30:24
SEM/MO/00224,[PTEC031] PULPA DE TOMATE DE ARBOL GOYA UE UNIDAD 250 g,Units,HF PB 118 26,10000.0,12069.0,100.0,Terminada,2026-04-28,2026-04-30 16:30,2026-04-30 16:30,Sí,Lavado y desinfección,LAVADO 2,Terminada,381.9,130.0,2026-04-30 16:30,2026-04-30 16:30,2026-07-16 18:30:24
SEM/MO/00224,[PTEC031] PULPA DE TOMATE DE ARBOL GOYA UE UNIDAD 250 g,Units,HF PB 118 26,10000.0,12069.0,100.0,Terminada,2026-04-28,2026-04-30 16:30,2026-04-30 16:30,Sí,Despulpado y refinado,PULPEADO,Terminada,502.9,120.0,2026-04-30 16:30,2026-04-30 16:30,2026-07-16 18:30:24
SEM/MO/00224,[PTEC031] PULPA DE TOMATE DE ARBOL GOYA UE UNIDAD 250 g,Units,HF PB 118 26,10000.0,12069.0,100.0,Terminada,2026-04-28,2026-04-30 16:30,2026-04-30 16:30,Sí,Pasteurizado,PASTEURIZACIÓN,Terminada,365.7,335.0,2026-04-30 16:30,2026-04-30 16:30,2026-07-16 18:30:24
SEM/MO/00224,[PTEC031] PULPA DE TOMATE DE ARBOL GOYA UE UNIDAD 250 g,Units,HF PB 118 26,10000.0,12069.0,100.0,Terminada,2026-04-28,2026-04-30 16:30,2026-04-30 16:30,Sí,Dosificado manual ,DOSIFICADO MANUAL,Terminada,253.3,440.0,2026-04-30 16:30,2026-04-30 16:30,2026-07-16 18:30:24
SEM/MO/00224,[PTEC031] PULPA DE TOMATE DE ARBOL GOYA UE UNIDAD 250 g,Units,HF PB 118 26,10000.0,12069.0,100.0,Terminada,2026-04-28,2026-04-30 16:30,2026-04-30 16:30,Sí,Etiquetado manual,ETIQUETADO,Terminada,362.1,125.0,2026-04-30 16:30,2026-04-30 16:30,2026-07-16 18:30:24
SEM/MO/00225,[PULP001] COCO RALLADO 20 KG,kg,L1182601,2800.0,2120.0,100.0,Terminada,2026-04-28,2026-04-30 16:59,2026-04-30 16:59,Sí,Liberación ,LIMPIEZA,Terminada,127.2,100.1,2026-04-30 16:59,2026-04-30 16:59,2026-07-16 18:30:24
SEM/MO/00225,[PULP001] COCO RALLADO 20 KG,kg,L1182601,2800.0,2120.0,100.0,Terminada,2026-04-28,2026-04-30 16:59,2026-04-30 16:59,Sí,Lavado y desinfección,LAVADO 4,Terminada,85.8,95.0,2026-04-30 16:59,2026-04-30 16:59,2026-07-16 18:30:24
SEM/MO/00225,[PULP001] COCO RALLADO 20 KG,kg,L1182601,2800.0,2120.0,100.0,Terminada,2026-04-28,2026-04-30 16:59,2026-04-30 16:59,Sí,Rallado,RALLADO COCO,Terminada,424.0,310.0,2026-04-30 16:59,2026-04-30 16:59,2026-07-16 18:30:24
SEM/MO/00225,[PULP001] COCO RALLADO 20 KG,kg,L1182601,2800.0,2120.0,100.0,Terminada,2026-04-28,2026-04-30 16:59,2026-04-30 16:59,Sí,Pasteurizado,PASTEURIZACIÓN,Terminada,256.5,200.0,2026-04-30 16:59,2026-04-30 16:59,2026-07-16 18:30:24
SEM/MO/00225,[PULP001] COCO RALLADO 20 KG,kg,L1182601,2800.0,2120.0,100.0,Terminada,2026-04-28,2026-04-30 16:59,2026-04-30 16:59,Sí,Envasado Manual,ENVASADO MANUAL,Terminada,127.2,145.0,2026-04-30 16:59,2026-04-30 16:59,2026-07-16 18:30:24
SEM/MO/00255,[REP-PTEC017] (Reproceso) PULPA DE GUAYABA MERICA UNIDAD 250 g,,,990.0,990.0,100.0,Terminada,2026-04-23,2026-04-30 17:05,2026-04-30 17:10,Sí,,,,,,,,2026-07-16 18:30:24
SEM/MO/00256,[PTEC017] PULPA DE GUAYABA MERICA UNIDAD 250 g,,,990.0,990.0,100.0,Terminada,2026-04-23,2026-04-30 17:06,2026-04-30 17:12,Sí,,,,,,,,2026-07-16 18:30:24
SEM/MO/00180,[PULP004] PULPA DE MORA CON PEPAS 18 KG,kg,L1122601,3510.0,2376.0,100.0,Terminada,2026-04-22,2026-04-30 17:08,2026-04-30 17:08,Sí,Liberación ,LIMPIEZA,Terminada,142.6,80.0,2026-04-30 17:08,2026-04-30 17:08,2026-07-16 18:30:24
SEM/MO/00180,[PULP004] PULPA DE MORA CON PEPAS 18 KG,kg,L1122601,3510.0,2376.0,100.0,Terminada,2026-04-22,2026-04-30 17:08,2026-04-30 17:08,Sí,Escaldado/descongelado,ESCALDADO,Terminada,418.6,305.0,2026-04-30 17:08,2026-04-30 17:08,2026-07-16 18:30:24
SEM/MO/00180,[PULP004] PULPA DE MORA CON PEPAS 18 KG,kg,L1122601,3510.0,2376.0,100.0,Terminada,2026-04-22,2026-04-30 17:08,2026-04-30 17:08,Sí,Despulpado y refinado,PULPEADO,Terminada,396.0,285.0,2026-04-30 17:08,2026-04-30 17:08,2026-07-16 18:30:24
SEM/MO/00180,[PULP004] PULPA DE MORA CON PEPAS 18 KG,kg,L1122601,3510.0,2376.0,100.0,Terminada,2026-04-22,2026-04-30 17:08,2026-04-30 17:08,Sí,Pasteurizado,PASTEURIZACIÓN,Terminada,287.5,240.0,2026-04-30 17:08,2026-04-30 17:08,2026-07-16 18:30:24
SEM/MO/00180,[PULP004] PULPA DE MORA CON PEPAS 18 KG,kg,L1122601,3510.0,2376.0,100.0,Terminada,2026-04-22,2026-04-30 17:08,2026-04-30 17:08,Sí,Envasado Manual,ENVASADO MANUAL,Terminada,142.6,90.0,2026-04-30 17:08,2026-04-30 17:08,2026-07-16 18:30:24
SEM/MO/00226,[PTEXP018] Pulpa Guanabana America x 250 gr (CAJAS 10 UDS),Units,L1142615,17100.0,17100.0,100.0,Terminada,2026-04-28,2026-04-30 17:22,2026-04-30 17:22,Sí,Encartonado,ENCARTONADO,Terminada,2625.0,335.0,2026-04-30 17:22,2026-04-30 17:22,2026-07-16 18:30:24
SEM/MO/00227,[PTEXP019] Pulpa Lulo America x 250 gr (CAJAS 10 UDS),Units,L1072615,3420.0,3420.0,100.0,Terminada,2026-04-28,2026-04-30 17:23,2026-04-30 17:23,Sí,Encartonado,ENCARTONADO,Terminada,525.0,75.0,2026-04-30 17:23,2026-04-30 17:23,2026-07-16 18:30:24
SEM/MO/00228,[PTEXP015] Pulpa Maracuyá America x 250 gr (CAJAS 10 UDS),Units,L0832615,3420.0,3420.0,100.0,Terminada,2026-04-28,2026-04-30 17:32,2026-04-30 17:32,Sí,Encartonado,ENCARTONADO,Terminada,525.0,85.0,2026-04-30 17:32,2026-04-30 17:32,2026-07-16 18:30:24
SEM/MO/00229,[PTEXP020] Pulpa Tamarindo America x 250 gr (CAJAS 10 UDS),Units,L1042615-PTEXP020(1),3420.0,3420.0,100.0,Terminada,2026-04-28,2026-04-30 17:34,2026-04-30 17:34,Sí,Encartonado,ENCARTONADO,Terminada,525.0,60.0,2026-04-30 17:34,2026-04-30 17:34,2026-07-16 18:30:24
SEM/MO/00231,[PULP004] PULPA DE MORA CON PEPAS 18 KG,kg,L1192601,1080.0,1098.0,100.0,Terminada,2026-04-29,2026-05-04 04:52,2026-05-04 04:52,Sí,Escaldado/descongelado,ESCALDADO,Terminada,193.4,30.0,2026-05-04 04:52,2026-05-04 04:52,2026-07-16 18:30:24
SEM/MO/00231,[PULP004] PULPA DE MORA CON PEPAS 18 KG,kg,L1192601,1080.0,1098.0,100.0,Terminada,2026-04-29,2026-05-04 04:52,2026-05-04 04:52,Sí,Despulpado y refinado,PULPEADO,Terminada,183.0,40.0,2026-05-04 04:52,2026-05-04 04:52,2026-07-16 18:30:24
SEM/MO/00231,[PULP004] PULPA DE MORA CON PEPAS 18 KG,kg,L1192601,1080.0,1098.0,100.0,Terminada,2026-04-29,2026-05-04 04:52,2026-05-04 04:52,Sí,Pasteurizado,PASTEURIZACIÓN,Terminada,132.9,25.0,2026-05-04 04:52,2026-05-04 04:52,2026-07-16 18:30:24
SEM/MO/00231,[PULP004] PULPA DE MORA CON PEPAS 18 KG,kg,L1192601,1080.0,1098.0,100.0,Terminada,2026-04-29,2026-05-04 04:52,2026-05-04 04:52,Sí,Envasado Manual,ENVASADO MANUAL,Terminada,65.9,40.0,2026-05-04 04:52,2026-05-04 04:52,2026-07-16 18:30:24
SEM/MO/00232,[PULP017] PULPA DE MORA 16 KG,kg,L1192603,400.0,592.0,100.0,Terminada,2026-05-29,2026-05-04 04:53,2026-05-04 04:53,Sí,Escaldado/descongelado,ESCALDADO,Terminada,104.3,60.0,2026-05-04 04:53,2026-05-04 04:53,2026-07-16 18:30:24
SEM/MO/00232,[PULP017] PULPA DE MORA 16 KG,kg,L1192603,400.0,592.0,100.0,Terminada,2026-05-29,2026-05-04 04:53,2026-05-04 04:53,Sí,Despulpado y refinado,PULPEADO,Terminada,98.7,35.0,2026-05-04 04:53,2026-05-04 04:53,2026-07-16 18:30:24
SEM/MO/00232,[PULP017] PULPA DE MORA 16 KG,kg,L1192603,400.0,592.0,100.0,Terminada,2026-05-29,2026-05-04 04:53,2026-05-04 04:53,Sí,Pasteurizado,PASTEURIZACIÓN,Terminada,71.6,25.0,2026-05-04 04:53,2026-05-04 04:53,2026-07-16 18:30:24
SEM/MO/00232,[PULP017] PULPA DE MORA 16 KG,kg,L1192603,400.0,592.0,100.0,Terminada,2026-05-29,2026-05-04 04:53,2026-05-04 04:53,Sí,Envasado Manual,ENVASADO MANUAL,Terminada,35.5,40.0,2026-05-04 04:53,2026-05-04 04:53,2026-07-16 18:30:24
SEM/MO/00234,[PTEC025] PULPA DE MORA GOYA UE UNIDAD 250 g,Units,HF PB 119 26,6700.0,9700.0,100.0,Terminada,2026-04-29,2026-05-04 16:57,2026-05-04 16:57,Sí,Escaldado/descongelado,ESCALDADO,Terminada,427.2,200.0,2026-05-04 16:57,2026-05-04 16:57,2026-07-16 18:30:24
SEM/MO/00234,[PTEC025] PULPA DE MORA GOYA UE UNIDAD 250 g,Units,HF PB 119 26,6700.0,9700.0,100.0,Terminada,2026-04-29,2026-05-04 16:57,2026-05-04 16:57,Sí,Despulpado y refinado,PULPEADO,Terminada,404.2,160.0,2026-05-04 16:57,2026-05-04 16:57,2026-07-16 18:30:24
SEM/MO/00234,[PTEC025] PULPA DE MORA GOYA UE UNIDAD 250 g,Units,HF PB 119 26,6700.0,9700.0,100.0,Terminada,2026-04-29,2026-05-04 16:57,2026-05-04 16:57,Sí,Pasteurizado,PASTEURIZACIÓN,Terminada,293.9,45.0,2026-05-04 16:57,2026-05-04 16:57,2026-07-16 18:30:24
SEM/MO/00234,[PTEC025] PULPA DE MORA GOYA UE UNIDAD 250 g,Units,HF PB 119 26,6700.0,9700.0,100.0,Terminada,2026-04-29,2026-05-04 16:57,2026-05-04 16:57,Sí,Dosificado manual ,DOSIFICADO MANUAL,Terminada,203.6,215.0,2026-05-04 16:57,2026-05-04 16:57,2026-07-16 18:30:24
SEM/MO/00234,[PTEC025] PULPA DE MORA GOYA UE UNIDAD 250 g,Units,HF PB 119 26,6700.0,9700.0,100.0,Terminada,2026-04-29,2026-05-04 16:57,2026-05-04 16:57,Sí,Etiquetado manual,ETIQUETADO,Terminada,291.0,115.0,2026-05-04 16:57,2026-05-04 16:57,2026-07-16 18:30:24
SEM/MO/00233,[PTEC016] PULPA DE MORA MERICA UNIDAD 250 g,Units,L1192615,6700.0,7302.0,100.0,Terminada,2026-04-29,2026-05-04 17:03,2026-05-04 17:03,Sí,Liberación ,LIMPIEZA,Terminada,328.6,120.0,2026-05-04 17:03,2026-05-04 17:03,2026-07-16 18:30:24
SEM/MO/00233,[PTEC016] PULPA DE MORA MERICA UNIDAD 250 g,Units,L1192615,6700.0,7302.0,100.0,Terminada,2026-04-29,2026-05-04 17:03,2026-05-04 17:03,Sí,Escaldado/descongelado,ESCALDADO,Terminada,321.6,210.0,2026-05-04 17:03,2026-05-04 17:03,2026-07-16 18:30:24
SEM/MO/00233,[PTEC016] PULPA DE MORA MERICA UNIDAD 250 g,Units,L1192615,6700.0,7302.0,100.0,Terminada,2026-04-29,2026-05-04 17:03,2026-05-04 17:03,Sí,Despulpado y refinado,PULPEADO,Terminada,304.2,195.0,2026-05-04 17:03,2026-05-04 17:03,2026-07-16 18:30:24
SEM/MO/00233,[PTEC016] PULPA DE MORA MERICA UNIDAD 250 g,Units,L1192615,6700.0,7302.0,100.0,Terminada,2026-04-29,2026-05-04 17:03,2026-05-04 17:03,Sí,Dosificado manual ,DOSIFICADO MANUAL,Terminada,153.3,254.4,2026-05-04 17:03,2026-05-04 17:03,2026-07-16 18:30:24
SEM/MO/00233,[PTEC016] PULPA DE MORA MERICA UNIDAD 250 g,Units,L1192615,6700.0,7302.0,100.0,Terminada,2026-04-29,2026-05-04 17:03,2026-05-04 17:03,Sí,Etiquetado manual,ETIQUETADO,Terminada,219.1,180.0,2026-05-04 17:03,2026-05-04 17:03,2026-07-16 18:30:24
SEM/MO/00235,[PTEC018] PULPA DE GUANABANA MERICA UNIDAD 250 g,Units,L1182615,3501.0,3501.0,100.0,Terminada,2026-04-28,2026-05-04 17:12,2026-05-04 17:12,Sí,Escaldado/descongelado,ESCALDADO,Terminada,190.7,220.0,2026-05-04 17:12,2026-05-04 17:12,2026-07-16 18:30:24
SEM/MO/00235,[PTEC018] PULPA DE GUANABANA MERICA UNIDAD 250 g,Units,L1182615,3501.0,3501.0,100.0,Terminada,2026-04-28,2026-05-04 17:12,2026-05-04 17:12,Sí,Despulpado y refinado,PULPEADO,Terminada,145.9,190.0,2026-05-04 17:12,2026-05-04 17:12,2026-07-16 18:30:24
SEM/MO/00235,[PTEC018] PULPA DE GUANABANA MERICA UNIDAD 250 g,Units,L1182615,3501.0,3501.0,100.0,Terminada,2026-04-28,2026-05-04 17:12,2026-05-04 17:12,Sí,Calentamiento,CALENTAMIENTO,Terminada,106.1,45.0,2026-05-04 17:12,2026-05-04 17:12,2026-07-16 18:30:24
SEM/MO/00235,[PTEC018] PULPA DE GUANABANA MERICA UNIDAD 250 g,Units,L1182615,3501.0,3501.0,100.0,Terminada,2026-04-28,2026-05-04 17:12,2026-05-04 17:12,Sí,Dosificado manual ,DOSIFICADO MANUAL,Terminada,73.5,90.0,2026-05-04 17:12,2026-05-04 17:12,2026-07-16 18:30:24
SEM/MO/00235,[PTEC018] PULPA DE GUANABANA MERICA UNIDAD 250 g,Units,L1182615,3501.0,3501.0,100.0,Terminada,2026-04-28,2026-05-04 17:12,2026-05-04 17:12,Sí,Etiquetado manual,ETIQUETADO,Terminada,105.0,35.0,2026-05-04 17:12,2026-05-04 17:12,2026-07-16 18:30:24
SEM/MO/00235,[PTEC018] PULPA DE GUANABANA MERICA UNIDAD 250 g,Units,L1182615,3501.0,3501.0,100.0,Terminada,2026-04-28,2026-05-04 17:12,2026-05-04 17:12,Sí,Liberación,LIMPIEZA,Terminada,0.0,125.0,2026-05-04 17:12,2026-05-04 17:12,2026-07-16 18:30:24
SEM/MO/00236,[PTEC029] PULPA DE GUANABANA GOYA UE UNIDAD 250 g,Units,HF PB 119 26,8000.0,6853.0,100.0,Terminada,2026-04-29,2026-05-04 17:24,2026-05-04 17:24,Sí,Liberación ,LIMPIEZA,Terminada,308.4,134.8,2026-05-04 17:24,2026-05-04 17:24,2026-07-16 18:30:24
SEM/MO/00236,[PTEC029] PULPA DE GUANABANA GOYA UE UNIDAD 250 g,Units,HF PB 119 26,8000.0,6853.0,100.0,Terminada,2026-04-29,2026-05-04 17:24,2026-05-04 17:24,Sí,Escaldado/descongelado,ESCALDADO,Terminada,373.3,105.0,2026-05-04 17:24,2026-05-04 17:24,2026-07-16 18:30:24
SEM/MO/00236,[PTEC029] PULPA DE GUANABANA GOYA UE UNIDAD 250 g,Units,HF PB 119 26,8000.0,6853.0,100.0,Terminada,2026-04-29,2026-05-04 17:24,2026-05-04 17:24,Sí,Despulpado y refinado,PULPEADO,Terminada,285.5,120.0,2026-05-04 17:24,2026-05-04 17:24,2026-07-16 18:30:24
SEM/MO/00236,[PTEC029] PULPA DE GUANABANA GOYA UE UNIDAD 250 g,Units,HF PB 119 26,8000.0,6853.0,100.0,Terminada,2026-04-29,2026-05-04 17:24,2026-05-04 17:24,Sí,Homogenizado,HOMOGENIZACIÓN,Terminada,42.8,35.0,2026-05-04 17:24,2026-05-04 17:24,2026-07-16 18:30:24
SEM/MO/00236,[PTEC029] PULPA DE GUANABANA GOYA UE UNIDAD 250 g,Units,HF PB 119 26,8000.0,6853.0,100.0,Terminada,2026-04-29,2026-05-04 17:24,2026-05-04 17:24,Sí,Pasteurizado,PASTEURIZACIÓN,Terminada,207.7,80.0,2026-05-04 17:24,2026-05-04 17:24,2026-07-16 18:30:24
SEM/MO/00236,[PTEC029] PULPA DE GUANABANA GOYA UE UNIDAD 250 g,Units,HF PB 119 26,8000.0,6853.0,100.0,Terminada,2026-04-29,2026-05-04 17:24,2026-05-04 17:24,Sí,Dosificado manual ,DOSIFICADO MANUAL,Terminada,143.8,260.0,2026-05-04 17:24,2026-05-04 17:24,2026-07-16 18:30:24
SEM/MO/00236,[PTEC029] PULPA DE GUANABANA GOYA UE UNIDAD 250 g,Units,HF PB 119 26,8000.0,6853.0,100.0,Terminada,2026-04-29,2026-05-04 17:24,2026-05-04 17:24,Sí,Etiquetado manual,ETIQUETADO,Terminada,205.6,90.0,2026-05-04 17:24,2026-05-04 17:24,2026-07-16 18:30:24
SEM/MO/00230,[SALS006] SALSA DE FRESA EDULCORADA 15 KG,kg,L1192607,600.0,600.0,100.0,Terminada,2026-04-29,2026-05-04 17:25,2026-05-04 17:25,Sí,Lavado y desinfección,LAVADO 2,Terminada,15.7,65.2,2026-05-04 17:25,2026-05-04 17:25,2026-07-16 18:30:24
SEM/MO/00230,[SALS006] SALSA DE FRESA EDULCORADA 15 KG,kg,L1192607,600.0,600.0,100.0,Terminada,2026-04-29,2026-05-04 17:25,2026-05-04 17:25,Sí,Picado,RALLADO,Terminada,105.3,50.0,2026-05-04 17:25,2026-05-04 17:25,2026-07-16 18:30:24
SEM/MO/00230,[SALS006] SALSA DE FRESA EDULCORADA 15 KG,kg,L1192607,600.0,600.0,100.0,Terminada,2026-04-29,2026-05-04 17:25,2026-05-04 17:25,Sí,Pasteurizado,PASTEURIZACIÓN,Terminada,72.6,85.0,2026-05-04 17:25,2026-05-04 17:25,2026-07-16 18:30:24
SEM/MO/00230,[SALS006] SALSA DE FRESA EDULCORADA 15 KG,kg,L1192607,600.0,600.0,100.0,Terminada,2026-04-29,2026-05-04 17:25,2026-05-04 17:25,Sí,Envasado Manual,ENVASADO MANUAL,Terminada,36.0,30.1,2026-05-04 17:25,2026-05-04 17:25,2026-07-16 18:30:24
SEM/MO/00260,[REP-PTEC018] (Reproceso) PULPA DE GUANABANA MERICA UNIDAD 250 g,,,2194.0,2194.0,100.0,Terminada,2026-05-28,2026-05-04 17:29,2026-05-04 17:30,Sí,,,,,,,,2026-07-16 18:30:24
SEM/MO/00261,[REP-PTEC018] (Reproceso) PULPA DE GUANABANA MERICA UNIDAD 250 g,,,2194.0,2194.0,100.0,Terminada,2026-04-28,2026-05-04 17:31,2026-05-04 22:00,Sí,,,,,,,,2026-07-16 18:30:24
SEM/MO/00262,[PTEC018] PULPA DE GUANABANA MERICA UNIDAD 250 g,,,2194.0,2194.0,100.0,Terminada,2026-04-28,2026-05-04 19:29,2026-05-05 13:01,Sí,,,,,,,,2026-07-16 18:30:24
SEM/MO/00263,[REP-PTEC016] (Reproceso) PULPA DE MORA MERICA UNIDAD 250 g ,,,370.0,370.0,100.0,Terminada,2026-04-29,2026-05-04 19:32,2026-05-04 21:33,No,,,,,,,,2026-07-16 18:30:24
SEM/MO/00264,[PTEC016] PULPA DE MORA MERICA UNIDAD 250 g,,,370.0,370.0,100.0,Terminada,2026-04-29,2026-05-04 19:35,2026-05-04 21:41,Sí,,,,,,,,2026-07-16 18:30:24
SEM/MO/00243,[PTEXP018] Pulpa Guanabana America x 250 gr (CAJAS 10 UDS),Units,L1142615,6840.0,6840.0,100.0,Terminada,2026-04-29,2026-05-04 21:35,2026-05-04 21:35,Sí,Encartonado,ENCARTONADO,Terminada,1050.0,180.0,2026-05-04 21:35,2026-05-04 21:35,2026-07-16 18:30:24
SEM/MO/00245,[PTEXP012] Pulpa Mango America x 250 gr (CAJAS 10 UDS),Units,L1052615-PTEXP,3420.0,3420.0,100.0,Terminada,2026-04-29,2026-05-04 21:38,2026-05-04 21:38,Sí,Encartonado,ENCARTONADO,Terminada,525.0,65.0,2026-05-04 21:38,2026-05-04 21:38,2026-07-16 18:30:24
SEM/MO/00246,[PTEXP017] Pulpa Guayaba America x 250 gr (CAJAS 10 UDS),Units,L1062615,3420.0,3420.0,100.0,Terminada,2026-04-29,2026-05-04 21:40,2026-05-04 21:40,Sí,Encartonado,ENCARTONADO,Terminada,525.0,80.0,2026-05-04 21:40,2026-05-04 21:40,2026-07-16 18:30:24
SEM/MO/00259,[PTEXP019] Pulpa Lulo America x 250 gr (CAJAS 10 UDS),Units,L1072615,3420.0,3420.0,100.0,Terminada,2026-05-04,2026-05-04 21:51,2026-05-04 21:51,Sí,Encartonado,ENCARTONADO,Terminada,525.0,65.0,2026-05-04 21:51,2026-05-04 21:51,2026-07-16 18:30:24
SEM/MO/00257,[PTEXP020] Pulpa Tamarindo America x 250 gr (CAJAS 10 UDS),Units,L1042615-PTEXP020(1),3420.0,3420.0,100.0,Terminada,2026-05-04,2026-05-04 21:51,2026-05-04 21:51,Sí,Encartonado,ENCARTONADO,Terminada,525.0,90.0,2026-05-04 21:51,2026-05-04 21:51,2026-07-16 18:30:24
SEM/MO/00258,[PTEXP020] Pulpa Tamarindo America x 250 gr (CAJAS 10 UDS),Units,L1042615,3420.0,3420.0,100.0,Terminada,2026-05-04,2026-05-04 21:54,2026-05-04 21:54,Sí,Encartonado,ENCARTONADO,Terminada,525.0,70.0,2026-05-04 21:54,2026-05-04 21:54,2026-07-16 18:30:24
SEM/MO/00244,[PTEXP016] Pulpa Mora America x 250 gr (CAJAS 10 UDS),Units,L0702615,3420.0,3420.0,100.0,Terminada,2026-04-29,2026-05-04 21:56,2026-05-04 21:56,Sí,Encartonado,ENCARTONADO,Terminada,525.0,50.0,2026-05-04 21:56,2026-05-04 21:56,2026-07-16 18:30:24
SEM/MO/00254,[PTEC026] PULPA DE GUAYABA GOYA UE UNIDAD 250 g,Units,HF PB 120 26,13000.0,12724.0,100.0,Terminada,2026-04-30,2026-05-05 08:30,2026-05-05 08:30,Sí,Liberación ,LIMPIEZA,Terminada,572.6,75.0,2026-05-05 08:30,2026-05-05 08:30,2026-07-16 18:30:24
SEM/MO/00254,[PTEC026] PULPA DE GUAYABA GOYA UE UNIDAD 250 g,Units,HF PB 120 26,13000.0,12724.0,100.0,Terminada,2026-04-30,2026-05-05 08:30,2026-05-05 08:30,Sí,Lavado y desinfección,LAVADO 2,Terminada,350.6,115.0,2026-05-05 08:30,2026-05-05 08:30,2026-07-16 18:30:24
SEM/MO/00254,[PTEC026] PULPA DE GUAYABA GOYA UE UNIDAD 250 g,Units,HF PB 120 26,13000.0,12724.0,100.0,Terminada,2026-04-30,2026-05-05 08:30,2026-05-05 08:30,Sí,Despulpado y refinado,PULPEADO,Terminada,530.2,115.0,2026-05-05 08:30,2026-05-05 08:30,2026-07-16 18:30:24
SEM/MO/00254,[PTEC026] PULPA DE GUAYABA GOYA UE UNIDAD 250 g,Units,HF PB 120 26,13000.0,12724.0,100.0,Terminada,2026-04-30,2026-05-05 08:30,2026-05-05 08:30,Sí,Pasteurizado,PASTEURIZACIÓN,Terminada,385.6,280.0,2026-05-05 08:30,2026-05-05 08:30,2026-07-16 18:30:24
SEM/MO/00254,[PTEC026] PULPA DE GUAYABA GOYA UE UNIDAD 250 g,Units,HF PB 120 26,13000.0,12724.0,100.0,Terminada,2026-04-30,2026-05-05 08:30,2026-05-05 08:30,Sí,Dosificado manual ,DOSIFICADO MANUAL,Terminada,267.1,434.9,2026-05-05 08:30,2026-05-05 08:30,2026-07-16 18:30:24
SEM/MO/00254,[PTEC026] PULPA DE GUAYABA GOYA UE UNIDAD 250 g,Units,HF PB 120 26,13000.0,12724.0,100.0,Terminada,2026-04-30,2026-05-05 08:30,2026-05-05 08:30,Sí,Etiquetado manual,ETIQUETADO,Terminada,381.7,215.0,2026-05-05 08:30,2026-05-05 08:30,2026-07-16 18:30:24
SEM/MO/00268,[REP-PTEC026] (Reproceso) PULPA DE GUAYABA GOYA UE UNIDAD 250 g ,,,63.0,63.0,100.0,Terminada,2026-04-30,2026-05-05 08:31,2026-05-05 09:12,No,,,,,,,,2026-07-16 18:30:24
SEM/MO/00269,[PTEC026] PULPA DE GUAYABA GOYA UE UNIDAD 250 g,,,63.0,63.0,100.0,Terminada,2026-04-30,2026-05-05 08:32,2026-05-05 09:23,Sí,,,,,,,,2026-07-16 18:30:24
SEM/MO/00253,[SALS006] SALSA DE FRESA EDULCORADA 15 KG,kg,L1202607,450.0,480.0,100.0,Terminada,2026-04-30,2026-05-05 08:46,2026-05-05 08:46,Sí,Lavado y desinfección,LAVADO 2,Terminada,12.5,50.0,2026-05-05 08:46,2026-05-05 08:46,2026-07-16 18:30:24
SEM/MO/00253,[SALS006] SALSA DE FRESA EDULCORADA 15 KG,kg,L1202607,450.0,480.0,100.0,Terminada,2026-04-30,2026-05-05 08:46,2026-05-05 08:46,Sí,Picado,RALLADO,Terminada,84.2,60.0,2026-05-05 08:46,2026-05-05 08:46,2026-07-16 18:30:24
SEM/MO/00253,[SALS006] SALSA DE FRESA EDULCORADA 15 KG,kg,L1202607,450.0,480.0,100.0,Terminada,2026-04-30,2026-05-05 08:46,2026-05-05 08:46,Sí,Pasteurizado,PASTEURIZACIÓN,Terminada,58.1,50.0,2026-05-05 08:46,2026-05-05 08:46,2026-07-16 18:30:24
SEM/MO/00253,[SALS006] SALSA DE FRESA EDULCORADA 15 KG,kg,L1202607,450.0,480.0,100.0,Terminada,2026-04-30,2026-05-05 08:46,2026-05-05 08:46,Sí,Envasado Manual,ENVASADO MANUAL,Terminada,28.8,40.0,2026-05-05 08:46,2026-05-05 08:46,2026-07-16 18:30:24
SEM/MO/00271,[REP-PTEC019] (Reproceso) PULPA DE LULO MERICA UNIDAD 250 g ,,,2918.0,2918.0,100.0,Terminada,2026-04-30,2026-05-05 09:06,2026-05-05 09:24,No,,,,,,,,2026-07-16 18:30:24
SEM/MO/00273,[PTEC019] PULPA DE LULO MERICA UNIDAD 250 g,,,2918.0,2918.0,100.0,Terminada,2026-04-30,2026-05-05 09:07,2026-05-05 09:32,Sí,,,,,,,,2026-07-16 18:30:24
SEM/MO/00252,[PTEC019] PULPA DE LULO MERICA UNIDAD 250 g,Units,L1202615,9800.0,9794.0,100.0,Terminada,2026-04-30,2026-05-05 09:11,2026-05-05 09:11,Sí,Liberación ,LIMPIEZA,Terminada,440.7,165.0,2026-05-05 09:11,2026-05-05 09:11,2026-07-16 18:30:24
SEM/MO/00252,[PTEC019] PULPA DE LULO MERICA UNIDAD 250 g,Units,L1202615,9800.0,9794.0,100.0,Terminada,2026-04-30,2026-05-05 09:11,2026-05-05 09:11,Sí,Proceso Manual ,DESPITONADO,Terminada,2314.4,375.7,2026-05-05 09:11,2026-05-05 09:11,2026-07-16 18:30:24
SEM/MO/00252,[PTEC019] PULPA DE LULO MERICA UNIDAD 250 g,Units,L1202615,9800.0,9794.0,100.0,Terminada,2026-04-30,2026-05-05 09:11,2026-05-05 09:11,Sí,Lavado y desinfección,LAVADO 2,Terminada,260.3,110.0,2026-05-05 09:11,2026-05-05 09:11,2026-07-16 18:30:24
SEM/MO/00252,[PTEC019] PULPA DE LULO MERICA UNIDAD 250 g,Units,L1202615,9800.0,9794.0,100.0,Terminada,2026-04-30,2026-05-05 09:11,2026-05-05 09:11,Sí,Escaldado/descongelado,ESCALDADO,Terminada,489.9,290.0,2026-05-05 09:11,2026-05-05 09:11,2026-07-16 18:30:24
SEM/MO/00252,[PTEC019] PULPA DE LULO MERICA UNIDAD 250 g,Units,L1202615,9800.0,9794.0,100.0,Terminada,2026-04-30,2026-05-05 09:11,2026-05-05 09:11,Sí,Despulpado y refinado,PULPEADO,Terminada,408.1,285.0,2026-05-05 09:11,2026-05-05 09:11,2026-07-16 18:30:24
SEM/MO/00252,[PTEC019] PULPA DE LULO MERICA UNIDAD 250 g,Units,L1202615,9800.0,9794.0,100.0,Terminada,2026-04-30,2026-05-05 09:11,2026-05-05 09:11,Sí,Calentamiento,CALENTAMIENTO,Terminada,296.8,330.0,2026-05-05 09:11,2026-05-05 09:11,2026-07-16 18:30:24
SEM/MO/00252,[PTEC019] PULPA DE LULO MERICA UNIDAD 250 g,Units,L1202615,9800.0,9794.0,100.0,Terminada,2026-04-30,2026-05-05 09:11,2026-05-05 09:11,Sí,Dosificado manual ,DOSIFICADO MANUAL,Terminada,205.6,215.2,2026-05-05 09:11,2026-05-05 09:11,2026-07-16 18:30:24
SEM/MO/00252,[PTEC019] PULPA DE LULO MERICA UNIDAD 250 g,Units,L1202615,9800.0,9794.0,100.0,Terminada,2026-04-30,2026-05-05 09:11,2026-05-05 09:11,Sí,Etiquetado manual,ETIQUETADO,Terminada,293.8,240.0,2026-05-05 09:11,2026-05-05 09:11,2026-07-16 18:30:24
SEM/MO/00270,[PULP010] PULPA DE MARACUYA 10 KG,kg,L1242608,20.0,20.0,100.0,Terminada,2026-05-04,2026-05-05 12:07,2026-05-05 12:07,Sí,Pasteurizado,PASTEURIZACIÓN,Terminada,2.4,25.0,2026-05-05 12:07,2026-05-05 12:07,2026-07-16 18:30:24
SEM/MO/00270,[PULP010] PULPA DE MARACUYA 10 KG,kg,L1242608,20.0,20.0,100.0,Terminada,2026-05-04,2026-05-05 12:07,2026-05-05 12:07,Sí,Envasado Manual,ENVASADO MANUAL,Terminada,1.2,15.0,2026-05-05 12:07,2026-05-05 12:07,2026-07-16 18:30:24
SEM/MO/00289,[REP-PTEC007] (Reproceso) PULPA DE MARACUYA GOYA USA UNIDAD 397 g,,,424.0,424.0,100.0,Terminada,2026-05-05,2026-05-05 12:13,2026-05-08 09:42,Sí,,,,,,,,2026-07-16 18:30:24
SEM/MO/00267,[PTEC018] PULPA DE GUANABANA MERICA UNIDAD 250 g,Units,L1242615,16500.0,16442.0,100.0,Terminada,2026-05-04,2026-05-05 12:41,2026-05-05 12:41,Sí,Liberación ,LIMPIEZA,Terminada,739.9,150.1,2026-05-05 12:41,2026-05-05 12:41,2026-07-16 18:30:24
SEM/MO/00267,[PTEC018] PULPA DE GUANABANA MERICA UNIDAD 250 g,Units,L1242615,16500.0,16442.0,100.0,Terminada,2026-05-04,2026-05-05 12:41,2026-05-05 12:41,Sí,Escaldado/descongelado,ESCALDADO,Terminada,895.5,315.0,2026-05-05 12:41,2026-05-05 12:41,2026-07-16 18:30:24
SEM/MO/00267,[PTEC018] PULPA DE GUANABANA MERICA UNIDAD 250 g,Units,L1242615,16500.0,16442.0,100.0,Terminada,2026-05-04,2026-05-05 12:41,2026-05-05 12:41,Sí,Despulpado y refinado,PULPEADO,Terminada,685.1,260.0,2026-05-05 12:41,2026-05-05 12:41,2026-07-16 18:30:24
SEM/MO/00267,[PTEC018] PULPA DE GUANABANA MERICA UNIDAD 250 g,Units,L1242615,16500.0,16442.0,100.0,Terminada,2026-05-04,2026-05-05 12:41,2026-05-05 12:41,Sí,Calentamiento,CALENTAMIENTO,Terminada,498.2,260.0,2026-05-05 12:41,2026-05-05 12:41,2026-07-16 18:30:24
SEM/MO/00267,[PTEC018] PULPA DE GUANABANA MERICA UNIDAD 250 g,Units,L1242615,16500.0,16442.0,100.0,Terminada,2026-05-04,2026-05-05 12:41,2026-05-05 12:41,Sí,Dosificado manual ,DOSIFICADO MANUAL,Terminada,345.1,429.9,2026-05-05 12:41,2026-05-05 12:41,2026-07-16 18:30:24
SEM/MO/00267,[PTEC018] PULPA DE GUANABANA MERICA UNIDAD 250 g,Units,L1242615,16500.0,16442.0,100.0,Terminada,2026-05-04,2026-05-05 12:41,2026-05-05 12:41,Sí,Etiquetado manual,ETIQUETADO,Terminada,493.3,250.0,2026-05-05 12:41,2026-05-05 12:41,2026-07-16 18:30:24
SEM/MO/00266,[PTEC002] PULPA DE GUANABANA GOYA USA UNIDAD 397 g,Units,HF PB  124 26,2500.0,889.0,100.0,Terminada,2026-05-04,2026-05-05 12:42,2026-05-05 12:42,Sí,Liberación ,LIMPIEZA,Terminada,63.5,150.0,2026-05-05 12:42,2026-05-05 12:42,2026-07-16 18:30:24
SEM/MO/00266,[PTEC002] PULPA DE GUANABANA GOYA USA UNIDAD 397 g,Units,HF PB  124 26,2500.0,889.0,100.0,Terminada,2026-05-04,2026-05-05 12:42,2026-05-05 12:42,Sí,Escaldado/descongelado,ESCALDADO,Terminada,76.9,65.0,2026-05-05 12:42,2026-05-05 12:42,2026-07-16 18:30:24
SEM/MO/00266,[PTEC002] PULPA DE GUANABANA GOYA USA UNIDAD 397 g,Units,HF PB  124 26,2500.0,889.0,100.0,Terminada,2026-05-04,2026-05-05 12:42,2026-05-05 12:42,Sí,Despulpado y refinado,PULPEADO,Terminada,58.8,45.0,2026-05-05 12:42,2026-05-05 12:42,2026-07-16 18:30:24
SEM/MO/00266,[PTEC002] PULPA DE GUANABANA GOYA USA UNIDAD 397 g,Units,HF PB  124 26,2500.0,889.0,100.0,Terminada,2026-05-04,2026-05-05 12:42,2026-05-05 12:42,Sí,Homogenizado,HOMOGENIZACIÓN,Terminada,8.8,25.0,2026-05-05 12:42,2026-05-05 12:42,2026-07-16 18:30:24
SEM/MO/00266,[PTEC002] PULPA DE GUANABANA GOYA USA UNIDAD 397 g,Units,HF PB  124 26,2500.0,889.0,100.0,Terminada,2026-05-04,2026-05-05 12:42,2026-05-05 12:42,Sí,Pasteurizado,PASTEURIZACIÓN,Terminada,42.8,10.0,2026-05-05 12:42,2026-05-05 12:42,2026-07-16 18:30:24
SEM/MO/00266,[PTEC002] PULPA DE GUANABANA GOYA USA UNIDAD 397 g,Units,HF PB  124 26,2500.0,889.0,100.0,Terminada,2026-05-04,2026-05-05 12:42,2026-05-05 12:42,Sí,Dosificado manual ,DOSIFICADO MANUAL,Terminada,47.1,30.0,2026-05-05 12:42,2026-05-05 12:42,2026-07-16 18:30:24
SEM/MO/00266,[PTEC002] PULPA DE GUANABANA GOYA USA UNIDAD 397 g,Units,HF PB  124 26,2500.0,889.0,100.0,Terminada,2026-05-04,2026-05-05 12:42,2026-05-05 12:42,Sí,Etiquetado manual,ETIQUETADO,Terminada,26.7,40.0,2026-05-05 12:42,2026-05-05 12:42,2026-07-16 18:30:24
SEM/MO/00265,[PULP016] PULPA DE FRESA 16 KG,kg,L1242603,320.0,320.0,100.0,Terminada,2026-05-04,2026-05-05 12:44,2026-05-05 12:44,Sí,Lavado y desinfección,LAVADO 2,Terminada,28.2,30.0,2026-05-05 12:44,2026-05-05 12:44,2026-07-16 18:30:24
SEM/MO/00265,[PULP016] PULPA DE FRESA 16 KG,kg,L1242603,320.0,320.0,100.0,Terminada,2026-05-04,2026-05-05 12:44,2026-05-05 12:44,Sí,Despulpado y refinado,PULPEADO,Terminada,53.3,15.0,2026-05-05 12:44,2026-05-05 12:44,2026-07-16 18:30:24
SEM/MO/00265,[PULP016] PULPA DE FRESA 16 KG,kg,L1242603,320.0,320.0,100.0,Terminada,2026-05-04,2026-05-05 12:44,2026-05-05 12:44,Sí,Pasteurizado,PASTEURIZACIÓN,Terminada,38.7,35.0,2026-05-05 12:44,2026-05-05 12:44,2026-07-16 18:30:24
SEM/MO/00265,[PULP016] PULPA DE FRESA 16 KG,kg,L1242603,320.0,320.0,100.0,Terminada,2026-05-04,2026-05-05 12:44,2026-05-05 12:44,Sí,Envasado Manual,ENVASADO MANUAL,Terminada,19.2,30.0,2026-05-05 12:44,2026-05-05 12:44,2026-07-16 18:30:24
SEM/MO/00274,[PTEXP019] Pulpa Lulo America x 250 gr (CAJAS 10 UDS),Units,L1202615,3420.0,3420.0,100.0,Terminada,2026-05-04,2026-05-05 12:59,2026-05-05 12:59,Sí,Encartonado,ENCARTONADO,Terminada,525.0,70.0,2026-05-05 12:59,2026-05-05 12:59,2026-07-16 18:30:24
SEM/MO/00275,[PTEXP019] Pulpa Lulo America x 250 gr (CAJAS 10 UDS),Units,L1152615,3420.0,3420.0,100.0,Terminada,2026-05-04,2026-05-05 12:59,2026-05-05 12:59,Sí,Encartonado,ENCARTONADO,Terminada,525.0,75.0,2026-05-05 12:59,2026-05-05 12:59,2026-07-16 18:30:24
SEM/MO/00277,[SALS008] SALSA LISA DE FRESA ,kg,L1252607,2010.0,2010.0,100.0,Terminada,2026-05-05,2026-05-07 12:11,2026-05-07 12:11,Sí,Liberación,LIMPIEZA,Terminada,120.6,40.0,2026-05-07 12:11,2026-05-07 12:11,2026-07-16 18:30:24
SEM/MO/00277,[SALS008] SALSA LISA DE FRESA ,kg,L1252607,2010.0,2010.0,100.0,Terminada,2026-05-05,2026-05-07 12:11,2026-05-07 12:11,Sí,Pasteurizado,PASTEURIZACIÓN,Terminada,243.2,380.0,2026-05-07 12:11,2026-05-07 12:11,2026-07-16 18:30:24
SEM/MO/00277,[SALS008] SALSA LISA DE FRESA ,kg,L1252607,2010.0,2010.0,100.0,Terminada,2026-05-05,2026-05-07 12:11,2026-05-07 12:11,Sí,Envasado manual,ENVASADO MANUAL,Terminada,120.6,155.0,2026-05-07 12:11,2026-05-07 12:11,2026-07-16 18:30:24
SEM/MO/00276,[SALS008] SALSA LISA DE FRESA ,kg,L1242607,480.0,480.0,100.0,Terminada,2026-05-04,2026-05-07 12:31,2026-05-07 12:31,Sí,Liberación,LIMPIEZA,Terminada,28.8,40.0,2026-05-07 12:31,2026-05-07 12:31,2026-07-16 18:30:24
SEM/MO/00276,[SALS008] SALSA LISA DE FRESA ,kg,L1242607,480.0,480.0,100.0,Terminada,2026-05-04,2026-05-07 12:31,2026-05-07 12:31,Sí,Lavado y desinfección,LAVADO 2,Terminada,42.4,60.0,2026-05-07 12:31,2026-05-07 12:31,2026-07-16 18:30:24
SEM/MO/00276,[SALS008] SALSA LISA DE FRESA ,kg,L1242607,480.0,480.0,100.0,Terminada,2026-05-04,2026-05-07 12:31,2026-05-07 12:31,Sí,Despulpado y refinado,PULPEADO,Terminada,80.0,90.0,2026-05-07 12:31,2026-05-07 12:31,2026-07-16 18:30:24
SEM/MO/00276,[SALS008] SALSA LISA DE FRESA ,kg,L1242607,480.0,480.0,100.0,Terminada,2026-05-04,2026-05-07 12:31,2026-05-07 12:31,Sí,Pasteurizado,PASTEURIZACIÓN,Terminada,58.1,50.0,2026-05-07 12:31,2026-05-07 12:31,2026-07-16 18:30:24
SEM/MO/00276,[SALS008] SALSA LISA DE FRESA ,kg,L1242607,480.0,480.0,100.0,Terminada,2026-05-04,2026-05-07 12:31,2026-05-07 12:31,Sí,Envasado manual,ENVASADO MANUAL,Terminada,28.8,30.0,2026-05-07 12:31,2026-05-07 12:31,2026-07-16 18:30:24
SEM/MO/00278,[PTEC004] PULPA DE GUAYABA GOYA USA UNIDAD 397 g,Units,HF PB 125 26,14000.0,6171.0,100.0,Terminada,2026-05-05,2026-05-07 14:17,2026-05-07 14:17,Sí,Lavado y desinfección,LAVADO 2,Terminada,270.1,70.0,2026-05-07 14:17,2026-05-07 14:17,2026-07-16 18:30:24
SEM/MO/00278,[PTEC004] PULPA DE GUAYABA GOYA USA UNIDAD 397 g,Units,HF PB 125 26,14000.0,6171.0,100.0,Terminada,2026-05-05,2026-05-07 14:17,2026-05-07 14:17,Sí,Despulpado y refinado,PULPEADO,Terminada,408.3,90.0,2026-05-07 14:17,2026-05-07 14:17,2026-07-16 18:30:24
SEM/MO/00278,[PTEC004] PULPA DE GUAYABA GOYA USA UNIDAD 397 g,Units,HF PB 125 26,14000.0,6171.0,100.0,Terminada,2026-05-05,2026-05-07 14:17,2026-05-07 14:17,Sí,Pasteurizado,PASTEURIZACIÓN,Terminada,297.0,255.0,2026-05-07 14:17,2026-05-07 14:17,2026-07-16 18:30:24
SEM/MO/00278,[PTEC004] PULPA DE GUAYABA GOYA USA UNIDAD 397 g,Units,HF PB 125 26,14000.0,6171.0,100.0,Terminada,2026-05-05,2026-05-07 14:17,2026-05-07 14:17,Sí,Dosificado Automático,DOSIFICADO AUTOMÁTICO,Terminada,308.6,165.0,2026-05-07 14:17,2026-05-07 14:17,2026-07-16 18:30:24
SEM/MO/00278,[PTEC004] PULPA DE GUAYABA GOYA USA UNIDAD 397 g,Units,HF PB 125 26,14000.0,6171.0,100.0,Terminada,2026-05-05,2026-05-07 14:17,2026-05-07 14:17,Sí,Dosificado manual ,DOSIFICADO MANUAL,Terminada,326.6,135.0,2026-05-07 14:17,2026-05-07 14:17,2026-07-16 18:30:24
SEM/MO/00278,[PTEC004] PULPA DE GUAYABA GOYA USA UNIDAD 397 g,Units,HF PB 125 26,14000.0,6171.0,100.0,Terminada,2026-05-05,2026-05-07 14:17,2026-05-07 14:17,Sí,Etiquetado manual,ETIQUETADO,Terminada,185.1,65.0,2026-05-07 14:17,2026-05-07 14:17,2026-07-16 18:30:24
SEM/MO/00286,[PTEC020] PULPA DE TAMARINDO MERICA UNIDAD 250 g,Units,L1262615,3000.0,2990.0,100.0,Terminada,2026-05-06,2026-05-07 14:57,2026-05-07 14:57,Sí,Liberación ,LIMPIEZA,Terminada,134.6,45.0,2026-05-07 14:57,2026-05-07 14:57,2026-07-16 18:30:24
SEM/MO/00286,[PTEC020] PULPA DE TAMARINDO MERICA UNIDAD 250 g,Units,L1262615,3000.0,2990.0,100.0,Terminada,2026-05-06,2026-05-07 14:57,2026-05-07 14:57,Sí,Escaldado/descongelado,ESCALDADO,Terminada,205.8,70.0,2026-05-07 14:57,2026-05-07 14:57,2026-07-16 18:30:24
SEM/MO/00286,[PTEC020] PULPA DE TAMARINDO MERICA UNIDAD 250 g,Units,L1262615,3000.0,2990.0,100.0,Terminada,2026-05-06,2026-05-07 14:57,2026-05-07 14:57,Sí,Despulpado y refinado,PULPEADO,Terminada,124.6,65.0,2026-05-07 14:57,2026-05-07 14:57,2026-07-16 18:30:24
SEM/MO/00286,[PTEC020] PULPA DE TAMARINDO MERICA UNIDAD 250 g,Units,L1262615,3000.0,2990.0,100.0,Terminada,2026-05-06,2026-05-07 14:57,2026-05-07 14:57,Sí,Dosificado manual ,DOSIFICADO MANUAL,Terminada,62.8,240.0,2026-05-07 14:57,2026-05-07 14:57,2026-07-16 18:30:24
SEM/MO/00286,[PTEC020] PULPA DE TAMARINDO MERICA UNIDAD 250 g,Units,L1262615,3000.0,2990.0,100.0,Terminada,2026-05-06,2026-05-07 14:57,2026-05-07 14:57,Sí,Etiquetado manual,ETIQUETADO,Terminada,89.7,75.0,2026-05-07 14:57,2026-05-07 14:57,2026-07-16 18:30:24
SEM/MO/00287,[SALS009] SALSA DE ARANDANO,kg,L1262607,1110.0,1170.0,100.0,Terminada,2026-05-06,2026-05-07 16:06,2026-05-07 16:06,Sí,Liberación,LIMPIEZA,Terminada,70.2,120.0,2026-05-07 16:06,2026-05-07 16:06,2026-07-16 18:30:24
SEM/MO/00287,[SALS009] SALSA DE ARANDANO,kg,L1262607,1110.0,1170.0,100.0,Terminada,2026-05-06,2026-05-07 16:06,2026-05-07 16:06,Sí,Despulpado y refinado,PULPEADO,Terminada,195.0,50.0,2026-05-07 16:06,2026-05-07 16:06,2026-07-16 18:30:24
SEM/MO/00287,[SALS009] SALSA DE ARANDANO,kg,L1262607,1110.0,1170.0,100.0,Terminada,2026-05-06,2026-05-07 16:06,2026-05-07 16:06,Sí,Pasteurizado,PASTEURIZACIÓN,Terminada,141.6,120.0,2026-05-07 16:06,2026-05-07 16:06,2026-07-16 18:30:24
SEM/MO/00287,[SALS009] SALSA DE ARANDANO,kg,L1262607,1110.0,1170.0,100.0,Terminada,2026-05-06,2026-05-07 16:06,2026-05-07 16:06,Sí,Envasado manual,ENVASADO MANUAL,Terminada,70.2,85.0,2026-05-07 16:06,2026-05-07 16:06,2026-07-16 18:30:24
SEM/MO/00287,[SALS009] SALSA DE ARANDANO,kg,L1262607,1110.0,1170.0,100.0,Terminada,2026-05-06,2026-05-07 16:06,2026-05-07 16:06,Sí,Escaldado,ESCALDADO,Terminada,0.0,60.0,2026-05-07 16:06,2026-05-07 16:06,2026-07-16 18:30:24
SEM/MO/00280,[PTEXP017] Pulpa Guayaba America x 250 gr (CAJAS 10 UDS),Units,L1132615,3420.0,3420.0,100.0,Terminada,2026-05-05,2026-05-08 08:30,2026-05-08 08:30,Sí,Encartonado,ENCARTONADO,Terminada,525.0,90.0,2026-05-08 08:30,2026-05-08 08:30,2026-07-16 18:30:24
SEM/MO/00279,[PTEXP019] Pulpa Lulo America x 250 gr (CAJAS 10 UDS),Units,L1072615,3420.0,3420.0,100.0,Terminada,2026-05-05,2026-05-08 09:17,2026-05-08 09:18,Sí,Encartonado,ENCARTONADO,Terminada,525.0,75.0,2026-05-08 09:17,2026-05-08 09:17,2026-07-16 18:30:24
SEM/MO/00281,[PTEXP019] Pulpa Lulo America x 250 gr (CAJAS 10 UDS),Units,L1152615,10260.0,10260.0,100.0,Terminada,2026-05-05,2026-05-08 09:28,2026-05-08 09:28,Sí,Encartonado,ENCARTONADO,Terminada,1575.0,400.0,2026-05-08 09:28,2026-05-08 09:28,2026-07-16 18:30:24
SEM/MO/00299,[REP-PTEC004] (Reproceso) PULPA DE GUAYABA GOYA USA UNIDAD 397 g ,,,1876.0,1876.0,100.0,Terminada,2026-05-05,2026-05-08 09:35,2026-05-11 15:25,No,,,,,,,,2026-07-16 18:30:24
SEM/MO/00300,[PTEC004] PULPA DE GUAYABA GOYA USA UNIDAD 397 g,,,1876.0,1876.0,100.0,Terminada,2026-05-05,2026-05-08 09:36,2026-05-18 05:25,Sí,,,,,,,,2026-07-16 18:30:24
SEM/MO/00301,[REP-PTEC007] (Reproceso) PULPA DE MARACUYA GOYA USA UNIDAD 397 g,,,1447.0,1447.0,100.0,Terminada,2026-05-05,2026-05-08 09:37,2026-05-13 14:22,Sí,,,,,,,,2026-07-16 18:30:24
SEM/MO/00302,[PTEC007] PULPA DE MARACUYA GOYA USA UNIDAD 397 g,,,1447.0,1447.0,100.0,Terminada,2026-05-05,2026-05-08 09:39,2026-05-13 14:30,Sí,,,,,,,,2026-07-16 18:30:24
SEM/MO/00303,[REP-PTEC020] (Reproceso) PULPA DE TAMARINDO MERICA UNIDAD 250 g,,,2151.0,2151.0,100.0,Terminada,2026-05-06,2026-05-08 09:39,2026-05-13 14:06,No,,,,,,,,2026-07-16 18:30:24
SEM/MO/00304,[PTEC020] PULPA DE TAMARINDO MERICA UNIDAD 250 g,,,2151.0,2151.0,100.0,Terminada,2026-05-06,2026-05-08 09:40,2026-05-13 14:20,Sí,,,,,,,,2026-07-16 18:30:24
SEM/MO/00284,[PTEXP015] Pulpa Maracuyá America x 250 gr (CAJAS 10 UDS),Units,L0832615,3420.0,3420.0,100.0,Terminada,2026-05-06,2026-05-08 11:27,2026-05-08 11:27,Sí,Encartonado,ENCARTONADO,Terminada,525.0,60.0,2026-05-08 11:27,2026-05-08 11:27,2026-07-16 18:30:24
SEM/MO/00285,[PTEXP012] Pulpa Mango America x 250 gr (CAJAS 10 UDS),Units,L1172615,3420.0,3420.0,100.0,Terminada,2026-05-06,2026-05-08 11:28,2026-05-08 11:28,Sí,Encartonado,ENCARTONADO,Terminada,525.0,70.0,2026-05-08 11:28,2026-05-08 11:28,2026-07-16 18:30:24
SEM/MO/00283,[PTEXP017] Pulpa Guayaba America x 250 gr (CAJAS 10 UDS),Units,L1132615,6840.0,6840.0,100.0,Terminada,2026-05-06,2026-05-08 11:29,2026-05-08 11:29,Sí,Encartonado,ENCARTONADO,Terminada,1051.5,180.0,2026-05-08 11:29,2026-05-08 11:29,2026-07-16 18:30:24
SEM/MO/00327,[REP-PTEC018] (Reproceso) PULPA DE GUANABANA MERICA UNIDAD 250 g,,,52.0,52.0,100.0,Terminada,2026-05-11,2026-05-11 11:37,2026-05-12 11:47,Sí,,,,,,,,2026-07-16 18:30:24
SEM/MO/00318,[REP-PTEC007] (Reproceso) PULPA DE MARACUYA GOYA USA UNIDAD 397 g,,,424.0,408.0,96.2,Terminada,2026-05-05,2026-05-11 15:23,2026-05-11 16:33,Sí,,,,,,,,2026-07-16 18:30:24
SEM/MO/00305,[PTEC005] PULPA DE MORA GOYA USA UNIDAD 397 g,Units,HF PB 127 26,4500.0,4228.0,100.0,Terminada,2026-05-07,2026-05-11 15:54,2026-05-11 15:54,Sí,Liberación ,LIMPIEZA,Terminada,302.1,35.0,2026-05-11 15:54,2026-05-11 15:54,2026-07-16 18:30:24
SEM/MO/00305,[PTEC005] PULPA DE MORA GOYA USA UNIDAD 397 g,Units,HF PB 127 26,4500.0,4228.0,100.0,Terminada,2026-05-07,2026-05-11 15:54,2026-05-11 15:54,Sí,Escaldado/descongelado,ESCALDADO,Terminada,295.7,170.0,2026-05-11 15:54,2026-05-11 15:54,2026-07-16 18:30:24
SEM/MO/00305,[PTEC005] PULPA DE MORA GOYA USA UNIDAD 397 g,Units,HF PB 127 26,4500.0,4228.0,100.0,Terminada,2026-05-07,2026-05-11 15:54,2026-05-11 15:54,Sí,Despulpado y refinado,PULPEADO,Terminada,279.8,150.0,2026-05-11 15:54,2026-05-11 15:54,2026-07-16 18:30:24
SEM/MO/00305,[PTEC005] PULPA DE MORA GOYA USA UNIDAD 397 g,Units,HF PB 127 26,4500.0,4228.0,100.0,Terminada,2026-05-07,2026-05-11 15:54,2026-05-11 15:54,Sí,Pasteurizado,PASTEURIZACIÓN,Terminada,203.5,165.0,2026-05-11 15:54,2026-05-11 15:54,2026-07-16 18:30:24
SEM/MO/00305,[PTEC005] PULPA DE MORA GOYA USA UNIDAD 397 g,Units,HF PB 127 26,4500.0,4228.0,100.0,Terminada,2026-05-07,2026-05-11 15:54,2026-05-11 15:54,Sí,Dosificado Automático,DOSIFICADO AUTOMÁTICO,Terminada,211.4,274.9,2026-05-11 15:54,2026-05-11 15:54,2026-07-16 18:30:24
SEM/MO/00305,[PTEC005] PULPA DE MORA GOYA USA UNIDAD 397 g,Units,HF PB 127 26,4500.0,4228.0,100.0,Terminada,2026-05-07,2026-05-11 15:54,2026-05-11 15:54,Sí,Dosificado manual ,DOSIFICADO MANUAL,Terminada,223.8,114.1,2026-05-11 15:54,2026-05-11 15:54,2026-07-16 18:30:24
SEM/MO/00305,[PTEC005] PULPA DE MORA GOYA USA UNIDAD 397 g,Units,HF PB 127 26,4500.0,4228.0,100.0,Terminada,2026-05-07,2026-05-11 15:54,2026-05-11 15:54,Sí,Etiquetado manual,ETIQUETADO,Terminada,126.8,55.0,2026-05-11 15:54,2026-05-11 15:54,2026-07-16 18:30:24
SEM/MO/00319,[REP-PTEC005] (Reproceso) PULPA DE MORA GOYA USA UNIDAD 397 g,,,2026.0,2026.0,100.0,Terminada,2026-05-07,2026-05-11 15:55,2026-05-13 14:13,No,,,,,,,,2026-07-16 18:30:24
SEM/MO/00320,[PTEC005] PULPA DE MORA GOYA USA UNIDAD 397 g,,,2026.0,2026.0,100.0,Terminada,2026-05-07,2026-05-11 15:58,2026-05-13 14:21,Sí,,,,,,,,2026-07-16 18:30:24
SEM/MO/00298,[SALS007] SALSA DE CHOCOLATE 1 KG,kg,L1272604,1000.0,910.0,100.0,Terminada,2026-05-07,2026-05-11 16:17,2026-05-11 16:17,Sí,Liberación ,LIMPIEZA,Terminada,54.6,40.0,2026-05-11 16:17,2026-05-11 16:17,2026-07-16 18:30:24
SEM/MO/00298,[SALS007] SALSA DE CHOCOLATE 1 KG,kg,L1272604,1000.0,910.0,100.0,Terminada,2026-05-07,2026-05-11 16:17,2026-05-11 16:17,Sí,Mezclado,MEZCLADO,Terminada,115.0,70.0,2026-05-11 16:17,2026-05-11 16:17,2026-07-16 18:30:24
SEM/MO/00298,[SALS007] SALSA DE CHOCOLATE 1 KG,kg,L1272604,1000.0,910.0,100.0,Terminada,2026-05-07,2026-05-11 16:17,2026-05-11 16:17,Sí,Pasteurizado,PASTEURIZACIÓN,Terminada,110.1,105.0,2026-05-11 16:17,2026-05-11 16:17,2026-07-16 18:30:24
SEM/MO/00298,[SALS007] SALSA DE CHOCOLATE 1 KG,kg,L1272604,1000.0,910.0,100.0,Terminada,2026-05-07,2026-05-11 16:17,2026-05-11 16:17,Sí,Envasado Manual,ENVASADO MANUAL,Terminada,54.6,140.0,2026-05-11 16:17,2026-05-11 16:17,2026-07-16 18:30:24
SEM/MO/00321,[PTEC007] PULPA DE MARACUYA GOYA USA UNIDAD 397 g,,,1015.0,1015.0,100.0,Terminada,2026-04-13,2026-05-11 16:26,2026-05-18 22:38,Sí,,,,,,,,2026-07-16 18:30:24
SEM/MO/00309,[PTEXP018] Pulpa Guanabana America x 250 gr (CAJAS 10 UDS),Units,L1242615,10260.0,10260.0,100.0,Terminada,2026-05-08,2026-05-11 17:06,2026-05-11 17:06,Sí,Encartonado,ENCARTONADO,Terminada,1575.0,240.0,2026-05-11 17:06,2026-05-11 17:06,2026-07-16 18:30:24
SEM/MO/00313,[PTEC003] PULPA DE NARANJILLA GOYA USA UNIDAD 397 g,Units,HF PB 128 26,10000.0,3519.0,100.0,Terminada,2026-05-08,2026-05-11 17:07,2026-05-18 14:21,Sí,Liberación ,LIMPIEZA,Terminada,251.5,50.0,2026-05-13 15:24,2026-05-18 14:21,2026-07-16 18:30:24
SEM/MO/00313,[PTEC003] PULPA DE NARANJILLA GOYA USA UNIDAD 397 g,Units,HF PB 128 26,10000.0,3519.0,100.0,Terminada,2026-05-08,2026-05-11 17:07,2026-05-18 14:21,Sí,Proceso Manual ,DESPITONADO,Terminada,831.6,274.3,2026-05-12 13:11,2026-05-18 14:21,2026-07-16 18:30:24
SEM/MO/00313,[PTEC003] PULPA DE NARANJILLA GOYA USA UNIDAD 397 g,Units,HF PB 128 26,10000.0,3519.0,100.0,Terminada,2026-05-08,2026-05-11 17:07,2026-05-18 14:21,Sí,Lavado y desinfección,LAVADO 2,Terminada,148.5,50.0,2026-05-14 10:03,2026-05-18 14:21,2026-07-16 18:30:24
SEM/MO/00313,[PTEC003] PULPA DE NARANJILLA GOYA USA UNIDAD 397 g,Units,HF PB 128 26,10000.0,3519.0,100.0,Terminada,2026-05-08,2026-05-11 17:07,2026-05-18 14:21,Sí,Escaldado/descongelado,ESCALDADO,Terminada,279.5,125.0,2026-05-11 17:07,2026-05-18 14:21,2026-07-16 18:30:24
SEM/MO/00313,[PTEC003] PULPA DE NARANJILLA GOYA USA UNIDAD 397 g,Units,HF PB 128 26,10000.0,3519.0,100.0,Terminada,2026-05-08,2026-05-11 17:07,2026-05-18 14:21,Sí,Despulpado y refinado,PULPEADO,Terminada,232.8,125.0,2026-05-12 13:39,2026-05-18 14:21,2026-07-16 18:30:24
SEM/MO/00313,[PTEC003] PULPA DE NARANJILLA GOYA USA UNIDAD 397 g,Units,HF PB 128 26,10000.0,3519.0,100.0,Terminada,2026-05-08,2026-05-11 17:07,2026-05-18 14:21,Sí,Pasteurizado,PASTEURIZACIÓN,Terminada,169.3,190.0,2026-05-13 08:32,2026-05-18 14:21,2026-07-16 18:30:24
SEM/MO/00313,[PTEC003] PULPA DE NARANJILLA GOYA USA UNIDAD 397 g,Units,HF PB 128 26,10000.0,3519.0,100.0,Terminada,2026-05-08,2026-05-11 17:07,2026-05-18 14:21,Sí,Dosificado Automático,DOSIFICADO AUTOMÁTICO,Terminada,175.9,230.0,2026-05-13 11:21,2026-05-18 14:21,2026-07-16 18:30:24
SEM/MO/00313,[PTEC003] PULPA DE NARANJILLA GOYA USA UNIDAD 397 g,Units,HF PB 128 26,10000.0,3519.0,100.0,Terminada,2026-05-08,2026-05-11 17:07,2026-05-18 14:21,Sí,Dosificado manual ,DOSIFICADO MANUAL,Terminada,186.3,90.0,2026-05-13 15:17,2026-05-18 14:21,2026-07-16 18:30:24
SEM/MO/00313,[PTEC003] PULPA DE NARANJILLA GOYA USA UNIDAD 397 g,Units,HF PB 128 26,10000.0,3519.0,100.0,Terminada,2026-05-08,2026-05-11 17:07,2026-05-18 14:21,Sí,Etiquetado manual,ETIQUETADO,Terminada,105.6,120.0,2026-05-14 09:23,2026-05-18 14:21,2026-07-16 18:30:24
SEM/MO/00294,[PTEXP020] Pulpa Tamarindo America x 250 gr (CAJAS 10 UDS),Units,L1172615,6840.0,6840.0,100.0,Terminada,2026-05-07,2026-05-11 21:48,2026-05-11 21:48,Sí,Encartonado,ENCARTONADO,Terminada,1050.0,135.0,2026-05-11 21:48,2026-05-11 21:48,2026-07-16 18:30:24
SEM/MO/00293,[PTEXP016] Pulpa Mora America x 250 gr (CAJAS 10 UDS),Units,L1192615,3420.0,3420.0,100.0,Terminada,2026-05-07,2026-05-11 21:49,2026-05-11 21:49,Sí,Encartonado,ENCARTONADO,Terminada,525.0,73.0,2026-05-11 21:49,2026-05-11 21:49,2026-07-16 18:30:24
SEM/MO/00296,[PTEXP018] Pulpa Guanabana America x 250 gr (CAJAS 10 UDS),Units,L1242615,3420.0,3420.0,100.0,Terminada,2026-05-07,2026-05-11 21:51,2026-05-11 21:51,Sí,Encartonado,ENCARTONADO,Terminada,525.0,95.0,2026-05-11 21:51,2026-05-11 21:51,2026-07-16 18:30:24
SEM/MO/00295,[PTEXP018] Pulpa Guanabana America x 250 gr (CAJAS 10 UDS),Units,L1142615,3420.0,3420.0,100.0,Terminada,2026-05-07,2026-05-11 22:23,2026-05-11 22:23,Sí,Encartonado,ENCARTONADO,Terminada,525.0,105.0,2026-05-11 22:23,2026-05-11 22:23,2026-07-16 18:30:24
SEM/MO/00312,[PULP018] PULPA DE NARANJILLA 20 KG,kg,L1282605,1000.0,1100.0,100.0,Terminada,2026-05-08,2026-05-12 08:53,2026-05-12 08:53,Sí,Liberación ,LIMPIEZA,Terminada,66.0,95.0,2026-05-12 08:53,2026-05-12 08:53,2026-07-16 18:30:24
SEM/MO/00312,[PULP018] PULPA DE NARANJILLA 20 KG,kg,L1282605,1000.0,1100.0,100.0,Terminada,2026-05-08,2026-05-12 08:53,2026-05-12 08:53,Sí,Lavado y desinfección,LAVADO 2,Terminada,116.9,50.0,2026-05-12 08:53,2026-05-12 08:53,2026-07-16 18:30:24
SEM/MO/00312,[PULP018] PULPA DE NARANJILLA 20 KG,kg,L1282605,1000.0,1100.0,100.0,Terminada,2026-05-08,2026-05-12 08:53,2026-05-12 08:53,Sí,Escaldado/descongelado,ESCALDADO,Terminada,220.1,120.0,2026-05-12 08:53,2026-05-12 08:53,2026-07-16 18:30:24
SEM/MO/00312,[PULP018] PULPA DE NARANJILLA 20 KG,kg,L1282605,1000.0,1100.0,100.0,Terminada,2026-05-08,2026-05-12 08:53,2026-05-12 08:53,Sí,Despulpado y refinado,PULPEADO,Terminada,183.3,120.0,2026-05-12 08:53,2026-05-12 08:53,2026-07-16 18:30:24
SEM/MO/00312,[PULP018] PULPA DE NARANJILLA 20 KG,kg,L1282605,1000.0,1100.0,100.0,Terminada,2026-05-08,2026-05-12 08:53,2026-05-12 08:53,Sí,Pasteurizado,PASTEURIZACIÓN,Terminada,133.1,100.0,2026-05-12 08:53,2026-05-12 08:53,2026-07-16 18:30:24
SEM/MO/00312,[PULP018] PULPA DE NARANJILLA 20 KG,kg,L1282605,1000.0,1100.0,100.0,Terminada,2026-05-08,2026-05-12 08:53,2026-05-12 08:53,Sí,Envasado Manual,ENVASADO MANUAL,Terminada,66.0,90.0,2026-05-12 08:53,2026-05-12 08:53,2026-07-16 18:30:24
SEM/MO/00308,[PTEXP002] SOURSOP PULP 12 X 14 OZ,Caja de 12,HF PB 111 26,210.0,210.0,100.0,Terminada,2026-05-08,2026-05-12 11:39,2026-05-13 09:30,Sí,Encartonado,ENCARTONADO,Terminada,315.0,60.0,2026-05-12 11:39,2026-05-13 09:30,2026-07-16 18:30:24
SEM/MO/00307,[PTEXP002] SOURSOP PULP 12 X 14 OZ,Caja de 12,HF PB 105 26,210.0,210.0,100.0,Terminada,2026-05-08,2026-05-12 11:39,2026-05-13 09:29,Sí,Encartonado,ENCARTONADO,Terminada,315.0,60.0,2026-05-12 11:39,2026-05-13 09:29,2026-07-16 18:30:24
SEM/MO/00324-001,[PTEC018] PULPA DE GUANABANA MERICA UNIDAD 250 g,Units,L1242615,2989.0,2989.0,100.0,Terminada,2026-05-11,2026-05-12 12:28,2026-05-13 09:11,Sí,Liberación ,LIMPIEZA,Terminada,134.5,125.0,2026-05-12 12:28,2026-05-12 12:28,2026-07-16 18:30:24
SEM/MO/00324-001,[PTEC018] PULPA DE GUANABANA MERICA UNIDAD 250 g,Units,L1242615,2989.0,2989.0,100.0,Terminada,2026-05-11,2026-05-12 12:28,2026-05-13 09:11,Sí,Escaldado/descongelado,ESCALDADO,Terminada,162.8,120.0,2026-05-12 12:28,2026-05-13 09:11,2026-07-16 18:30:24
SEM/MO/00324-001,[PTEC018] PULPA DE GUANABANA MERICA UNIDAD 250 g,Units,L1242615,2989.0,2989.0,100.0,Terminada,2026-05-11,2026-05-12 12:28,2026-05-13 09:11,Sí,Despulpado y refinado,PULPEADO,Terminada,124.5,120.0,2026-05-13 08:48,2026-05-13 09:11,2026-07-16 18:30:24
SEM/MO/00324-001,[PTEC018] PULPA DE GUANABANA MERICA UNIDAD 250 g,Units,L1242615,2989.0,2989.0,100.0,Terminada,2026-05-11,2026-05-12 12:28,2026-05-13 09:11,Sí,Calentamiento,CALENTAMIENTO,Terminada,90.6,135.0,2026-05-13 09:11,2026-05-13 09:11,2026-07-16 18:30:24
SEM/MO/00324-001,[PTEC018] PULPA DE GUANABANA MERICA UNIDAD 250 g,Units,L1242615,2989.0,2989.0,100.0,Terminada,2026-05-11,2026-05-12 12:28,2026-05-13 09:11,Sí,Dosificado manual ,DOSIFICADO MANUAL,Terminada,62.7,115.0,2026-05-13 09:11,2026-05-13 09:11,2026-07-16 18:30:24
SEM/MO/00324-001,[PTEC018] PULPA DE GUANABANA MERICA UNIDAD 250 g,Units,L1242615,2989.0,2989.0,100.0,Terminada,2026-05-11,2026-05-12 12:28,2026-05-13 09:11,Sí,Etiquetado manual,ETIQUETADO,Terminada,89.7,40.0,2026-05-13 09:11,2026-05-13 09:11,2026-07-16 18:30:24
SEM/MO/00288,[PTEC014] MARACUYA CON PEPAS MERICA UNIDAD 500 g,Units,L1242615,1200.0,2256.0,100.0,Terminada,2026-05-05,2026-05-13 03:51,2026-05-13 03:51,Sí,Liberación ,LIMPIEZA,Terminada,203.0,45.0,2026-05-13 03:51,2026-05-13 03:51,2026-07-16 18:30:24
SEM/MO/00288,[PTEC014] MARACUYA CON PEPAS MERICA UNIDAD 500 g,Units,L1242615,1200.0,2256.0,100.0,Terminada,2026-05-05,2026-05-13 03:51,2026-05-13 03:51,Sí,Lavado y desinfección,LAVADO 2,Terminada,259.3,787.9,2026-05-13 03:51,2026-05-13 03:51,2026-07-16 18:30:24
SEM/MO/00288,[PTEC014] MARACUYA CON PEPAS MERICA UNIDAD 500 g,Units,L1242615,1200.0,2256.0,100.0,Terminada,2026-05-05,2026-05-13 03:51,2026-05-13 03:51,Sí,Despulpado manual,DESPULPADO MANUAL,Terminada,3981.2,885.4,2026-05-13 03:51,2026-05-13 03:51,2026-07-16 18:30:24
SEM/MO/00288,[PTEC014] MARACUYA CON PEPAS MERICA UNIDAD 500 g,Units,L1242615,1200.0,2256.0,100.0,Terminada,2026-05-05,2026-05-13 03:51,2026-05-13 03:51,Sí,Dosificado manual ,DOSIFICADO MANUAL,Terminada,94.7,480.0,2026-05-13 03:51,2026-05-13 03:51,2026-07-16 18:30:24
SEM/MO/00288,[PTEC014] MARACUYA CON PEPAS MERICA UNIDAD 500 g,Units,L1242615,1200.0,2256.0,100.0,Terminada,2026-05-05,2026-05-13 03:51,2026-05-13 03:51,Sí,Etiquetado manual,ETIQUETADO,Terminada,67.7,70.0,2026-05-13 03:51,2026-05-13 03:51,2026-07-16 18:30:24
SEM/MO/00282,[PTEC007] PULPA DE MARACUYA GOYA USA UNIDAD 397 g,Units,HF PB 125 26,2520.0,3033.0,100.0,Terminada,2026-05-06,2026-05-13 04:02,2026-05-13 04:02,Sí,Liberación ,LIMPIEZA,Terminada,216.7,30.0,2026-05-13 04:02,2026-05-13 04:02,2026-07-16 18:30:24
SEM/MO/00282,[PTEC007] PULPA DE MARACUYA GOYA USA UNIDAD 397 g,Units,HF PB 125 26,2520.0,3033.0,100.0,Terminada,2026-05-06,2026-05-13 04:02,2026-05-13 04:02,Sí,Lavado y desinfección,LAVADO 2,Terminada,276.8,470.0,2026-05-13 04:02,2026-05-13 04:02,2026-07-16 18:30:24
SEM/MO/00282,[PTEC007] PULPA DE MARACUYA GOYA USA UNIDAD 397 g,Units,HF PB 125 26,2520.0,3033.0,100.0,Terminada,2026-05-06,2026-05-13 04:02,2026-05-13 04:02,Sí,Despulpado y refinado,PULPEADO,Terminada,200.7,350.0,2026-05-13 04:02,2026-05-13 04:02,2026-07-16 18:30:24
SEM/MO/00282,[PTEC007] PULPA DE MARACUYA GOYA USA UNIDAD 397 g,Units,HF PB 125 26,2520.0,3033.0,100.0,Terminada,2026-05-06,2026-05-13 04:02,2026-05-13 04:02,Sí,Pasteurizado,PASTEURIZACIÓN,Terminada,145.9,100.0,2026-05-13 04:02,2026-05-13 04:02,2026-07-16 18:30:24
SEM/MO/00282,[PTEC007] PULPA DE MARACUYA GOYA USA UNIDAD 397 g,Units,HF PB 125 26,2520.0,3033.0,100.0,Terminada,2026-05-06,2026-05-13 04:02,2026-05-13 04:02,Sí,Dosificado manual ,DOSIFICADO MANUAL,Terminada,160.6,145.0,2026-05-13 04:02,2026-05-13 04:02,2026-07-16 18:30:24
SEM/MO/00282,[PTEC007] PULPA DE MARACUYA GOYA USA UNIDAD 397 g,Units,HF PB 125 26,2520.0,3033.0,100.0,Terminada,2026-05-06,2026-05-13 04:02,2026-05-13 04:02,Sí,Etiquetado manual,ETIQUETADO,Terminada,91.0,35.0,2026-05-13 04:02,2026-05-13 04:02,2026-07-16 18:30:24
SEM/MO/00297,[TOPP008] TOPPING DE FRUTILLA 12 BX,kg,L1272609,994.0,980.0,100.0,Terminada,2026-05-07,2026-05-13 04:23,2026-05-13 04:23,Sí,Liberación ,LIMPIEZA,Terminada,58.8,80.0,2026-05-13 04:23,2026-05-13 04:23,2026-07-16 18:30:24
SEM/MO/00297,[TOPP008] TOPPING DE FRUTILLA 12 BX,kg,L1272609,994.0,980.0,100.0,Terminada,2026-05-07,2026-05-13 04:23,2026-05-13 04:23,Sí,Lavado y desinfección,LAVADO 2,Terminada,25.6,90.0,2026-05-13 04:23,2026-05-13 04:23,2026-07-16 18:30:24
SEM/MO/00297,[TOPP008] TOPPING DE FRUTILLA 12 BX,kg,L1272609,994.0,980.0,100.0,Terminada,2026-05-07,2026-05-13 04:23,2026-05-13 04:23,Sí,Picado,RALLADO,Terminada,171.9,165.0,2026-05-13 04:23,2026-05-13 04:23,2026-07-16 18:30:24
SEM/MO/00297,[TOPP008] TOPPING DE FRUTILLA 12 BX,kg,L1272609,994.0,980.0,100.0,Terminada,2026-05-07,2026-05-13 04:23,2026-05-13 04:23,Sí,Pasteurizado,PASTEURIZACIÓN,Terminada,118.6,95.0,2026-05-13 04:23,2026-05-13 04:23,2026-07-16 18:30:24
SEM/MO/00297,[TOPP008] TOPPING DE FRUTILLA 12 BX,kg,L1272609,994.0,980.0,100.0,Terminada,2026-05-07,2026-05-13 04:23,2026-05-13 04:23,Sí,Envasado Manual,ENVASADO MANUAL,Terminada,58.8,75.0,2026-05-13 04:23,2026-05-13 04:23,2026-07-16 18:30:24
SEM/MO/00316,[TOPP002] TOPPING DE PIÑA 20BX 2 KG,kg,L1282609,150.0,104.0,100.0,Terminada,2026-05-08,2026-05-13 05:08,2026-05-13 05:08,Sí,Lavado y desinfección,LAVADO 2,Terminada,5.2,35.0,2026-05-13 05:08,2026-05-13 05:08,2026-07-16 18:30:24
SEM/MO/00316,[TOPP002] TOPPING DE PIÑA 20BX 2 KG,kg,L1282609,150.0,104.0,100.0,Terminada,2026-05-08,2026-05-13 05:08,2026-05-13 05:08,Sí,Pelado manual,PELADO MANUAL,Terminada,104.0,90.4,2026-05-13 05:08,2026-05-13 05:08,2026-07-16 18:30:24
SEM/MO/00316,[TOPP002] TOPPING DE PIÑA 20BX 2 KG,kg,L1282609,150.0,104.0,100.0,Terminada,2026-05-08,2026-05-13 05:08,2026-05-13 05:08,Sí,Picado,RALLADO,Terminada,18.2,160.0,2026-05-13 05:08,2026-05-13 05:08,2026-07-16 18:30:24
SEM/MO/00316,[TOPP002] TOPPING DE PIÑA 20BX 2 KG,kg,L1282609,150.0,104.0,100.0,Terminada,2026-05-08,2026-05-13 05:08,2026-05-13 05:08,Sí,Pasteurizado,PASTEURIZACIÓN,Terminada,12.6,45.0,2026-05-13 05:08,2026-05-13 05:08,2026-07-16 18:30:24
SEM/MO/00316,[TOPP002] TOPPING DE PIÑA 20BX 2 KG,kg,L1282609,150.0,104.0,100.0,Terminada,2026-05-08,2026-05-13 05:08,2026-05-13 05:08,Sí,Envasado Manual,ENFUNDADO 2,Terminada,12.5,35.0,2026-05-13 05:08,2026-05-13 05:08,2026-07-16 18:30:24
SEM/MO/00315,[PULP014] PULPA DE PIÑA 16 KG,kg,L1282608,64.0,64.0,100.0,Terminada,2026-05-08,2026-05-13 05:10,2026-05-13 05:10,Sí,Lavado y desinfección,LAVADO 2,Terminada,10.2,30.0,2026-05-13 05:10,2026-05-13 05:10,2026-07-16 18:30:24
SEM/MO/00315,[PULP014] PULPA DE PIÑA 16 KG,kg,L1282608,64.0,64.0,100.0,Terminada,2026-05-08,2026-05-13 05:10,2026-05-13 05:10,Sí,Despulpado y refinado,PULPEADO,Terminada,10.7,15.0,2026-05-13 05:10,2026-05-13 05:10,2026-07-16 18:30:24
SEM/MO/00315,[PULP014] PULPA DE PIÑA 16 KG,kg,L1282608,64.0,64.0,100.0,Terminada,2026-05-08,2026-05-13 05:10,2026-05-13 05:10,Sí,Pasteurizado,PASTEURIZACIÓN,Terminada,7.7,25.0,2026-05-13 05:10,2026-05-13 05:10,2026-07-16 18:30:24
SEM/MO/00315,[PULP014] PULPA DE PIÑA 16 KG,kg,L1282608,64.0,64.0,100.0,Terminada,2026-05-08,2026-05-13 05:10,2026-05-13 05:10,Sí,Envasado Manual,ENVASADO MANUAL,Terminada,3.8,30.0,2026-05-13 05:10,2026-05-13 05:10,2026-07-16 18:30:24
SEM/MO/00317,[PTEC009] PULPA DE PIÑA GOYA USA UNIDAD 397 g,Units,HF PB 110 26,4000.0,1851.0,100.0,Terminada,2026-05-08,2026-05-13 05:14,2026-05-13 05:14,Sí,Liberación ,LIMPIEZA,Terminada,132.3,30.0,2026-05-13 05:14,2026-05-13 05:14,2026-07-16 18:30:24
SEM/MO/00317,[PTEC009] PULPA DE PIÑA GOYA USA UNIDAD 397 g,Units,HF PB 110 26,4000.0,1851.0,100.0,Terminada,2026-05-08,2026-05-13 05:14,2026-05-13 05:14,Sí,Lavado y desinfección,LAVADO 2,Terminada,93.0,45.0,2026-05-13 05:14,2026-05-13 05:14,2026-07-16 18:30:24
SEM/MO/00317,[PTEC009] PULPA DE PIÑA GOYA USA UNIDAD 397 g,Units,HF PB 110 26,4000.0,1851.0,100.0,Terminada,2026-05-08,2026-05-13 05:14,2026-05-13 05:14,Sí,Despulpado y refinado,PULPEADO,Terminada,122.5,75.0,2026-05-13 05:14,2026-05-13 05:14,2026-07-16 18:30:24
SEM/MO/00317,[PTEC009] PULPA DE PIÑA GOYA USA UNIDAD 397 g,Units,HF PB 110 26,4000.0,1851.0,100.0,Terminada,2026-05-08,2026-05-13 05:14,2026-05-13 05:14,Sí,Pasteurizado,PASTEURIZACIÓN,Terminada,89.1,75.0,2026-05-13 05:14,2026-05-13 05:14,2026-07-16 18:30:24
SEM/MO/00317,[PTEC009] PULPA DE PIÑA GOYA USA UNIDAD 397 g,Units,HF PB 110 26,4000.0,1851.0,100.0,Terminada,2026-05-08,2026-05-13 05:14,2026-05-13 05:14,Sí,Dosificado manual ,DOSIFICADO MANUAL,Terminada,98.0,60.0,2026-05-13 05:14,2026-05-13 05:14,2026-07-16 18:30:24
SEM/MO/00317,[PTEC009] PULPA DE PIÑA GOYA USA UNIDAD 397 g,Units,HF PB 110 26,4000.0,1851.0,100.0,Terminada,2026-05-08,2026-05-13 05:14,2026-05-13 05:14,Sí,Etiquetado manual,ETIQUETADO,Terminada,55.5,30.0,2026-05-13 05:14,2026-05-13 05:14,2026-07-16 18:30:24
SEM/MO/00347,[REP-PULP009] (Reproceso) PULPA DE PAPAYA 16 KG,,,32.0,32.0,100.0,Terminada,2026-05-13,2026-05-13 06:48,2026-05-14 15:18,No,,,,,,,,2026-07-16 18:30:24
SEM/MO/00326,[PULP012] PULPA DE TOMATE DE ARBOL 16 KG,kg,L1322608,3520.0,4160.0,100.0,Terminada,2026-05-12,2026-05-13 08:30,2026-05-13 13:53,Sí,Liberación ,LIMPIEZA,Terminada,211.2,80.0,2026-05-12 12:24,2026-05-12 12:25,2026-07-16 18:30:24
SEM/MO/00326,[PULP012] PULPA DE TOMATE DE ARBOL 16 KG,kg,L1322608,3520.0,4160.0,100.0,Terminada,2026-05-12,2026-05-13 08:30,2026-05-13 13:53,Sí,Lavado y desinfección,LAVADO 2,Terminada,526.6,360.0,2026-05-13 08:30,2026-05-13 13:53,2026-07-16 18:30:24
SEM/MO/00326,[PULP012] PULPA DE TOMATE DE ARBOL 16 KG,kg,L1322608,3520.0,4160.0,100.0,Terminada,2026-05-12,2026-05-13 08:30,2026-05-13 13:53,Sí,Escaldado/descongelado,ESCALDADO,Terminada,990.4,615.5,2026-05-13 13:53,2026-05-13 13:53,2026-07-16 18:30:24
SEM/MO/00326,[PULP012] PULPA DE TOMATE DE ARBOL 16 KG,kg,L1322608,3520.0,4160.0,100.0,Terminada,2026-05-12,2026-05-13 08:30,2026-05-13 13:53,Sí,Despulpado y refinado,PULPEADO,Terminada,693.3,470.0,2026-05-13 13:53,2026-05-13 13:53,2026-07-16 18:30:24
SEM/MO/00326,[PULP012] PULPA DE TOMATE DE ARBOL 16 KG,kg,L1322608,3520.0,4160.0,100.0,Terminada,2026-05-12,2026-05-13 08:30,2026-05-13 13:53,Sí,Pasteurizado,PASTEURIZACIÓN,Terminada,503.4,450.0,2026-05-13 13:53,2026-05-13 13:53,2026-07-16 18:30:24
SEM/MO/00326,[PULP012] PULPA DE TOMATE DE ARBOL 16 KG,kg,L1322608,3520.0,4160.0,100.0,Terminada,2026-05-12,2026-05-13 08:30,2026-05-13 13:53,Sí,Envasado Manual,ENVASADO MANUAL,Terminada,249.6,284.6,2026-05-13 13:53,2026-05-13 13:53,2026-07-16 18:30:24
SEM/MO/00314,[PTEC019] PULPA DE LULO MERICA UNIDAD 250 g,Units,L1202615,200.0,200.0,100.0,Terminada,2026-05-08,2026-05-13 08:33,2026-05-13 08:33,Sí,Lavado y desinfección,LAVADO 2,Terminada,5.3,35.0,2026-05-13 08:33,2026-05-13 08:33,2026-07-16 18:30:24
SEM/MO/00314,[PTEC019] PULPA DE LULO MERICA UNIDAD 250 g,Units,L1202615,200.0,200.0,100.0,Terminada,2026-05-08,2026-05-13 08:33,2026-05-13 08:33,Sí,Escaldado/descongelado,ESCALDADO,Terminada,10.0,10.0,2026-05-13 08:33,2026-05-13 08:33,2026-07-16 18:30:24
SEM/MO/00314,[PTEC019] PULPA DE LULO MERICA UNIDAD 250 g,Units,L1202615,200.0,200.0,100.0,Terminada,2026-05-08,2026-05-13 08:33,2026-05-13 08:33,Sí,Despulpado y refinado,PULPEADO,Terminada,8.3,20.0,2026-05-13 08:33,2026-05-13 08:33,2026-07-16 18:30:24
SEM/MO/00314,[PTEC019] PULPA DE LULO MERICA UNIDAD 250 g,Units,L1202615,200.0,200.0,100.0,Terminada,2026-05-08,2026-05-13 08:33,2026-05-13 08:33,Sí,Calentamiento,CALENTAMIENTO,Terminada,6.1,10.0,2026-05-13 08:33,2026-05-13 08:33,2026-07-16 18:30:24
SEM/MO/00314,[PTEC019] PULPA DE LULO MERICA UNIDAD 250 g,Units,L1202615,200.0,200.0,100.0,Terminada,2026-05-08,2026-05-13 08:33,2026-05-13 08:33,Sí,Dosificado manual ,DOSIFICADO MANUAL,Terminada,4.2,35.0,2026-05-13 08:33,2026-05-13 08:33,2026-07-16 18:30:24
SEM/MO/00314,[PTEC019] PULPA DE LULO MERICA UNIDAD 250 g,Units,L1202615,200.0,200.0,100.0,Terminada,2026-05-08,2026-05-13 08:33,2026-05-13 08:33,Sí,Etiquetado manual,ETIQUETADO,Terminada,6.0,40.0,2026-05-13 08:33,2026-05-13 08:33,2026-07-16 18:30:24
SEM/MO/00335,[PTEC003] PULPA DE NARANJILLA GOYA USA UNIDAD 397 g,,,1001.0,1001.0,100.0,Terminada,2026-05-08,2026-05-13 08:34,2026-05-18 23:32,Sí,,,,,,,,2026-07-16 18:30:24
SEM/MO/00337,[REP-PTEC003] (Reproceso) PULPA DE NARANJILLA GOYA USA UNIDAD 397 g ,,,1001.0,1001.0,100.0,Terminada,2026-05-08,2026-05-13 08:37,2026-05-18 22:40,No,,,,,,,,2026-07-16 18:30:24
SEM/MO/00323,[PTEC002] PULPA DE GUANABANA GOYA USA UNIDAD 397 g,Units,HF PB 131 26,10000.0,9105.0,100.0,Terminada,2026-05-11,2026-05-13 09:10,2026-05-13 09:10,Sí,Liberación ,LIMPIEZA,Terminada,650.6,75.0,2026-05-13 09:10,2026-05-13 09:10,2026-07-16 18:30:24
SEM/MO/00323,[PTEC002] PULPA DE GUANABANA GOYA USA UNIDAD 397 g,Units,HF PB 131 26,10000.0,9105.0,100.0,Terminada,2026-05-11,2026-05-13 09:10,2026-05-13 09:10,Sí,Escaldado/descongelado,ESCALDADO,Terminada,787.5,190.0,2026-05-13 09:10,2026-05-13 09:10,2026-07-16 18:30:24
SEM/MO/00323,[PTEC002] PULPA DE GUANABANA GOYA USA UNIDAD 397 g,Units,HF PB 131 26,10000.0,9105.0,100.0,Terminada,2026-05-11,2026-05-13 09:10,2026-05-13 09:10,Sí,Despulpado y refinado,PULPEADO,Terminada,602.5,275.6,2026-05-13 09:10,2026-05-13 09:10,2026-07-16 18:30:24
SEM/MO/00323,[PTEC002] PULPA DE GUANABANA GOYA USA UNIDAD 397 g,Units,HF PB 131 26,10000.0,9105.0,100.0,Terminada,2026-05-11,2026-05-13 09:10,2026-05-13 09:10,Sí,Homogenizado,HOMOGENIZACIÓN,Terminada,90.4,320.0,2026-05-13 09:10,2026-05-13 09:10,2026-07-16 18:30:24
SEM/MO/00323,[PTEC002] PULPA DE GUANABANA GOYA USA UNIDAD 397 g,Units,HF PB 131 26,10000.0,9105.0,100.0,Terminada,2026-05-11,2026-05-13 09:10,2026-05-13 09:10,Sí,Pasteurizado,PASTEURIZACIÓN,Terminada,438.1,335.0,2026-05-13 09:10,2026-05-13 09:10,2026-07-16 18:30:24
SEM/MO/00323,[PTEC002] PULPA DE GUANABANA GOYA USA UNIDAD 397 g,Units,HF PB 131 26,10000.0,9105.0,100.0,Terminada,2026-05-11,2026-05-13 09:10,2026-05-13 09:10,Sí,Dosificado Automático,DOSIFICADO AUTOMÁTICO,Terminada,455.2,475.0,2026-05-13 09:10,2026-05-13 09:10,2026-07-16 18:30:24
SEM/MO/00323,[PTEC002] PULPA DE GUANABANA GOYA USA UNIDAD 397 g,Units,HF PB 131 26,10000.0,9105.0,100.0,Terminada,2026-05-11,2026-05-13 09:10,2026-05-13 09:10,Sí,Dosificado manual ,DOSIFICADO MANUAL,Terminada,482.0,90.0,2026-05-13 09:10,2026-05-13 09:10,2026-07-16 18:30:24
SEM/MO/00323,[PTEC002] PULPA DE GUANABANA GOYA USA UNIDAD 397 g,Units,HF PB 131 26,10000.0,9105.0,100.0,Terminada,2026-05-11,2026-05-13 09:10,2026-05-13 09:10,Sí,Etiquetado manual,ETIQUETADO,Terminada,273.1,85.0,2026-05-13 09:10,2026-05-13 09:10,2026-07-16 18:30:24
SEM/MO/00339,[REP-PTEC018] (Reproceso) PULPA DE GUANABANA MERICA UNIDAD 250 g,,,2139.0,2139.0,100.0,Terminada,2026-05-11,2026-05-13 09:12,2026-05-13 14:07,Sí,,,,,,,,2026-07-16 18:30:24
SEM/MO/00340,[PTEC018] PULPA DE GUANABANA MERICA UNIDAD 250 g,,,2139.0,2139.0,100.0,Terminada,2026-05-11,2026-05-13 09:18,2026-05-13 14:19,Sí,,,,,,,,2026-07-16 18:30:24
SEM/MO/00336,[PTEC010] TOMATE DE ARBOL GOYA USA ENTERO UNIDAD 397 g,Units,HF PB 132 26,1600.0,1601.0,100.0,Terminada,2026-05-12,2026-05-13 13:48,2026-05-13 13:48,Sí,Liberación ,LIMPIEZA,Terminada,114.4,40.0,2026-05-13 13:48,2026-05-13 13:48,2026-07-16 18:30:24
SEM/MO/00336,[PTEC010] TOMATE DE ARBOL GOYA USA ENTERO UNIDAD 397 g,Units,HF PB 132 26,1600.0,1601.0,100.0,Terminada,2026-05-12,2026-05-13 13:48,2026-05-13 13:48,Sí,Lavado y desinfección,LAVADO 2,Terminada,101.3,120.0,2026-05-13 13:48,2026-05-13 13:48,2026-07-16 18:30:24
SEM/MO/00336,[PTEC010] TOMATE DE ARBOL GOYA USA ENTERO UNIDAD 397 g,Units,HF PB 132 26,1600.0,1601.0,100.0,Terminada,2026-05-12,2026-05-13 13:48,2026-05-13 13:48,Sí,Enfundado 1,ENFUNDADO 1,Terminada,317.8,135.0,2026-05-13 13:48,2026-05-13 13:48,2026-07-16 18:30:24
SEM/MO/00336,[PTEC010] TOMATE DE ARBOL GOYA USA ENTERO UNIDAD 397 g,Units,HF PB 132 26,1600.0,1601.0,100.0,Terminada,2026-05-12,2026-05-13 13:48,2026-05-13 13:48,Sí,Etiquetado manual,ETIQUETADO,Terminada,48.0,70.0,2026-05-13 13:48,2026-05-13 13:48,2026-07-16 18:30:24
SEM/MO/00311,[PTEC030] PULPA DE PIÑA GOYA UE UNIDAD 250 g,Units,HF PB 128 26,5000.0,3588.0,100.0,Terminada,2026-05-08,2026-05-13 14:04,2026-05-13 14:04,Sí,Liberación ,LIMPIEZA,Terminada,161.5,30.0,2026-05-13 14:04,2026-05-13 14:04,2026-07-16 18:30:24
SEM/MO/00311,[PTEC030] PULPA DE PIÑA GOYA UE UNIDAD 250 g,Units,HF PB 128 26,5000.0,3588.0,100.0,Terminada,2026-05-08,2026-05-13 14:04,2026-05-13 14:04,Sí,Despulpado y refinado,PULPEADO,Terminada,149.5,95.0,2026-05-13 14:04,2026-05-13 14:04,2026-07-16 18:30:24
SEM/MO/00311,[PTEC030] PULPA DE PIÑA GOYA UE UNIDAD 250 g,Units,HF PB 128 26,5000.0,3588.0,100.0,Terminada,2026-05-08,2026-05-13 14:04,2026-05-13 14:04,Sí,Pasteurizado,PASTEURIZACIÓN,Terminada,108.7,95.0,2026-05-13 14:04,2026-05-13 14:04,2026-07-16 18:30:24
SEM/MO/00311,[PTEC030] PULPA DE PIÑA GOYA UE UNIDAD 250 g,Units,HF PB 128 26,5000.0,3588.0,100.0,Terminada,2026-05-08,2026-05-13 14:04,2026-05-13 14:04,Sí,Dosificado manual ,DOSIFICADO MANUAL,Terminada,75.3,70.0,2026-05-13 14:04,2026-05-13 14:04,2026-07-16 18:30:24
SEM/MO/00311,[PTEC030] PULPA DE PIÑA GOYA UE UNIDAD 250 g,Units,HF PB 128 26,5000.0,3588.0,100.0,Terminada,2026-05-08,2026-05-13 14:04,2026-05-13 14:04,Sí,Etiquetado manual,ETIQUETADO,Terminada,107.6,290.0,2026-05-13 14:04,2026-05-13 14:04,2026-07-16 18:30:24
SEM/MO/00311,[PTEC030] PULPA DE PIÑA GOYA UE UNIDAD 250 g,Units,HF PB 128 26,5000.0,3588.0,100.0,Terminada,2026-05-08,2026-05-13 14:04,2026-05-13 14:04,Sí,Escaldado,ESCALDADO,Terminada,0.0,100.0,2026-05-13 14:04,2026-05-13 14:04,2026-07-16 18:30:24
SEM/MO/00338,[PTEC006] PULPA DE TOMATE DE ARBOL GOYA USA UNIDAD 397 g,Units,HF PB 105 26,1700.0,1700.0,100.0,Terminada,2026-05-12,2026-05-13 14:25,2026-05-13 14:25,Sí,Proceso Manual ,DESPITONADO,Terminada,320.4,65.0,2026-05-13 14:25,2026-05-13 14:25,2026-07-16 18:30:24
SEM/MO/00338,[PTEC006] PULPA DE TOMATE DE ARBOL GOYA USA UNIDAD 397 g,Units,HF PB 105 26,1700.0,1700.0,100.0,Terminada,2026-05-12,2026-05-13 14:25,2026-05-13 14:25,Sí,Lavado y desinfección,LAVADO 2,Terminada,85.4,30.2,2026-05-13 14:25,2026-05-13 14:25,2026-07-16 18:30:24
SEM/MO/00338,[PTEC006] PULPA DE TOMATE DE ARBOL GOYA USA UNIDAD 397 g,Units,HF PB 105 26,1700.0,1700.0,100.0,Terminada,2026-05-12,2026-05-13 14:25,2026-05-13 14:25,Sí,Despulpado y refinado,PULPEADO,Terminada,112.5,100.0,2026-05-13 14:25,2026-05-13 14:25,2026-07-16 18:30:24
SEM/MO/00338,[PTEC006] PULPA DE TOMATE DE ARBOL GOYA USA UNIDAD 397 g,Units,HF PB 105 26,1700.0,1700.0,100.0,Terminada,2026-05-12,2026-05-13 14:25,2026-05-13 14:25,Sí,Pasteurizado,PASTEURIZACIÓN,Terminada,81.8,60.0,2026-05-13 14:25,2026-05-13 14:25,2026-07-16 18:30:24
SEM/MO/00338,[PTEC006] PULPA DE TOMATE DE ARBOL GOYA USA UNIDAD 397 g,Units,HF PB 105 26,1700.0,1700.0,100.0,Terminada,2026-05-12,2026-05-13 14:25,2026-05-13 14:25,Sí,Dosificado manual ,DOSIFICADO MANUAL,Terminada,90.0,75.0,2026-05-13 14:25,2026-05-13 14:25,2026-07-16 18:30:24
SEM/MO/00338,[PTEC006] PULPA DE TOMATE DE ARBOL GOYA USA UNIDAD 397 g,Units,HF PB 105 26,1700.0,1700.0,100.0,Terminada,2026-05-12,2026-05-13 14:25,2026-05-13 14:25,Sí,Etiquetado manual,ETIQUETADO,Terminada,51.0,20.0,2026-05-13 14:25,2026-05-13 14:25,2026-07-16 18:30:24
SEM/MO/00306,[PTEC002] PULPA DE GUANABANA GOYA USA UNIDAD 397 g,Units,HF PB 124 26,10000.0,9320.0,100.0,Terminada,2026-05-06,2026-05-13 15:25,2026-05-15 15:27,Sí,Liberación ,LIMPIEZA,Terminada,666.0,666.0,2026-05-13 15:25,2026-05-15 15:27,2026-07-16 18:30:24
SEM/MO/00306,[PTEC002] PULPA DE GUANABANA GOYA USA UNIDAD 397 g,Units,HF PB 124 26,10000.0,9320.0,100.0,Terminada,2026-05-06,2026-05-13 15:25,2026-05-15 15:27,Sí,Escaldado/descongelado,ESCALDADO,Terminada,806.1,135.0,2026-05-15 15:27,2026-05-15 15:27,2026-07-16 18:30:24
SEM/MO/00306,[PTEC002] PULPA DE GUANABANA GOYA USA UNIDAD 397 g,Units,HF PB 124 26,10000.0,9320.0,100.0,Terminada,2026-05-06,2026-05-13 15:25,2026-05-15 15:27,Sí,Despulpado y refinado,PULPEADO,Terminada,616.7,145.0,2026-05-15 15:27,2026-05-15 15:27,2026-07-16 18:30:24
SEM/MO/00306,[PTEC002] PULPA DE GUANABANA GOYA USA UNIDAD 397 g,Units,HF PB 124 26,10000.0,9320.0,100.0,Terminada,2026-05-06,2026-05-13 15:25,2026-05-15 15:27,Sí,Homogenizado,HOMOGENIZACIÓN,Terminada,92.5,495.0,2026-05-15 15:27,2026-05-15 15:27,2026-07-16 18:30:24
SEM/MO/00306,[PTEC002] PULPA DE GUANABANA GOYA USA UNIDAD 397 g,Units,HF PB 124 26,10000.0,9320.0,100.0,Terminada,2026-05-06,2026-05-13 15:25,2026-05-15 15:27,Sí,Pasteurizado,PASTEURIZACIÓN,Terminada,448.5,380.0,2026-05-15 15:27,2026-05-15 15:27,2026-07-16 18:30:24
SEM/MO/00306,[PTEC002] PULPA DE GUANABANA GOYA USA UNIDAD 397 g,Units,HF PB 124 26,10000.0,9320.0,100.0,Terminada,2026-05-06,2026-05-13 15:25,2026-05-15 15:27,Sí,Dosificado Automático,DOSIFICADO AUTOMÁTICO,Terminada,466.0,330.0,2026-05-15 15:27,2026-05-15 15:27,2026-07-16 18:30:24
SEM/MO/00306,[PTEC002] PULPA DE GUANABANA GOYA USA UNIDAD 397 g,Units,HF PB 124 26,10000.0,9320.0,100.0,Terminada,2026-05-06,2026-05-13 15:25,2026-05-15 15:27,Sí,Dosificado manual ,DOSIFICADO MANUAL,Terminada,493.3,295.0,2026-05-15 15:27,2026-05-15 15:27,2026-07-16 18:30:24
SEM/MO/00306,[PTEC002] PULPA DE GUANABANA GOYA USA UNIDAD 397 g,Units,HF PB 124 26,10000.0,9320.0,100.0,Terminada,2026-05-06,2026-05-13 15:25,2026-05-15 15:27,Sí,Etiquetado manual,ETIQUETADO,Terminada,279.6,25.0,2026-05-15 15:27,2026-05-15 15:27,2026-07-16 18:30:24
SEM/MO/00310,[PTEC004] PULPA DE GUAYABA GOYA USA UNIDAD 397 g,Units,HF PB 125 26,14000.0,12024.0,100.0,Terminada,2026-05-07,2026-05-13 15:25,2026-05-15 15:44,Sí,Liberación ,LIMPIEZA,Terminada,859.2,160.0,2026-05-13 15:25,2026-05-15 15:44,2026-07-16 18:30:24
SEM/MO/00310,[PTEC004] PULPA DE GUAYABA GOYA USA UNIDAD 397 g,Units,HF PB 125 26,14000.0,12024.0,100.0,Terminada,2026-05-07,2026-05-13 15:25,2026-05-15 15:44,Sí,Lavado y desinfección,LAVADO 2,Terminada,526.2,190.0,2026-05-15 15:44,2026-05-15 15:44,2026-07-16 18:30:24
SEM/MO/00310,[PTEC004] PULPA DE GUAYABA GOYA USA UNIDAD 397 g,Units,HF PB 125 26,14000.0,12024.0,100.0,Terminada,2026-05-07,2026-05-13 15:25,2026-05-15 15:44,Sí,Despulpado y refinado,PULPEADO,Terminada,795.6,230.0,2026-05-15 15:44,2026-05-15 15:44,2026-07-16 18:30:24
SEM/MO/00310,[PTEC004] PULPA DE GUAYABA GOYA USA UNIDAD 397 g,Units,HF PB 125 26,14000.0,12024.0,100.0,Terminada,2026-05-07,2026-05-13 15:25,2026-05-15 15:44,Sí,Pasteurizado,PASTEURIZACIÓN,Terminada,578.6,375.0,2026-05-15 15:44,2026-05-15 15:44,2026-07-16 18:30:24
SEM/MO/00310,[PTEC004] PULPA DE GUAYABA GOYA USA UNIDAD 397 g,Units,HF PB 125 26,14000.0,12024.0,100.0,Terminada,2026-05-07,2026-05-13 15:25,2026-05-15 15:44,Sí,Dosificado Automático,DOSIFICADO AUTOMÁTICO,Terminada,601.2,325.0,2026-05-15 15:44,2026-05-15 15:44,2026-07-16 18:30:24
SEM/MO/00310,[PTEC004] PULPA DE GUAYABA GOYA USA UNIDAD 397 g,Units,HF PB 125 26,14000.0,12024.0,100.0,Terminada,2026-05-07,2026-05-13 15:25,2026-05-15 15:44,Sí,Dosificado manual ,DOSIFICADO MANUAL,Terminada,636.5,455.0,2026-05-15 15:44,2026-05-15 15:44,2026-07-16 18:30:24
SEM/MO/00310,[PTEC004] PULPA DE GUAYABA GOYA USA UNIDAD 397 g,Units,HF PB 125 26,14000.0,12024.0,100.0,Terminada,2026-05-07,2026-05-13 15:25,2026-05-15 15:44,Sí,Etiquetado manual,ETIQUETADO,Terminada,360.7,60.0,2026-05-15 15:44,2026-05-15 15:44,2026-07-16 18:30:24
SEM/MO/00342,[PTEXP018] Pulpa Guanabana America x 250 gr (CAJAS 10 UDS),Units,L1182615,3420.0,3420.0,100.0,Terminada,2026-05-13,2026-05-13 15:39,2026-05-13 15:39,Sí,Encartonado,ENCARTONADO,Terminada,525.0,65.0,2026-05-13 15:39,2026-05-13 15:39,2026-07-16 18:30:24
SEM/MO/00341,[PTEXP012] Pulpa Mango America x 250 gr (CAJAS 10 UDS),Units,L1172615,3420.0,3424.0,100.0,Terminada,2026-05-13,2026-05-13 15:41,2026-05-13 15:41,Sí,Encartonado,ENCARTONADO,Terminada,525.6,60.0,2026-05-13 15:41,2026-05-13 15:41,2026-07-16 18:30:24
SEM/MO/00343,[PTEXP020] Pulpa Tamarindo America x 250 gr (CAJAS 10 UDS),Units,L1172615,3420.0,3420.0,100.0,Terminada,2026-05-13,2026-05-13 15:55,2026-05-13 15:55,Sí,Encartonado,ENCARTONADO,Terminada,525.0,110.0,2026-05-13 15:55,2026-05-13 15:55,2026-07-16 18:30:24
SEM/MO/00345,[PTEXP016] Pulpa Mora America x 250 gr (CAJAS 10 UDS),Units,L1192615,3420.0,3420.0,100.0,Terminada,2026-05-13,2026-05-13 16:06,2026-05-13 16:06,Sí,Encartonado,ENCARTONADO,Terminada,525.0,75.0,2026-05-13 16:06,2026-05-13 16:06,2026-07-16 18:30:24
SEM/MO/00346,[PTEXP019] Pulpa Lulo America x 250 gr (CAJAS 10 UDS),Units,L1202615,3420.0,3420.0,100.0,Terminada,2026-05-13,2026-05-13 16:14,2026-05-13 16:14,Sí,Encartonado,ENCARTONADO,Terminada,525.0,65.0,2026-05-13 16:14,2026-05-13 16:14,2026-07-16 18:30:24
SEM/MO/00331,[PULP009] PULPA DE PAPAYA 16 KG,kg,L1332608,320.0,320.0,100.0,Terminada,2026-05-13,2026-05-14 20:40,2026-05-14 20:40,Sí,Liberación ,LIMPIEZA,Terminada,19.2,25.0,2026-05-14 20:40,2026-05-14 20:40,2026-07-16 18:30:24
SEM/MO/00331,[PULP009] PULPA DE PAPAYA 16 KG,kg,L1332608,320.0,320.0,100.0,Terminada,2026-05-13,2026-05-14 20:40,2026-05-14 20:40,Sí,Lavado y desinfección,LAVADO 2,Terminada,37.5,35.0,2026-05-14 20:40,2026-05-14 20:40,2026-07-16 18:30:24
SEM/MO/00331,[PULP009] PULPA DE PAPAYA 16 KG,kg,L1332608,320.0,320.0,100.0,Terminada,2026-05-13,2026-05-14 20:40,2026-05-14 20:40,Sí,Despulpado y refinado,PULPEADO,Terminada,53.3,50.0,2026-05-14 20:40,2026-05-14 20:40,2026-07-16 18:30:24
SEM/MO/00331,[PULP009] PULPA DE PAPAYA 16 KG,kg,L1332608,320.0,320.0,100.0,Terminada,2026-05-13,2026-05-14 20:40,2026-05-14 20:40,Sí,Pasteurizado,PASTEURIZACIÓN,Terminada,38.7,20.0,2026-05-14 20:40,2026-05-14 20:40,2026-07-16 18:30:24
SEM/MO/00331,[PULP009] PULPA DE PAPAYA 16 KG,kg,L1332608,320.0,320.0,100.0,Terminada,2026-05-13,2026-05-14 20:40,2026-05-14 20:40,Sí,Envasado Manual,ENVASADO MANUAL,Terminada,19.2,15.0,2026-05-14 20:40,2026-05-14 20:40,2026-07-16 18:30:24
SEM/MO/00331,[PULP009] PULPA DE PAPAYA 16 KG,kg,L1332608,320.0,320.0,100.0,Terminada,2026-05-13,2026-05-14 20:40,2026-05-14 20:40,Sí,Despepado,DESPEPADO,Terminada,0.0,30.0,2026-05-14 20:40,2026-05-14 20:40,2026-07-16 18:30:24
SEM/MO/00362,[REP-PTEC015] (Reproceso) PULPA DE MARACUYA MERICA UNIDAD 250 g,,,730.0,730.0,100.0,Terminada,2026-05-11,2026-05-18 06:38,2026-05-18 21:15,No,,,,,,,,2026-07-16 18:30:24
SEM/MO/00363,[PTEC015] PULPA DE MARACUYA MERICA UNIDAD 250 g,,,730.0,730.0,100.0,Terminada,2026-05-11,2026-05-18 06:39,2026-05-18 22:28,Sí,,,,,,,,2026-07-16 18:30:24
SEM/MO/00325,[PTEC014] MARACUYA CON PEPAS MERICA UNIDAD 500 g,Units,L1242615,600.0,758.0,100.0,Terminada,2026-05-11,2026-05-18 06:45,2026-05-18 06:45,Sí,Liberación ,LIMPIEZA,Terminada,68.2,60.0,2026-05-18 06:45,2026-05-18 06:45,2026-07-16 18:30:24
SEM/MO/00325,[PTEC014] MARACUYA CON PEPAS MERICA UNIDAD 500 g,Units,L1242615,600.0,758.0,100.0,Terminada,2026-05-11,2026-05-18 06:45,2026-05-18 06:45,Sí,Lavado y desinfección,LAVADO 2,Terminada,87.1,125.0,2026-05-18 06:45,2026-05-18 06:45,2026-07-16 18:30:24
SEM/MO/00325,[PTEC014] MARACUYA CON PEPAS MERICA UNIDAD 500 g,Units,L1242615,600.0,758.0,100.0,Terminada,2026-05-11,2026-05-18 06:45,2026-05-18 06:45,Sí,Despulpado manual,DESPULPADO MANUAL,Terminada,1337.7,385.1,2026-05-18 06:45,2026-05-18 06:45,2026-07-16 18:30:24
SEM/MO/00325,[PTEC014] MARACUYA CON PEPAS MERICA UNIDAD 500 g,Units,L1242615,600.0,758.0,100.0,Terminada,2026-05-11,2026-05-18 06:45,2026-05-18 06:45,Sí,Dosificado manual ,DOSIFICADO MANUAL,Terminada,31.8,72.1,2026-05-18 06:45,2026-05-18 06:45,2026-07-16 18:30:24
SEM/MO/00325,[PTEC014] MARACUYA CON PEPAS MERICA UNIDAD 500 g,Units,L1242615,600.0,758.0,100.0,Terminada,2026-05-11,2026-05-18 06:45,2026-05-18 06:45,Sí,Etiquetado manual,ETIQUETADO,Terminada,22.7,35.0,2026-05-18 06:45,2026-05-18 06:45,2026-07-16 18:30:24
SEM/MO/00348,[MPI008] PULPA DE MARACUYÁ MATERIA PRIMA,kg,L1332699,1000.0,800.0,100.0,Terminada,2026-05-13,2026-05-18 06:49,2026-05-18 06:49,Sí,Liberación ,LIMPIEZA,Terminada,48.0,85.0,2026-05-18 06:49,2026-05-18 06:49,2026-07-16 18:30:24
SEM/MO/00348,[MPI008] PULPA DE MARACUYÁ MATERIA PRIMA,kg,L1332699,1000.0,800.0,100.0,Terminada,2026-05-13,2026-05-18 06:49,2026-05-18 06:49,Sí,Lavado y desinfección,LAVADO 2,Terminada,183.9,165.0,2026-05-18 06:49,2026-05-18 06:49,2026-07-16 18:30:24
SEM/MO/00348,[MPI008] PULPA DE MARACUYÁ MATERIA PRIMA,kg,L1332699,1000.0,800.0,100.0,Terminada,2026-05-13,2026-05-18 06:49,2026-05-18 06:49,Sí,Despulpado y refinado,PULPEADO,Terminada,133.3,165.0,2026-05-18 06:49,2026-05-18 06:49,2026-07-16 18:30:24
SEM/MO/00348,[MPI008] PULPA DE MARACUYÁ MATERIA PRIMA,kg,L1332699,1000.0,800.0,100.0,Terminada,2026-05-13,2026-05-18 06:49,2026-05-18 06:49,Sí,Pasteurizado,PASTEURIZACIÓN,Terminada,96.8,75.0,2026-05-18 06:49,2026-05-18 06:49,2026-07-16 18:30:24
SEM/MO/00348,[MPI008] PULPA DE MARACUYÁ MATERIA PRIMA,kg,L1332699,1000.0,800.0,100.0,Terminada,2026-05-13,2026-05-18 06:49,2026-05-18 06:49,Sí,Envasado Manual,ENVASADO MANUAL,Terminada,48.0,80.0,2026-05-18 06:49,2026-05-18 06:49,2026-07-16 18:30:24
SEM/MO/00349,[PTEC018] PULPA DE GUANABANA MERICA UNIDAD 250 g,Units,L1242615,500.0,499.0,100.0,Terminada,2026-05-13,2026-05-18 07:21,2026-05-18 07:21,Sí,Escaldado/descongelado,ESCALDADO,Terminada,27.2,20.0,2026-05-18 07:21,2026-05-18 07:21,2026-07-16 18:30:24
SEM/MO/00349,[PTEC018] PULPA DE GUANABANA MERICA UNIDAD 250 g,Units,L1242615,500.0,499.0,100.0,Terminada,2026-05-13,2026-05-18 07:21,2026-05-18 07:21,Sí,Despulpado y refinado,PULPEADO,Terminada,20.8,15.0,2026-05-18 07:21,2026-05-18 07:21,2026-07-16 18:30:24
SEM/MO/00349,[PTEC018] PULPA DE GUANABANA MERICA UNIDAD 250 g,Units,L1242615,500.0,499.0,100.0,Terminada,2026-05-13,2026-05-18 07:21,2026-05-18 07:21,Sí,Calentamiento,CALENTAMIENTO,Terminada,15.1,15.0,2026-05-18 07:21,2026-05-18 07:21,2026-07-16 18:30:24
SEM/MO/00349,[PTEC018] PULPA DE GUANABANA MERICA UNIDAD 250 g,Units,L1242615,500.0,499.0,100.0,Terminada,2026-05-13,2026-05-18 07:21,2026-05-18 07:21,Sí,Dosificado manual ,DOSIFICADO MANUAL,Terminada,10.5,20.0,2026-05-18 07:21,2026-05-18 07:21,2026-07-16 18:30:24
SEM/MO/00349,[PTEC018] PULPA DE GUANABANA MERICA UNIDAD 250 g,Units,L1242615,500.0,499.0,100.0,Terminada,2026-05-13,2026-05-18 07:21,2026-05-18 07:21,Sí,Etiquetado manual,ETIQUETADO,Terminada,15.0,15.0,2026-05-18 07:21,2026-05-18 07:21,2026-07-16 18:30:24
SEM/MO/00364,[REP-PTEC002] (Reproceso) PULPA DE GUANABANA GOYA USA UNIDAD 397 g,,,339.0,339.0,100.0,Terminada,2026-05-13,2026-05-18 07:26,2026-05-18 22:50,No,,,,,,,,2026-07-16 18:30:24
SEM/MO/00365,[PTEC002] PULPA DE GUANABANA GOYA USA UNIDAD 397 g,,,339.0,339.0,100.0,Terminada,2026-05-13,2026-05-18 07:28,2026-05-18 22:45,Sí,,,,,,,,2026-07-16 18:30:24
SEM/MO/00353,[PTEC004] PULPA DE GUAYABA GOYA USA UNIDAD 397 g,Units,HF PB 134 26,14000.0,9695.0,100.0,Terminada,2026-05-14,2026-05-18 11:14,2026-05-18 11:14,Sí,Liberación ,LIMPIEZA,Terminada,692.8,40.0,2026-05-18 11:14,2026-05-18 11:14,2026-07-16 18:30:24
SEM/MO/00353,[PTEC004] PULPA DE GUAYABA GOYA USA UNIDAD 397 g,Units,HF PB 134 26,14000.0,9695.0,100.0,Terminada,2026-05-14,2026-05-18 11:14,2026-05-18 11:14,Sí,Lavado y desinfección,LAVADO 2,Terminada,424.3,190.1,2026-05-18 11:14,2026-05-18 11:14,2026-07-16 18:30:24
SEM/MO/00353,[PTEC004] PULPA DE GUAYABA GOYA USA UNIDAD 397 g,Units,HF PB 134 26,14000.0,9695.0,100.0,Terminada,2026-05-14,2026-05-18 11:14,2026-05-18 11:14,Sí,Despulpado y refinado,PULPEADO,Terminada,641.5,170.0,2026-05-18 11:14,2026-05-18 11:14,2026-07-16 18:30:24
SEM/MO/00353,[PTEC004] PULPA DE GUAYABA GOYA USA UNIDAD 397 g,Units,HF PB 134 26,14000.0,9695.0,100.0,Terminada,2026-05-14,2026-05-18 11:14,2026-05-18 11:14,Sí,Pasteurizado,PASTEURIZACIÓN,Terminada,466.5,315.0,2026-05-18 11:14,2026-05-18 11:14,2026-07-16 18:30:24
SEM/MO/00353,[PTEC004] PULPA DE GUAYABA GOYA USA UNIDAD 397 g,Units,HF PB 134 26,14000.0,9695.0,100.0,Terminada,2026-05-14,2026-05-18 11:14,2026-05-18 11:14,Sí,Dosificado Automático,DOSIFICADO AUTOMÁTICO,Terminada,484.8,280.0,2026-05-18 11:14,2026-05-18 11:14,2026-07-16 18:30:24
SEM/MO/00353,[PTEC004] PULPA DE GUAYABA GOYA USA UNIDAD 397 g,Units,HF PB 134 26,14000.0,9695.0,100.0,Terminada,2026-05-14,2026-05-18 11:14,2026-05-18 11:14,Sí,Dosificado manual ,DOSIFICADO MANUAL,Terminada,513.2,370.0,2026-05-18 11:14,2026-05-18 11:14,2026-07-16 18:30:24
SEM/MO/00353,[PTEC004] PULPA DE GUAYABA GOYA USA UNIDAD 397 g,Units,HF PB 134 26,14000.0,9695.0,100.0,Terminada,2026-05-14,2026-05-18 11:14,2026-05-18 11:14,Sí,Etiquetado manual,ETIQUETADO,Terminada,290.9,150.0,2026-05-18 11:14,2026-05-18 11:14,2026-07-16 18:30:24
SEM/MO/00367,[REP-PTEC004] (Reproceso) PULPA DE GUAYABA GOYA USA UNIDAD 397 g ,,,856.0,856.0,100.0,Terminada,2026-05-14,2026-05-18 11:14,2026-05-18 21:16,No,,,,,,,,2026-07-16 18:30:24
SEM/MO/00368,[PTEC004] PULPA DE GUAYABA GOYA USA UNIDAD 397 g,,,856.0,856.0,100.0,Terminada,2026-05-14,2026-05-18 11:16,2026-05-18 22:39,Sí,,,,,,,,2026-07-16 18:30:24
SEM/MO/00334,[PTEC015] PULPA DE MARACUYA MERICA UNIDAD 250 g,Units,L1102615,4500.0,4556.0,100.0,Terminada,2026-05-11,2026-05-18 14:28,2026-05-18 14:28,Sí,Lavado y desinfección,LAVADO 2,Terminada,261.8,125.0,2026-05-18 14:28,2026-05-18 14:28,2026-07-16 18:30:24
SEM/MO/00334,[PTEC015] PULPA DE MARACUYA MERICA UNIDAD 250 g,Units,L1102615,4500.0,4556.0,100.0,Terminada,2026-05-11,2026-05-18 14:28,2026-05-18 14:28,Sí,Despulpado y refinado,PULPEADO,Terminada,189.8,155.0,2026-05-18 14:28,2026-05-18 14:28,2026-07-16 18:30:24
SEM/MO/00334,[PTEC015] PULPA DE MARACUYA MERICA UNIDAD 250 g,Units,L1102615,4500.0,4556.0,100.0,Terminada,2026-05-11,2026-05-18 14:28,2026-05-18 14:28,Sí,Calentamiento,CALENTAMIENTO,Terminada,138.1,130.0,2026-05-18 14:28,2026-05-18 14:28,2026-07-16 18:30:24
SEM/MO/00334,[PTEC015] PULPA DE MARACUYA MERICA UNIDAD 250 g,Units,L1102615,4500.0,4556.0,100.0,Terminada,2026-05-11,2026-05-18 14:28,2026-05-18 14:28,Sí,Dosificado manual ,DOSIFICADO MANUAL,Terminada,95.6,195.0,2026-05-18 14:28,2026-05-18 14:28,2026-07-16 18:30:24
SEM/MO/00334,[PTEC015] PULPA DE MARACUYA MERICA UNIDAD 250 g,Units,L1102615,4500.0,4556.0,100.0,Terminada,2026-05-11,2026-05-18 14:28,2026-05-18 14:28,Sí,Etiquetado manual,ETIQUETADO,Terminada,136.7,120.0,2026-05-18 14:28,2026-05-18 14:28,2026-07-16 18:30:24
SEM/MO/00334,[PTEC015] PULPA DE MARACUYA MERICA UNIDAD 250 g,Units,L1102615,4500.0,4556.0,100.0,Terminada,2026-05-11,2026-05-18 14:28,2026-05-18 14:28,Sí,Limpieza,LIMPIEZA,Terminada,0.0,80.0,2026-05-18 14:28,2026-05-18 14:28,2026-07-16 18:30:24
SEM/MO/00329,[PTEXP004] GUAVA PULP 12 X 14 OZ,Caja de 12,HF PB 099 26,420.0,420.0,100.0,Terminada,2026-05-11,2026-05-18 16:14,2026-05-18 16:14,Sí,Encartonado,ENCARTONADO,Terminada,630.0,155.0,2026-05-18 16:14,2026-05-18 16:14,2026-07-16 18:30:24
SEM/MO/00328,[PTEXP004] GUAVA PULP 12 X 14 OZ,Caja de 12,HF PB 125 26,1050.0,930.0,100.0,Terminada,2026-05-12,2026-05-18 16:30,2026-05-18 16:30,Sí,Encartonado,ENCARTONADO,Terminada,1395.0,420.0,2026-05-18 16:30,2026-05-18 16:30,2026-07-16 18:30:24
SEM/MO/00330,[PTEXP002] SOURSOP PULP 12 X 14 OZ,Caja de 12,HF PB 124 26,840.0,840.0,100.0,Terminada,2026-05-11,2026-05-18 21:13,2026-05-18 21:13,Sí,Encartonado,ENCARTONADO,Terminada,1260.0,410.0,2026-05-18 21:13,2026-05-18 21:13,2026-07-16 18:30:24
SEM/MO/00354,[PTEXP002] SOURSOP PULP 12 X 14 OZ,Caja de 12,HF PB 131 26,450.0,450.0,100.0,Terminada,2026-05-14,2026-05-18 21:22,2026-05-18 21:22,Sí,Encartonado,ENCARTONADO,Terminada,675.0,150.0,2026-05-18 21:22,2026-05-18 21:22,2026-07-16 18:30:24
SEM/MO/00359,[PTEXP007] PASSION FRUIT PULP 12 X 14 OZ,Caja de 12,HF PB 103 26,170.0,170.0,100.0,Terminada,2026-05-15,2026-05-18 21:51,2026-05-18 21:51,Sí,Encartonado,ENCARTONADO,Terminada,255.0,60.0,2026-05-18 21:51,2026-05-18 21:51,2026-07-16 18:30:24
SEM/MO/00372,[REP-PTEC003] (Reproceso) PULPA DE NARANJILLA GOYA USA UNIDAD 397 g ,,,1548.0,1548.0,100.0,Terminada,2026-05-15,2026-05-18 22:07,2026-05-18 23:24,No,,,,,,,,2026-07-16 18:30:24
SEM/MO/00373,[PTEC003] PULPA DE NARANJILLA GOYA USA UNIDAD 397 g,,,1548.0,1548.0,100.0,Terminada,2026-05-15,2026-05-18 22:08,2026-05-18 23:45,Sí,,,,,,,,2026-07-16 18:30:24
SEM/MO/00333,[PTEC002] PULPA DE GUANABANA GOYA USA UNIDAD 397 g,Units,HF PB 133 26,12000.0,6084.0,100.0,Terminada,2026-05-13,2026-05-18 22:26,2026-05-18 22:26,Sí,Liberación ,LIMPIEZA,Terminada,434.8,80.0,2026-05-18 22:26,2026-05-18 22:26,2026-07-16 18:30:24
SEM/MO/00333,[PTEC002] PULPA DE GUANABANA GOYA USA UNIDAD 397 g,Units,HF PB 133 26,12000.0,6084.0,100.0,Terminada,2026-05-13,2026-05-18 22:26,2026-05-18 22:26,Sí,Escaldado/descongelado,ESCALDADO,Terminada,526.2,85.0,2026-05-18 22:26,2026-05-18 22:26,2026-07-16 18:30:24
SEM/MO/00333,[PTEC002] PULPA DE GUANABANA GOYA USA UNIDAD 397 g,Units,HF PB 133 26,12000.0,6084.0,100.0,Terminada,2026-05-13,2026-05-18 22:26,2026-05-18 22:26,Sí,Despulpado y refinado,PULPEADO,Terminada,402.6,250.0,2026-05-18 22:26,2026-05-18 22:26,2026-07-16 18:30:24
SEM/MO/00333,[PTEC002] PULPA DE GUANABANA GOYA USA UNIDAD 397 g,Units,HF PB 133 26,12000.0,6084.0,100.0,Terminada,2026-05-13,2026-05-18 22:26,2026-05-18 22:26,Sí,Homogenizado,HOMOGENIZACIÓN,Terminada,60.4,89.5,2026-05-18 22:26,2026-05-18 22:26,2026-07-16 18:30:24
SEM/MO/00333,[PTEC002] PULPA DE GUANABANA GOYA USA UNIDAD 397 g,Units,HF PB 133 26,12000.0,6084.0,100.0,Terminada,2026-05-13,2026-05-18 22:26,2026-05-18 22:26,Sí,Pasteurizado,PASTEURIZACIÓN,Terminada,292.8,195.0,2026-05-18 22:26,2026-05-18 22:26,2026-07-16 18:30:24
SEM/MO/00333,[PTEC002] PULPA DE GUANABANA GOYA USA UNIDAD 397 g,Units,HF PB 133 26,12000.0,6084.0,100.0,Terminada,2026-05-13,2026-05-18 22:26,2026-05-18 22:26,Sí,Dosificado Automático,DOSIFICADO AUTOMÁTICO,Terminada,304.2,455.0,2026-05-18 22:26,2026-05-18 22:26,2026-07-16 18:30:24
SEM/MO/00333,[PTEC002] PULPA DE GUANABANA GOYA USA UNIDAD 397 g,Units,HF PB 133 26,12000.0,6084.0,100.0,Terminada,2026-05-13,2026-05-18 22:26,2026-05-18 22:26,Sí,Dosificado manual ,DOSIFICADO MANUAL,Terminada,322.1,160.0,2026-05-18 22:26,2026-05-18 22:26,2026-07-16 18:30:24
SEM/MO/00333,[PTEC002] PULPA DE GUANABANA GOYA USA UNIDAD 397 g,Units,HF PB 133 26,12000.0,6084.0,100.0,Terminada,2026-05-13,2026-05-18 22:26,2026-05-18 22:26,Sí,Etiquetado manual,ETIQUETADO,Terminada,182.5,95.0,2026-05-18 22:26,2026-05-18 22:26,2026-07-16 18:30:24
SEM/MO/00366,[PTEC002] PULPA DE GUANABANA GOYA USA UNIDAD 397 g,Units,HF PB 133 26,3500.0,2829.0,100.0,Terminada,2026-05-15,2026-05-18 22:31,2026-05-18 22:31,Sí,Liberación ,LIMPIEZA,Terminada,202.2,90.0,2026-05-18 22:31,2026-05-18 22:31,2026-07-16 18:30:24
SEM/MO/00366,[PTEC002] PULPA DE GUANABANA GOYA USA UNIDAD 397 g,Units,HF PB 133 26,3500.0,2829.0,100.0,Terminada,2026-05-15,2026-05-18 22:31,2026-05-18 22:31,Sí,Escaldado/descongelado,ESCALDADO,Terminada,244.7,135.0,2026-05-18 22:31,2026-05-18 22:31,2026-07-16 18:30:24
SEM/MO/00366,[PTEC002] PULPA DE GUANABANA GOYA USA UNIDAD 397 g,Units,HF PB 133 26,3500.0,2829.0,100.0,Terminada,2026-05-15,2026-05-18 22:31,2026-05-18 22:31,Sí,Despulpado y refinado,PULPEADO,Terminada,187.2,115.0,2026-05-18 22:31,2026-05-18 22:31,2026-07-16 18:30:24
SEM/MO/00366,[PTEC002] PULPA DE GUANABANA GOYA USA UNIDAD 397 g,Units,HF PB 133 26,3500.0,2829.0,100.0,Terminada,2026-05-15,2026-05-18 22:31,2026-05-18 22:31,Sí,Homogenizado,HOMOGENIZACIÓN,Terminada,28.1,30.0,2026-05-18 22:31,2026-05-18 22:31,2026-07-16 18:30:24
SEM/MO/00366,[PTEC002] PULPA DE GUANABANA GOYA USA UNIDAD 397 g,Units,HF PB 133 26,3500.0,2829.0,100.0,Terminada,2026-05-15,2026-05-18 22:31,2026-05-18 22:31,Sí,Pasteurizado,PASTEURIZACIÓN,Terminada,136.1,95.0,2026-05-18 22:31,2026-05-18 22:31,2026-07-16 18:30:24
SEM/MO/00366,[PTEC002] PULPA DE GUANABANA GOYA USA UNIDAD 397 g,Units,HF PB 133 26,3500.0,2829.0,100.0,Terminada,2026-05-15,2026-05-18 22:31,2026-05-18 22:31,Sí,Dosificado manual ,DOSIFICADO MANUAL,Terminada,149.8,90.0,2026-05-18 22:31,2026-05-18 22:31,2026-07-16 18:30:24
SEM/MO/00366,[PTEC002] PULPA DE GUANABANA GOYA USA UNIDAD 397 g,Units,HF PB 133 26,3500.0,2829.0,100.0,Terminada,2026-05-15,2026-05-18 22:31,2026-05-18 22:31,Sí,Etiquetado manual,ETIQUETADO,Terminada,84.9,45.0,2026-05-18 22:31,2026-05-18 22:31,2026-07-16 18:30:24
SEM/MO/00374,[REP-PTEC002] (Reproceso) PULPA DE GUANABANA GOYA USA UNIDAD 397 g,,,995.0,995.0,100.0,Terminada,2026-05-15,2026-05-18 22:31,2026-05-18 22:39,No,,,,,,,,2026-07-16 18:30:24
SEM/MO/00375,[PTEC002] PULPA DE GUANABANA GOYA USA UNIDAD 397 g,,,995.0,995.0,100.0,Terminada,2026-05-15,2026-05-18 22:32,2026-05-18 22:55,Sí,,,,,,,,2026-07-16 18:30:24
SEM/MO/00360,[PTEXP007] PASSION FRUIT PULP 12 X 14 OZ,Caja de 12,HF PB 097 26,210.0,210.0,100.0,Terminada,2026-05-15,2026-05-18 23:05,2026-05-18 23:05,Sí,Encartonado,ENCARTONADO,Terminada,315.0,200.0,2026-05-18 23:05,2026-05-18 23:05,2026-07-16 18:30:24
SEM/MO/00357,[PTEC003] PULPA DE NARANJILLA GOYA USA UNIDAD 397 g,Units,HF PB 135 26,6500.0,7677.0,100.0,Terminada,2026-05-15,2026-05-18 23:20,2026-05-18 23:20,Sí,Liberación ,LIMPIEZA,Terminada,548.6,54.8,2026-05-18 23:20,2026-05-18 23:20,2026-07-16 18:30:24
SEM/MO/00357,[PTEC003] PULPA DE NARANJILLA GOYA USA UNIDAD 397 g,Units,HF PB 135 26,6500.0,7677.0,100.0,Terminada,2026-05-15,2026-05-18 23:20,2026-05-18 23:20,Sí,Proceso Manual ,DESPITONADO,Terminada,1814.2,450.0,2026-05-18 23:20,2026-05-18 23:20,2026-07-16 18:30:24
SEM/MO/00357,[PTEC003] PULPA DE NARANJILLA GOYA USA UNIDAD 397 g,Units,HF PB 135 26,6500.0,7677.0,100.0,Terminada,2026-05-15,2026-05-18 23:20,2026-05-18 23:20,Sí,Lavado y desinfección,LAVADO 2,Terminada,324.0,220.0,2026-05-18 23:20,2026-05-18 23:20,2026-07-16 18:30:24
SEM/MO/00357,[PTEC003] PULPA DE NARANJILLA GOYA USA UNIDAD 397 g,Units,HF PB 135 26,6500.0,7677.0,100.0,Terminada,2026-05-15,2026-05-18 23:20,2026-05-18 23:20,Sí,Escaldado/descongelado,ESCALDADO,Terminada,609.8,330.0,2026-05-18 23:20,2026-05-18 23:20,2026-07-16 18:30:24
SEM/MO/00357,[PTEC003] PULPA DE NARANJILLA GOYA USA UNIDAD 397 g,Units,HF PB 135 26,6500.0,7677.0,100.0,Terminada,2026-05-15,2026-05-18 23:20,2026-05-18 23:20,Sí,Despulpado y refinado,PULPEADO,Terminada,508.0,320.0,2026-05-18 23:20,2026-05-18 23:20,2026-07-16 18:30:24
SEM/MO/00357,[PTEC003] PULPA DE NARANJILLA GOYA USA UNIDAD 397 g,Units,HF PB 135 26,6500.0,7677.0,100.0,Terminada,2026-05-15,2026-05-18 23:20,2026-05-18 23:20,Sí,Pasteurizado,PASTEURIZACIÓN,Terminada,369.4,90.0,2026-05-18 23:20,2026-05-18 23:20,2026-07-16 18:30:24
SEM/MO/00357,[PTEC003] PULPA DE NARANJILLA GOYA USA UNIDAD 397 g,Units,HF PB 135 26,6500.0,7677.0,100.0,Terminada,2026-05-15,2026-05-18 23:20,2026-05-18 23:20,Sí,Dosificado Automático,DOSIFICADO AUTOMÁTICO,Terminada,383.9,550.0,2026-05-18 23:20,2026-05-18 23:20,2026-07-16 18:30:24
SEM/MO/00357,[PTEC003] PULPA DE NARANJILLA GOYA USA UNIDAD 397 g,Units,HF PB 135 26,6500.0,7677.0,100.0,Terminada,2026-05-15,2026-05-18 23:20,2026-05-18 23:20,Sí,Dosificado manual ,DOSIFICADO MANUAL,Terminada,406.4,140.1,2026-05-18 23:20,2026-05-18 23:20,2026-07-16 18:30:24
SEM/MO/00357,[PTEC003] PULPA DE NARANJILLA GOYA USA UNIDAD 397 g,Units,HF PB 135 26,6500.0,7677.0,100.0,Terminada,2026-05-15,2026-05-18 23:20,2026-05-18 23:20,Sí,Etiquetado manual,ETIQUETADO,Terminada,230.3,49.9,2026-05-18 23:20,2026-05-18 23:20,2026-07-16 18:30:24
SEM/MO/00376,[REP-PTEC003] (Reproceso) PULPA DE NARANJILLA GOYA USA UNIDAD 397 g ,,,280.0,494.0,176.4,Terminada,2026-05-18,2026-05-18 23:21,2026-05-19 00:17,No,,,,,,,,2026-07-16 18:30:24
SEM/MO/00361,[PTEXP003] NARANJILLA PULP 12 X 14 OZ,Caja de 12,HF PB 072 26,191.0,191.0,100.0,Terminada,2026-05-15,2026-05-18 23:50,2026-05-18 23:50,Sí,Encartonado,ENCARTONADO,Terminada,286.5,100.0,2026-05-18 23:50,2026-05-18 23:50,2026-07-16 18:30:24
SEM/MO/00355,[PTEXP003] NARANJILLA PULP 12 X 14 OZ,Caja de 12,HF PB 128 26,190.0,190.0,100.0,Terminada,2026-05-14,2026-05-18 23:59,2026-05-18 23:59,Sí,Encartonado,ENCARTONADO,Terminada,285.0,90.0,2026-05-18 23:59,2026-05-18 23:59,2026-07-16 18:30:24
SEM/MO/00377,[PTEC003] PULPA DE NARANJILLA GOYA USA UNIDAD 397 g,,,494.0,494.0,100.0,Terminada,2026-05-18,2026-05-19 00:18,2026-05-19 00:20,Sí,,,,,,,,2026-07-16 18:30:24
SEM/MO/00371,[PTEXP003] NARANJILLA PULP 12 X 14 OZ,Caja de 12,HF PB 128 26,190.0,190.0,100.0,Terminada,2026-05-18,2026-05-19 00:28,2026-05-19 00:28,Sí,Encartonado,ENCARTONADO,Terminada,285.0,120.0,2026-05-19 00:28,2026-05-19 00:28,2026-07-16 18:30:24
SEM/MO/00350,[PULP017] PULPA DE MORA 16 KG,kg,L1342603,432.0,432.0,100.0,Terminada,2026-05-14,2026-05-19 00:30,2026-05-19 00:30,Sí,Liberación ,LIMPIEZA,Terminada,25.9,105.0,2026-05-19 00:30,2026-05-19 00:30,2026-07-16 18:30:24
SEM/MO/00350,[PULP017] PULPA DE MORA 16 KG,kg,L1342603,432.0,432.0,100.0,Terminada,2026-05-14,2026-05-19 00:30,2026-05-19 00:30,Sí,Escaldado/descongelado,ESCALDADO,Terminada,76.1,50.0,2026-05-19 00:30,2026-05-19 00:30,2026-07-16 18:30:24
SEM/MO/00350,[PULP017] PULPA DE MORA 16 KG,kg,L1342603,432.0,432.0,100.0,Terminada,2026-05-14,2026-05-19 00:30,2026-05-19 00:30,Sí,Despulpado y refinado,PULPEADO,Terminada,72.0,40.0,2026-05-19 00:30,2026-05-19 00:30,2026-07-16 18:30:24
SEM/MO/00350,[PULP017] PULPA DE MORA 16 KG,kg,L1342603,432.0,432.0,100.0,Terminada,2026-05-14,2026-05-19 00:30,2026-05-19 00:30,Sí,Pasteurizado,PASTEURIZACIÓN,Terminada,52.3,20.0,2026-05-19 00:30,2026-05-19 00:30,2026-07-16 18:30:24
SEM/MO/00350,[PULP017] PULPA DE MORA 16 KG,kg,L1342603,432.0,432.0,100.0,Terminada,2026-05-14,2026-05-19 00:30,2026-05-19 00:30,Sí,Envasado Manual,ENVASADO MANUAL,Terminada,25.9,30.0,2026-05-19 00:30,2026-05-19 00:30,2026-07-16 18:30:24
SEM/MO/00352,[PULP020] PULPA DE MORA 14KG,kg,L1342609,1008.0,938.0,100.0,Terminada,2026-05-14,2026-05-19 00:35,2026-05-19 00:35,Sí,Escaldado/descongelado,ESCALDADO,Terminada,165.3,85.0,2026-05-19 00:35,2026-05-19 00:35,2026-07-16 18:30:24
SEM/MO/00352,[PULP020] PULPA DE MORA 14KG,kg,L1342609,1008.0,938.0,100.0,Terminada,2026-05-14,2026-05-19 00:35,2026-05-19 00:35,Sí,Despulpado y refinado,PULPEADO,Terminada,156.3,80.0,2026-05-19 00:35,2026-05-19 00:35,2026-07-16 18:30:24
SEM/MO/00352,[PULP020] PULPA DE MORA 14KG,kg,L1342609,1008.0,938.0,100.0,Terminada,2026-05-14,2026-05-19 00:35,2026-05-19 00:35,Sí,Pasteurizado,PASTEURIZACIÓN,Terminada,113.5,125.0,2026-05-19 00:35,2026-05-19 00:35,2026-07-16 18:30:24
SEM/MO/00352,[PULP020] PULPA DE MORA 14KG,kg,L1342609,1008.0,938.0,100.0,Terminada,2026-05-14,2026-05-19 00:35,2026-05-19 00:35,Sí,Envasado Manual,ENVASADO MANUAL,Terminada,56.3,210.0,2026-05-19 00:35,2026-05-19 00:35,2026-07-16 18:30:24
SEM/MO/00393,[REP-PTEC004] (Reproceso) PULPA DE GUAYABA GOYA USA UNIDAD 397 g ,,,86.0,86.0,100.0,Terminada,2026-05-19,2026-05-19 08:00,2026-05-21 18:32,No,,,,,,,,2026-07-16 18:30:24
SEM/MO/00378,[SALS008] SALSA LISA DE FRESA ,kg,L1382607,1500.0,1680.0,100.0,Terminada,2026-05-18,2026-05-19 09:22,2026-05-19 15:40,Sí,Liberación,LIMPIEZA,Terminada,100.8,110.8,2026-05-19 11:29,2026-05-19 15:40,2026-07-16 18:30:24
SEM/MO/00378,[SALS008] SALSA LISA DE FRESA ,kg,L1382607,1500.0,1680.0,100.0,Terminada,2026-05-18,2026-05-19 09:22,2026-05-19 15:40,Sí,Lavado y desinfección,LAVADO 2,Terminada,148.2,70.0,2026-05-19 09:22,2026-05-19 15:40,2026-07-16 18:30:24
SEM/MO/00378,[SALS008] SALSA LISA DE FRESA ,kg,L1382607,1500.0,1680.0,100.0,Terminada,2026-05-18,2026-05-19 09:22,2026-05-19 15:40,Sí,Despulpado y refinado,PULPEADO,Terminada,280.0,220.0,2026-05-19 11:51,2026-05-19 15:40,2026-07-16 18:30:24
SEM/MO/00378,[SALS008] SALSA LISA DE FRESA ,kg,L1382607,1500.0,1680.0,100.0,Terminada,2026-05-18,2026-05-19 09:22,2026-05-19 15:40,Sí,Pasteurizado,PASTEURIZACIÓN,Terminada,203.3,325.0,2026-05-19 15:40,2026-05-19 15:40,2026-07-16 18:30:24
SEM/MO/00378,[SALS008] SALSA LISA DE FRESA ,kg,L1382607,1500.0,1680.0,100.0,Terminada,2026-05-18,2026-05-19 09:22,2026-05-19 15:40,Sí,Envasado manual,ENVASADO MANUAL,Terminada,100.8,170.0,2026-05-19 15:40,2026-05-19 15:40,2026-07-16 18:30:24
SEM/MO/00358,[SALS006] SALSA DE FRESA EDULCORADA 15 KG,kg,L1352607,1050.0,1125.0,100.0,Terminada,2026-05-15,2026-05-19 11:23,2026-05-19 11:23,Sí,Lavado y desinfección,LAVADO 2,Terminada,29.4,100.0,2026-05-19 11:23,2026-05-19 11:23,2026-07-16 18:30:24
SEM/MO/00358,[SALS006] SALSA DE FRESA EDULCORADA 15 KG,kg,L1352607,1050.0,1125.0,100.0,Terminada,2026-05-15,2026-05-19 11:23,2026-05-19 11:23,Sí,Picado,RALLADO,Terminada,197.4,140.0,2026-05-19 11:23,2026-05-19 11:23,2026-07-16 18:30:24
SEM/MO/00358,[SALS006] SALSA DE FRESA EDULCORADA 15 KG,kg,L1352607,1050.0,1125.0,100.0,Terminada,2026-05-15,2026-05-19 11:23,2026-05-19 11:23,Sí,Pasteurizado,PASTEURIZACIÓN,Terminada,136.1,200.1,2026-05-19 11:23,2026-05-19 11:23,2026-07-16 18:30:24
SEM/MO/00358,[SALS006] SALSA DE FRESA EDULCORADA 15 KG,kg,L1352607,1050.0,1125.0,100.0,Terminada,2026-05-15,2026-05-19 11:23,2026-05-19 11:23,Sí,Envasado Manual,ENVASADO MANUAL,Terminada,67.5,85.0,2026-05-19 11:23,2026-05-19 11:23,2026-07-16 18:30:24
SEM/MO/00332,[PTEC008] PULPA DE PAPAYA GOYA USA UNIDAD 397 g,Units,HF PB 133 26,7500.0,7639.0,100.0,Terminada,2026-05-13,2026-05-19 15:18,2026-05-19 15:18,Sí,Liberación ,LIMPIEZA,Terminada,545.9,45.0,2026-05-19 15:18,2026-05-19 15:18,2026-07-16 18:30:24
SEM/MO/00332,[PTEC008] PULPA DE PAPAYA GOYA USA UNIDAD 397 g,Units,HF PB 133 26,7500.0,7639.0,100.0,Terminada,2026-05-13,2026-05-19 15:18,2026-05-19 15:18,Sí,Lavado y desinfección,LAVADO 2,Terminada,355.6,100.0,2026-05-19 15:18,2026-05-19 15:18,2026-07-16 18:30:24
SEM/MO/00332,[PTEC008] PULPA DE PAPAYA GOYA USA UNIDAD 397 g,Units,HF PB 133 26,7500.0,7639.0,100.0,Terminada,2026-05-13,2026-05-19 15:18,2026-05-19 15:18,Sí,Despulpado y refinado,PULPEADO,Terminada,505.4,90.0,2026-05-19 15:18,2026-05-19 15:18,2026-07-16 18:30:24
SEM/MO/00332,[PTEC008] PULPA DE PAPAYA GOYA USA UNIDAD 397 g,Units,HF PB 133 26,7500.0,7639.0,100.0,Terminada,2026-05-13,2026-05-19 15:18,2026-05-19 15:18,Sí,Homogenizado,HOMOGENIZACIÓN,Terminada,75.8,60.0,2026-05-19 15:18,2026-05-19 15:18,2026-07-16 18:30:24
SEM/MO/00332,[PTEC008] PULPA DE PAPAYA GOYA USA UNIDAD 397 g,Units,HF PB 133 26,7500.0,7639.0,100.0,Terminada,2026-05-13,2026-05-19 15:18,2026-05-19 15:18,Sí,Pasteurizado,PASTEURIZACIÓN,Terminada,367.6,250.0,2026-05-19 15:18,2026-05-19 15:18,2026-07-16 18:30:24
SEM/MO/00332,[PTEC008] PULPA DE PAPAYA GOYA USA UNIDAD 397 g,Units,HF PB 133 26,7500.0,7639.0,100.0,Terminada,2026-05-13,2026-05-19 15:18,2026-05-19 15:18,Sí,Dosificado manual ,DOSIFICADO MANUAL,Terminada,404.4,290.4,2026-05-19 15:18,2026-05-19 15:18,2026-07-16 18:30:24
SEM/MO/00332,[PTEC008] PULPA DE PAPAYA GOYA USA UNIDAD 397 g,Units,HF PB 133 26,7500.0,7639.0,100.0,Terminada,2026-05-13,2026-05-19 15:18,2026-05-19 15:18,Sí,Etiquetado manual,ETIQUETADO,Terminada,229.2,150.0,2026-05-19 15:18,2026-05-19 15:18,2026-07-16 18:30:24
SEM/MO/00332,[PTEC008] PULPA DE PAPAYA GOYA USA UNIDAD 397 g,Units,HF PB 133 26,7500.0,7639.0,100.0,Terminada,2026-05-13,2026-05-19 15:18,2026-05-19 15:18,Sí,Despepado,DESPEPADO,Terminada,0.0,175.0,2026-05-19 15:18,2026-05-19 15:18,2026-07-16 18:30:24
SEM/MO/00384,[REP-PTEC008] (Reproceso) PULPA DE PAPAYA GOYA USA UNIDAD 397 g,,,1565.0,1565.0,100.0,Terminada,2026-05-13,2026-05-19 15:18,2026-05-19 17:34,No,,,,,,,,2026-07-16 18:30:24
SEM/MO/00386,[PTEC008] PULPA DE PAPAYA GOYA USA UNIDAD 397 g,,,1565.0,1565.0,100.0,Terminada,2026-05-13,2026-05-19 15:20,2026-05-19 17:38,Sí,,,,,,,,2026-07-16 18:30:24
SEM/MO/00356,[SALS007] SALSA DE CHOCOLATE 1 KG,kg,L1352604,1000.0,968.0,100.0,Terminada,2026-05-15,2026-05-19 15:26,2026-05-19 15:26,Sí,Liberación ,LIMPIEZA,Terminada,58.1,95.0,2026-05-19 15:26,2026-05-19 15:26,2026-07-16 18:30:24
SEM/MO/00356,[SALS007] SALSA DE CHOCOLATE 1 KG,kg,L1352604,1000.0,968.0,100.0,Terminada,2026-05-15,2026-05-19 15:26,2026-05-19 15:26,Sí,Mezclado,MEZCLADO,Terminada,122.3,55.0,2026-05-19 15:26,2026-05-19 15:26,2026-07-16 18:30:24
SEM/MO/00356,[SALS007] SALSA DE CHOCOLATE 1 KG,kg,L1352604,1000.0,968.0,100.0,Terminada,2026-05-15,2026-05-19 15:26,2026-05-19 15:26,Sí,Pasteurizado,PASTEURIZACIÓN,Terminada,117.1,60.0,2026-05-19 15:26,2026-05-19 15:26,2026-07-16 18:30:24
SEM/MO/00356,[SALS007] SALSA DE CHOCOLATE 1 KG,kg,L1352604,1000.0,968.0,100.0,Terminada,2026-05-15,2026-05-19 15:26,2026-05-19 15:26,Sí,Envasado Manual,ENVASADO MANUAL,Terminada,58.1,180.0,2026-05-19 15:26,2026-05-19 15:26,2026-07-16 18:30:24
SEM/MO/00380,[SALS004] SALSA DE MORA EDULCORADA 15 KG,kg,L1382607,600.0,675.0,100.0,Terminada,2026-05-18,2026-05-19 15:55,2026-05-19 15:55,Sí,Liberación ,LIMPIEZA,Terminada,40.5,110.4,2026-05-19 15:55,2026-05-19 15:55,2026-07-16 18:30:24
SEM/MO/00380,[SALS004] SALSA DE MORA EDULCORADA 15 KG,kg,L1382607,600.0,675.0,100.0,Terminada,2026-05-18,2026-05-19 15:55,2026-05-19 15:55,Sí,Picado,RALLADO,Terminada,118.4,120.1,2026-05-19 15:55,2026-05-19 15:55,2026-07-16 18:30:24
SEM/MO/00380,[SALS004] SALSA DE MORA EDULCORADA 15 KG,kg,L1382607,600.0,675.0,100.0,Terminada,2026-05-18,2026-05-19 15:55,2026-05-19 15:55,Sí,Pasteurizado,PASTEURIZACIÓN,Terminada,81.7,200.0,2026-05-19 15:55,2026-05-19 15:55,2026-07-16 18:30:24
SEM/MO/00380,[SALS004] SALSA DE MORA EDULCORADA 15 KG,kg,L1382607,600.0,675.0,100.0,Terminada,2026-05-18,2026-05-19 15:55,2026-05-19 15:55,Sí,Envasado Manual,ENVASADO MANUAL,Terminada,40.5,185.0,2026-05-19 15:55,2026-05-19 15:55,2026-07-16 18:30:24
SEM/MO/00344,[PTEXP018] Pulpa Guanabana America x 250 gr (CAJAS 10 UDS),Units,L1242615,3420.0,3420.0,100.0,Terminada,2026-05-13,2026-05-19 17:06,2026-05-19 17:06,Sí,Encartonado,ENCARTONADO,Terminada,525.0,60.0,2026-05-19 17:06,2026-05-19 17:06,2026-07-16 18:30:24
SEM/MO/00379,[PTEC002] PULPA DE GUANABANA GOYA USA UNIDAD 397 g,Units,HF PB 138 26,12000.0,13144.0,100.0,Terminada,2026-05-18,2026-05-19 17:15,2026-05-19 17:15,Sí,Liberación ,LIMPIEZA,Terminada,939.3,135.1,2026-05-19 17:15,2026-05-19 17:15,2026-07-16 18:30:24
SEM/MO/00379,[PTEC002] PULPA DE GUANABANA GOYA USA UNIDAD 397 g,Units,HF PB 138 26,12000.0,13144.0,100.0,Terminada,2026-05-18,2026-05-19 17:15,2026-05-19 17:15,Sí,Escaldado/descongelado,ESCALDADO,Terminada,1136.9,530.0,2026-05-19 17:15,2026-05-19 17:15,2026-07-16 18:30:24
SEM/MO/00379,[PTEC002] PULPA DE GUANABANA GOYA USA UNIDAD 397 g,Units,HF PB 138 26,12000.0,13144.0,100.0,Terminada,2026-05-18,2026-05-19 17:15,2026-05-19 17:15,Sí,Despulpado y refinado,PULPEADO,Terminada,869.7,530.0,2026-05-19 17:15,2026-05-19 17:15,2026-07-16 18:30:24
SEM/MO/00379,[PTEC002] PULPA DE GUANABANA GOYA USA UNIDAD 397 g,Units,HF PB 138 26,12000.0,13144.0,100.0,Terminada,2026-05-18,2026-05-19 17:15,2026-05-19 17:15,Sí,Homogenizado,HOMOGENIZACIÓN,Terminada,130.4,360.0,2026-05-19 17:15,2026-05-19 17:15,2026-07-16 18:30:24
SEM/MO/00379,[PTEC002] PULPA DE GUANABANA GOYA USA UNIDAD 397 g,Units,HF PB 138 26,12000.0,13144.0,100.0,Terminada,2026-05-18,2026-05-19 17:15,2026-05-19 17:15,Sí,Pasteurizado,PASTEURIZACIÓN,Terminada,632.5,405.1,2026-05-19 17:15,2026-05-19 17:15,2026-07-16 18:30:24
SEM/MO/00379,[PTEC002] PULPA DE GUANABANA GOYA USA UNIDAD 397 g,Units,HF PB 138 26,12000.0,13144.0,100.0,Terminada,2026-05-18,2026-05-19 17:15,2026-05-19 17:15,Sí,Dosificado Automático,DOSIFICADO AUTOMÁTICO,Terminada,657.2,525.0,2026-05-19 17:15,2026-05-19 17:15,2026-07-16 18:30:24
SEM/MO/00379,[PTEC002] PULPA DE GUANABANA GOYA USA UNIDAD 397 g,Units,HF PB 138 26,12000.0,13144.0,100.0,Terminada,2026-05-18,2026-05-19 17:15,2026-05-19 17:15,Sí,Dosificado manual ,DOSIFICADO MANUAL,Terminada,695.8,640.0,2026-05-19 17:15,2026-05-19 17:15,2026-07-16 18:30:24
SEM/MO/00379,[PTEC002] PULPA DE GUANABANA GOYA USA UNIDAD 397 g,Units,HF PB 138 26,12000.0,13144.0,100.0,Terminada,2026-05-18,2026-05-19 17:15,2026-05-19 17:15,Sí,Etiquetado manual,ETIQUETADO,Terminada,394.3,335.0,2026-05-19 17:15,2026-05-19 17:15,2026-07-16 18:30:24
SEM/MO/00385,[PTEXP004] GUAVA PULP 12 X 14 OZ,Caja de 12,HF PB 134 26,630.0,630.0,100.0,Terminada,2026-05-18,2026-05-19 17:20,2026-05-19 17:21,Sí,Encartonado,ENCARTONADO,Terminada,945.0,425.0,2026-05-19 17:20,2026-05-19 17:20,2026-07-16 18:30:24
SEM/MO/00387,[PTEXP004] GUAVA PULP 12 X 14 OZ,Caja de 12,HF PB 125 26,210.0,210.0,100.0,Terminada,2026-05-19,2026-05-19 17:29,2026-05-19 17:29,Sí,Encartonado,ENCARTONADO,Terminada,630.0,175.0,2026-05-19 17:29,2026-05-19 17:29,2026-07-16 18:30:24
SEM/MO/00383,[PTEXP003] NARANJILLA PULP 12 X 14 OZ,Caja de 12,HF PB 135 26,420.0,420.0,100.0,Terminada,2026-05-19,2026-05-19 17:35,2026-05-19 17:35,Sí,Encartonado,ENCARTONADO,Terminada,630.0,400.0,2026-05-19 17:35,2026-05-19 17:35,2026-07-16 18:30:24
SEM/MO/00398,[PULP011] PULPA DE ARANDANO 8 KG,kg,L1412609,480.0,552.0,100.0,Terminada,2026-05-21,2026-05-21 08:14,2026-05-25 21:09,Sí,Escaldado/descongelado,ESCALDADO,Terminada,94.9,75.8,2026-05-21 08:14,2026-05-25 21:09,2026-07-16 18:30:24
SEM/MO/00398,[PULP011] PULPA DE ARANDANO 8 KG,kg,L1412609,480.0,552.0,100.0,Terminada,2026-05-21,2026-05-21 08:14,2026-05-25 21:09,Sí,Despulpado y refinado,PULPEADO,Terminada,36.8,74.2,2026-05-24 08:12,2026-05-25 21:09,2026-07-16 18:30:24
SEM/MO/00398,[PULP011] PULPA DE ARANDANO 8 KG,kg,L1412609,480.0,552.0,100.0,Terminada,2026-05-21,2026-05-21 08:14,2026-05-25 21:09,Sí,Pasteurizado,PASTEURIZACIÓN,Terminada,66.8,15.0,2026-05-24 08:49,2026-05-25 21:09,2026-07-16 18:30:24
SEM/MO/00398,[PULP011] PULPA DE ARANDANO 8 KG,kg,L1412609,480.0,552.0,100.0,Terminada,2026-05-21,2026-05-21 08:14,2026-05-25 21:09,Sí,Envasado Manual,ENVASADO MANUAL,Terminada,33.1,52.3,2026-05-24 09:56,2026-05-25 21:09,2026-07-16 18:30:24
SEM/MO/00397,[SALS009] SALSA DE ARANDANO,kg,L1412607,600.0,690.0,100.0,Terminada,2026-05-21,2026-05-21 10:52,2026-05-26 10:08,Sí,Liberación,LIMPIEZA,Terminada,36.0,37.1,2026-05-21 06:16,2026-05-21 08:21,2026-07-16 18:30:24
SEM/MO/00397,[SALS009] SALSA DE ARANDANO,kg,L1412607,600.0,690.0,100.0,Terminada,2026-05-21,2026-05-21 10:52,2026-05-26 10:08,Sí,Despulpado y refinado,PULPEADO,Terminada,100.0,100.0,2026-05-21 06:19,2026-05-22 09:41,2026-07-16 18:30:24
SEM/MO/00397,[SALS009] SALSA DE ARANDANO,kg,L1412607,600.0,690.0,100.0,Terminada,2026-05-21,2026-05-21 10:52,2026-05-26 10:08,Sí,Pasteurizado,PASTEURIZACIÓN,Terminada,72.6,118.9,2026-05-21 16:36,2026-05-22 09:41,2026-07-16 18:30:24
SEM/MO/00397,[SALS009] SALSA DE ARANDANO,kg,L1412607,600.0,690.0,100.0,Terminada,2026-05-21,2026-05-21 10:52,2026-05-26 10:08,Sí,Envasado manual,ENVASADO MANUAL,Terminada,41.4,112.0,2026-05-21 10:52,2026-05-26 10:08,2026-07-16 18:30:24
SEM/MO/00397,[SALS009] SALSA DE ARANDANO,kg,L1412607,600.0,690.0,100.0,Terminada,2026-05-21,2026-05-21 10:52,2026-05-26 10:08,Sí,Escaldado,ESCALDADO,Terminada,0.0,75.0,2026-05-22 10:35,2026-05-26 10:08,2026-07-16 18:30:24
SEM/MO/00397,[SALS009] SALSA DE ARANDANO,kg,L1412607,600.0,690.0,100.0,Terminada,2026-05-21,2026-05-21 10:52,2026-05-26 10:08,Sí,Lavado de envases,TACHOS,Terminada,0.0,145.6,2026-05-22 10:35,2026-05-26 10:08,2026-07-16 18:30:24
SEM/MO/00390,[MPI012] AZUCAR INVERTIDA,kg,L1402699,273.0,273.0,100.0,Terminada,2026-05-20,2026-05-21 13:44,2026-05-21 13:44,Sí,Mezclado,MEZCLADO,Terminada,34.5,90.0,2026-05-21 13:44,2026-05-21 13:44,2026-07-16 18:30:24
SEM/MO/00394,[PTEXP004] GUAVA PULP 12 X 14 OZ,Caja de 12,HF PB 125 26,210.0,210.0,100.0,Terminada,2026-05-20,2026-05-21 13:50,2026-05-21 13:50,Sí,Encartonado,ENCARTONADO,Terminada,315.0,160.4,2026-05-21 13:50,2026-05-21 13:50,2026-07-16 18:30:24
SEM/MO/00403,[PTEXP010] TOMATE DE ARBOL WHOLE 8 X 14 OZ,Caja de 8,HF PB 132 26,200.0,200.0,100.0,Terminada,2026-05-20,2026-05-21 14:00,2026-05-21 14:00,Sí,Encartonado,ENCARTONADO,Terminada,200.0,90.0,2026-05-21 14:00,2026-05-21 14:00,2026-07-16 18:30:24
SEM/MO/00400,[PTEXP009] PINEAPPLE PULP 12 X 14 OZ,Caja de 12,HF PB 110 26,10.0,10.0,100.0,Terminada,2026-05-20,2026-05-21 14:03,2026-05-21 14:03,Sí,Encartonado,ENCARTONADO,Terminada,15.0,20.0,2026-05-21 14:03,2026-05-21 14:03,2026-07-16 18:30:24
SEM/MO/00401,[PTEXP008] PAPAYA PULP 12 X 14 OZ,Caja de 12,HF PB 107 26,200.0,200.0,100.0,Terminada,2026-05-20,2026-05-21 14:04,2026-05-21 14:04,Sí,Encartonado,ENCARTONADO,Terminada,300.0,115.0,2026-05-21 14:04,2026-05-21 14:04,2026-07-16 18:30:24
SEM/MO/00382,[PULP001] COCO RALLADO 20 KG,kg,L1392601,4040.0,4000.0,100.0,Terminada,2026-05-19,2026-05-21 14:21,2026-05-21 14:21,Sí,Liberación ,LIMPIEZA,Terminada,240.0,55.0,2026-05-21 14:21,2026-05-21 14:21,2026-07-16 18:30:24
SEM/MO/00382,[PULP001] COCO RALLADO 20 KG,kg,L1392601,4040.0,4000.0,100.0,Terminada,2026-05-19,2026-05-21 14:21,2026-05-21 14:21,Sí,Lavado y desinfección,LAVADO 4,Terminada,161.9,55.0,2026-05-21 14:21,2026-05-21 14:21,2026-07-16 18:30:24
SEM/MO/00382,[PULP001] COCO RALLADO 20 KG,kg,L1392601,4040.0,4000.0,100.0,Terminada,2026-05-19,2026-05-21 14:21,2026-05-21 14:21,Sí,Rallado,RALLADO COCO,Terminada,800.0,510.1,2026-05-21 14:21,2026-05-21 14:21,2026-07-16 18:30:24
SEM/MO/00382,[PULP001] COCO RALLADO 20 KG,kg,L1392601,4040.0,4000.0,100.0,Terminada,2026-05-19,2026-05-21 14:21,2026-05-21 14:21,Sí,Pasteurizado,PASTEURIZACIÓN,Terminada,484.0,235.1,2026-05-21 14:21,2026-05-21 14:21,2026-07-16 18:30:24
SEM/MO/00382,[PULP001] COCO RALLADO 20 KG,kg,L1392601,4040.0,4000.0,100.0,Terminada,2026-05-19,2026-05-21 14:21,2026-05-21 14:21,Sí,Envasado Manual,ENVASADO MANUAL,Terminada,240.0,305.0,2026-05-21 14:21,2026-05-21 14:21,2026-07-16 18:30:24
SEM/MO/00392,[SALS006] SALSA DE FRESA EDULCORADA 15 KG,kg,L1402607,315.0,345.0,100.0,Terminada,2026-05-20,2026-05-21 15:04,2026-05-21 15:04,Sí,Lavado y desinfección,LAVADO 2,Terminada,9.0,20.0,2026-05-21 15:04,2026-05-21 15:04,2026-07-16 18:30:24
SEM/MO/00392,[SALS006] SALSA DE FRESA EDULCORADA 15 KG,kg,L1402607,315.0,345.0,100.0,Terminada,2026-05-20,2026-05-21 15:04,2026-05-21 15:04,Sí,Picado,RALLADO,Terminada,60.5,40.0,2026-05-21 15:04,2026-05-21 15:04,2026-07-16 18:30:24
SEM/MO/00392,[SALS006] SALSA DE FRESA EDULCORADA 15 KG,kg,L1402607,315.0,345.0,100.0,Terminada,2026-05-20,2026-05-21 15:04,2026-05-21 15:04,Sí,Pasteurizado,PASTEURIZACIÓN,Terminada,41.8,25.0,2026-05-21 15:04,2026-05-21 15:04,2026-07-16 18:30:24
SEM/MO/00392,[SALS006] SALSA DE FRESA EDULCORADA 15 KG,kg,L1402607,315.0,345.0,100.0,Terminada,2026-05-20,2026-05-21 15:04,2026-05-21 15:04,Sí,Envasado Manual,ENVASADO MANUAL,Terminada,20.7,15.0,2026-05-21 15:04,2026-05-21 15:04,2026-07-16 18:30:24
SEM/MO/00399,[PTEC003] PULPA DE NARANJILLA GOYA USA UNIDAD 397 g,Units,HF PB 141 26,8000.0,9499.0,100.0,Terminada,2026-05-21,2026-05-21 20:07,2026-05-26 10:18,Sí,Liberación ,LIMPIEZA,Terminada,571.7,214.6,2026-05-21 06:17,2026-05-21 08:31,2026-07-16 18:30:24
SEM/MO/00399,[PTEC003] PULPA DE NARANJILLA GOYA USA UNIDAD 397 g,Units,HF PB 141 26,8000.0,9499.0,100.0,Terminada,2026-05-21,2026-05-21 20:07,2026-05-26 10:18,Sí,Proceso Manual ,DESPITONADO,Terminada,1890.5,671.7,2026-05-21 06:17,2026-05-21 18:48,2026-07-16 18:30:24
SEM/MO/00399,[PTEC003] PULPA DE NARANJILLA GOYA USA UNIDAD 397 g,Units,HF PB 141 26,8000.0,9499.0,100.0,Terminada,2026-05-21,2026-05-21 20:07,2026-05-26 10:18,Sí,Lavado y desinfección,LAVADO 2,Terminada,337.6,132.8,2026-05-21 15:08,2026-05-21 19:26,2026-07-16 18:30:24
SEM/MO/00399,[PTEC003] PULPA DE NARANJILLA GOYA USA UNIDAD 397 g,Units,HF PB 141 26,8000.0,9499.0,100.0,Terminada,2026-05-21,2026-05-21 20:07,2026-05-26 10:18,Sí,Escaldado/descongelado,ESCALDADO,Terminada,635.5,248.7,2026-05-21 06:18,2026-05-21 21:58,2026-07-16 18:30:24
SEM/MO/00399,[PTEC003] PULPA DE NARANJILLA GOYA USA UNIDAD 397 g,Units,HF PB 141 26,8000.0,9499.0,100.0,Terminada,2026-05-21,2026-05-21 20:07,2026-05-26 10:18,Sí,Despulpado y refinado,PULPEADO,Terminada,529.3,322.1,2026-05-21 13:40,2026-05-21 22:13,2026-07-16 18:30:24
SEM/MO/00399,[PTEC003] PULPA DE NARANJILLA GOYA USA UNIDAD 397 g,Units,HF PB 141 26,8000.0,9499.0,100.0,Terminada,2026-05-21,2026-05-21 20:07,2026-05-26 10:18,Sí,Pasteurizado,PASTEURIZACIÓN,Terminada,457.1,142.1,2026-05-21 14:13,2026-05-22 10:27,2026-07-16 18:30:24
SEM/MO/00399,[PTEC003] PULPA DE NARANJILLA GOYA USA UNIDAD 397 g,Units,HF PB 141 26,8000.0,9499.0,100.0,Terminada,2026-05-21,2026-05-21 20:07,2026-05-26 10:18,Sí,Dosificado Automático,DOSIFICADO AUTOMÁTICO,Terminada,474.9,364.6,2026-05-21 14:12,2026-05-22 10:27,2026-07-16 18:30:24
SEM/MO/00399,[PTEC003] PULPA DE NARANJILLA GOYA USA UNIDAD 397 g,Units,HF PB 141 26,8000.0,9499.0,100.0,Terminada,2026-05-21,2026-05-21 20:07,2026-05-26 10:18,Sí,Dosificado manual ,DOSIFICADO MANUAL,Terminada,502.8,167.6,2026-05-21 20:07,2026-05-22 17:09,2026-07-16 18:30:24
SEM/MO/00399,[PTEC003] PULPA DE NARANJILLA GOYA USA UNIDAD 397 g,Units,HF PB 141 26,8000.0,9499.0,100.0,Terminada,2026-05-21,2026-05-21 20:07,2026-05-26 10:18,Sí,Etiquetado manual,ETIQUETADO,Terminada,240.0,166.9,2026-05-21 14:11,2026-05-21 22:54,2026-07-16 18:30:24
SEM/MO/00404,[PULP004] PULPA DE MORA CON PEPAS 18 KG,kg,BLOQ-L1402601,404.0,404.0,100.0,Terminada,2026-05-20,2026-05-21 21:38,2026-05-21 21:38,Sí,Liberación ,LIMPIEZA,Terminada,24.2,25.0,2026-05-21 21:38,2026-05-21 21:38,2026-07-16 18:30:24
SEM/MO/00404,[PULP004] PULPA DE MORA CON PEPAS 18 KG,kg,BLOQ-L1402601,404.0,404.0,100.0,Terminada,2026-05-20,2026-05-21 21:38,2026-05-21 21:38,Sí,Escaldado/descongelado,ESCALDADO,Terminada,71.2,90.0,2026-05-21 21:38,2026-05-21 21:38,2026-07-16 18:30:24
SEM/MO/00404,[PULP004] PULPA DE MORA CON PEPAS 18 KG,kg,BLOQ-L1402601,404.0,404.0,100.0,Terminada,2026-05-20,2026-05-21 21:38,2026-05-21 21:38,Sí,Despulpado y refinado,PULPEADO,Terminada,67.3,25.0,2026-05-21 21:38,2026-05-21 21:38,2026-07-16 18:30:24
SEM/MO/00404,[PULP004] PULPA DE MORA CON PEPAS 18 KG,kg,BLOQ-L1402601,404.0,404.0,100.0,Terminada,2026-05-20,2026-05-21 21:38,2026-05-21 21:38,Sí,Pasteurizado,PASTEURIZACIÓN,Terminada,48.9,35.0,2026-05-21 21:38,2026-05-21 21:38,2026-07-16 18:30:24
SEM/MO/00404,[PULP004] PULPA DE MORA CON PEPAS 18 KG,kg,BLOQ-L1402601,404.0,404.0,100.0,Terminada,2026-05-20,2026-05-21 21:38,2026-05-21 21:38,Sí,Envasado Manual,ENVASADO MANUAL,Terminada,24.2,40.0,2026-05-21 21:38,2026-05-21 21:38,2026-07-16 18:30:24
SEM/MO/00391,[SW001] SWIRL DE MORA 20 KG,kg,L1402601,1200.0,1320.0,100.0,Terminada,2026-05-20,2026-05-21 21:41,2026-05-21 21:41,Sí,Liberación ,LIMPIEZA,Terminada,79.2,20.0,2026-05-21 21:41,2026-05-21 21:41,2026-07-16 18:30:24
SEM/MO/00391,[SW001] SWIRL DE MORA 20 KG,kg,L1402601,1200.0,1320.0,100.0,Terminada,2026-05-20,2026-05-21 21:41,2026-05-21 21:41,Sí,Escaldado/descongelado,ESCALDADO,Terminada,232.6,40.0,2026-05-21 21:41,2026-05-21 21:41,2026-07-16 18:30:24
SEM/MO/00391,[SW001] SWIRL DE MORA 20 KG,kg,L1402601,1200.0,1320.0,100.0,Terminada,2026-05-20,2026-05-21 21:41,2026-05-21 21:41,Sí,Despulpado y refinado,PULPEADO,Terminada,25.0,25.0,2026-05-21 21:41,2026-05-21 21:41,2026-07-16 18:30:24
SEM/MO/00391,[SW001] SWIRL DE MORA 20 KG,kg,L1402601,1200.0,1320.0,100.0,Terminada,2026-05-20,2026-05-21 21:41,2026-05-21 21:41,Sí,Pasteurizado,PASTEURIZACIÓN,Terminada,159.7,45.0,2026-05-21 21:41,2026-05-21 21:41,2026-07-16 18:30:24
SEM/MO/00391,[SW001] SWIRL DE MORA 20 KG,kg,L1402601,1200.0,1320.0,100.0,Terminada,2026-05-20,2026-05-21 21:41,2026-05-21 21:41,Sí,Envasado Manual,ENVASADO MANUAL,Terminada,79.2,70.0,2026-05-21 21:41,2026-05-21 21:41,2026-07-16 18:30:24
SEM/MO/00389,[PULP004] PULPA DE MORA CON PEPAS 18 KG,kg,L1402601,2016.0,2286.0,100.0,Terminada,2026-05-20,2026-05-21 21:47,2026-05-21 21:47,Sí,Liberación ,LIMPIEZA,Terminada,137.2,90.0,2026-05-21 21:47,2026-05-21 21:47,2026-07-16 18:30:24
SEM/MO/00389,[PULP004] PULPA DE MORA CON PEPAS 18 KG,kg,L1402601,2016.0,2286.0,100.0,Terminada,2026-05-20,2026-05-21 21:47,2026-05-21 21:47,Sí,Escaldado/descongelado,ESCALDADO,Terminada,402.8,420.0,2026-05-21 21:47,2026-05-21 21:47,2026-07-16 18:30:24
SEM/MO/00389,[PULP004] PULPA DE MORA CON PEPAS 18 KG,kg,L1402601,2016.0,2286.0,100.0,Terminada,2026-05-20,2026-05-21 21:47,2026-05-21 21:47,Sí,Despulpado y refinado,PULPEADO,Terminada,381.0,385.0,2026-05-21 21:47,2026-05-21 21:47,2026-07-16 18:30:24
SEM/MO/00389,[PULP004] PULPA DE MORA CON PEPAS 18 KG,kg,L1402601,2016.0,2286.0,100.0,Terminada,2026-05-20,2026-05-21 21:47,2026-05-21 21:47,Sí,Pasteurizado,PASTEURIZACIÓN,Terminada,276.6,75.0,2026-05-21 21:47,2026-05-21 21:47,2026-07-16 18:30:24
SEM/MO/00389,[PULP004] PULPA DE MORA CON PEPAS 18 KG,kg,L1402601,2016.0,2286.0,100.0,Terminada,2026-05-20,2026-05-21 21:47,2026-05-21 21:47,Sí,Envasado Manual,ENVASADO MANUAL,Terminada,137.2,145.0,2026-05-21 21:47,2026-05-21 21:47,2026-07-16 18:30:24
SEM/MO/00395,[MPI001] DURAZNO ENTERO PELADO ,kg,L1422607,400.0,250.0,100.0,Terminada,2026-05-22,2026-05-22 06:02,2026-05-26 15:06,Sí,Liberación ,LIMPIEZA,Terminada,15.0,37.4,2026-05-22 06:03,2026-05-26 15:06,2026-07-16 18:30:24
SEM/MO/00395,[MPI001] DURAZNO ENTERO PELADO ,kg,L1422607,400.0,250.0,100.0,Terminada,2026-05-22,2026-05-22 06:02,2026-05-26 15:06,Sí,Proceso Manual ,DESPITONADO,Terminada,170.4,113.0,2026-05-22 06:02,2026-05-26 15:06,2026-07-16 18:30:24
SEM/MO/00395,[MPI001] DURAZNO ENTERO PELADO ,kg,L1422607,400.0,250.0,100.0,Terminada,2026-05-22,2026-05-22 06:02,2026-05-26 15:06,Sí,Lavado y desinfección,LAVADO 1,Terminada,45.5,100.8,2026-05-22 06:44,2026-05-26 15:06,2026-07-16 18:30:24
SEM/MO/00395,[MPI001] DURAZNO ENTERO PELADO ,kg,L1422607,400.0,250.0,100.0,Terminada,2026-05-22,2026-05-22 06:02,2026-05-26 15:06,Sí,Despepado,DESPEPADO,Terminada,227.3,235.2,2026-05-22 06:51,2026-05-26 15:06,2026-07-16 18:30:24
SEM/MO/00395,[MPI001] DURAZNO ENTERO PELADO ,kg,L1422607,400.0,250.0,100.0,Terminada,2026-05-22,2026-05-22 06:02,2026-05-26 15:06,Sí,Pelado químico,PELADO QUÍMICO,Terminada,79.7,285.6,2026-05-22 07:24,2026-05-26 15:06,2026-07-16 18:30:24
SEM/MO/00395,[MPI001] DURAZNO ENTERO PELADO ,kg,L1422607,400.0,250.0,100.0,Terminada,2026-05-22,2026-05-22 06:02,2026-05-26 15:06,Sí,Inspección ,REVISIÓN VISUAL/ MANUAL,Terminada,375.0,297.2,2026-05-22 08:04,2026-05-26 15:06,2026-07-16 18:30:24
SEM/MO/00396,[PTEC004] PULPA DE GUAYABA GOYA USA UNIDAD 397 g,Units,HF PB 142 26,14000.0,9644.0,100.0,Terminada,2026-05-22,2026-05-22 06:03,2026-05-26 17:33,Sí,Liberación ,LIMPIEZA,Terminada,689.2,80.5,2026-05-22 06:03,2026-05-26 17:33,2026-07-16 18:30:24
SEM/MO/00396,[PTEC004] PULPA DE GUAYABA GOYA USA UNIDAD 397 g,Units,HF PB 142 26,14000.0,9644.0,100.0,Terminada,2026-05-22,2026-05-22 06:03,2026-05-26 17:33,Sí,Lavado y desinfección,LAVADO 2,Terminada,422.0,219.0,2026-05-22 08:46,2026-05-26 17:33,2026-07-16 18:30:24
SEM/MO/00396,[PTEC004] PULPA DE GUAYABA GOYA USA UNIDAD 397 g,Units,HF PB 142 26,14000.0,9644.0,100.0,Terminada,2026-05-22,2026-05-22 06:03,2026-05-26 17:33,Sí,Despulpado y refinado,PULPEADO,Terminada,638.1,61.3,2026-05-22 08:46,2026-05-26 17:33,2026-07-16 18:30:24
SEM/MO/00396,[PTEC004] PULPA DE GUAYABA GOYA USA UNIDAD 397 g,Units,HF PB 142 26,14000.0,9644.0,100.0,Terminada,2026-05-22,2026-05-22 06:03,2026-05-26 17:33,Sí,Pasteurizado,PASTEURIZACIÓN,Terminada,464.1,391.8,2026-05-22 08:56,2026-05-26 17:33,2026-07-16 18:30:24
SEM/MO/00396,[PTEC004] PULPA DE GUAYABA GOYA USA UNIDAD 397 g,Units,HF PB 142 26,14000.0,9644.0,100.0,Terminada,2026-05-22,2026-05-22 06:03,2026-05-26 17:33,Sí,Dosificado Automático,DOSIFICADO AUTOMÁTICO,Terminada,482.2,372.0,2026-05-22 09:20,2026-05-26 17:33,2026-07-16 18:30:24
SEM/MO/00396,[PTEC004] PULPA DE GUAYABA GOYA USA UNIDAD 397 g,Units,HF PB 142 26,14000.0,9644.0,100.0,Terminada,2026-05-22,2026-05-22 06:03,2026-05-26 17:33,Sí,Dosificado manual ,DOSIFICADO MANUAL,Terminada,510.5,175.2,2026-05-22 13:38,2026-05-26 17:33,2026-07-16 18:30:24
SEM/MO/00396,[PTEC004] PULPA DE GUAYABA GOYA USA UNIDAD 397 g,Units,HF PB 142 26,14000.0,9644.0,100.0,Terminada,2026-05-22,2026-05-22 06:03,2026-05-26 17:33,Sí,Etiquetado manual,ETIQUETADO,Terminada,289.3,244.2,2026-05-22 07:56,2026-05-26 17:33,2026-07-16 18:30:24
SEM/MO/00412,"[DILUC001] DILUCIÓN DE SODA CAUSTICA 1,5%",,,180.0,180.0,100.0,Terminada,2026-05-22,2026-05-22 08:06,2026-05-26 11:51,No,,,,,,,,2026-07-16 18:30:24
SEM/MO/00388,[PTEC008] PULPA DE PAPAYA GOYA USA UNIDAD 397 g,Units,HF PB 140 26,7500.0,7977.0,100.0,Terminada,2026-05-20,2026-05-22 11:29,2026-05-25 17:47,Sí,Liberación ,LIMPIEZA,Terminada,570.0,120.0,2026-05-21 11:13,2026-05-22 16:57,2026-07-16 18:30:24
SEM/MO/00388,[PTEC008] PULPA DE PAPAYA GOYA USA UNIDAD 397 g,Units,HF PB 140 26,7500.0,7977.0,100.0,Terminada,2026-05-20,2026-05-22 11:29,2026-05-25 17:47,Sí,Lavado y desinfección,LAVADO 2,Terminada,371.4,120.0,2026-05-20 10:23,2026-05-22 16:57,2026-07-16 18:30:24
SEM/MO/00388,[PTEC008] PULPA DE PAPAYA GOYA USA UNIDAD 397 g,Units,HF PB 140 26,7500.0,7977.0,100.0,Terminada,2026-05-20,2026-05-22 11:29,2026-05-25 17:47,Sí,Despulpado y refinado,PULPEADO,Terminada,527.8,175.9,2026-05-21 11:13,2026-05-22 16:56,2026-07-16 18:30:24
SEM/MO/00388,[PTEC008] PULPA DE PAPAYA GOYA USA UNIDAD 397 g,Units,HF PB 140 26,7500.0,7977.0,100.0,Terminada,2026-05-20,2026-05-22 11:29,2026-05-25 17:47,Sí,Homogenizado,HOMOGENIZACIÓN,Terminada,79.2,260.0,2026-05-22 11:29,2026-05-25 17:47,2026-07-16 18:30:24
SEM/MO/00388,[PTEC008] PULPA DE PAPAYA GOYA USA UNIDAD 397 g,Units,HF PB 140 26,7500.0,7977.0,100.0,Terminada,2026-05-20,2026-05-22 11:29,2026-05-25 17:47,Sí,Pasteurizado,PASTEURIZACIÓN,Terminada,383.9,300.1,2026-05-22 13:44,2026-05-25 17:47,2026-07-16 18:30:24
SEM/MO/00388,[PTEC008] PULPA DE PAPAYA GOYA USA UNIDAD 397 g,Units,HF PB 140 26,7500.0,7977.0,100.0,Terminada,2026-05-20,2026-05-22 11:29,2026-05-25 17:47,Sí,Dosificado manual ,DOSIFICADO MANUAL,Terminada,422.2,295.0,2026-05-23 10:44,2026-05-25 17:47,2026-07-16 18:30:24
SEM/MO/00388,[PTEC008] PULPA DE PAPAYA GOYA USA UNIDAD 397 g,Units,HF PB 140 26,7500.0,7977.0,100.0,Terminada,2026-05-20,2026-05-22 11:29,2026-05-25 17:47,Sí,Etiquetado manual,ETIQUETADO,Terminada,239.3,110.0,2026-05-24 09:21,2026-05-25 17:47,2026-07-16 18:30:24
SEM/MO/00388,[PTEC008] PULPA DE PAPAYA GOYA USA UNIDAD 397 g,Units,HF PB 140 26,7500.0,7977.0,100.0,Terminada,2026-05-20,2026-05-22 11:29,2026-05-25 17:47,Sí,Despepado,DESPEPADO,Terminada,0.0,180.0,2026-05-25 17:47,2026-05-25 17:47,2026-07-16 18:30:24
SEM/MO/00409,[PTEC002] PULPA DE GUANABANA GOYA USA UNIDAD 397 g,Units,HF PB 142 26,11300.0,5238.0,100.0,Terminada,2026-05-22,2026-05-22 12:00,2026-05-28 15:22,Sí,Liberación ,LIMPIEZA,Terminada,374.3,195.4,2026-05-22 14:38,2026-05-28 15:22,2026-07-16 18:30:24
SEM/MO/00409,[PTEC002] PULPA DE GUANABANA GOYA USA UNIDAD 397 g,Units,HF PB 142 26,11300.0,5238.0,100.0,Terminada,2026-05-22,2026-05-22 12:00,2026-05-28 15:22,Sí,Escaldado/descongelado,ESCALDADO,Terminada,977.4,232.3,2026-05-22 15:58,2026-05-22 21:47,2026-07-16 18:30:24
SEM/MO/00409,[PTEC002] PULPA DE GUANABANA GOYA USA UNIDAD 397 g,Units,HF PB 142 26,11300.0,5238.0,100.0,Terminada,2026-05-22,2026-05-22 12:00,2026-05-28 15:22,Sí,Despulpado y refinado,PULPEADO,Terminada,747.7,203.4,2026-05-22 16:39,2026-05-22 21:47,2026-07-16 18:30:24
SEM/MO/00409,[PTEC002] PULPA DE GUANABANA GOYA USA UNIDAD 397 g,Units,HF PB 142 26,11300.0,5238.0,100.0,Terminada,2026-05-22,2026-05-22 12:00,2026-05-28 15:22,Sí,Homogenizado,HOMOGENIZACIÓN,Terminada,52.0,170.0,2026-05-26 10:14,2026-05-28 15:22,2026-07-16 18:30:24
SEM/MO/00409,[PTEC002] PULPA DE GUANABANA GOYA USA UNIDAD 397 g,Units,HF PB 142 26,11300.0,5238.0,100.0,Terminada,2026-05-22,2026-05-22 12:00,2026-05-28 15:22,Sí,Pasteurizado,PASTEURIZACIÓN,Terminada,252.1,173.2,2026-05-22 18:39,2026-05-28 15:22,2026-07-16 18:30:24
SEM/MO/00409,[PTEC002] PULPA DE GUANABANA GOYA USA UNIDAD 397 g,Units,HF PB 142 26,11300.0,5238.0,100.0,Terminada,2026-05-22,2026-05-22 12:00,2026-05-28 15:22,Sí,Dosificado manual ,DOSIFICADO MANUAL,Terminada,598.1,180.1,2026-05-22 19:48,2026-05-22 23:26,2026-07-16 18:30:24
SEM/MO/00409,[PTEC002] PULPA DE GUANABANA GOYA USA UNIDAD 397 g,Units,HF PB 142 26,11300.0,5238.0,100.0,Terminada,2026-05-22,2026-05-22 12:00,2026-05-28 15:22,Sí,Etiquetado manual,ETIQUETADO,Terminada,157.1,243.7,2026-05-22 12:00,2026-05-28 15:22,2026-07-16 18:30:24
SEM/MO/00407,[PTEXP002] SOURSOP PULP 12 X 14 OZ,Caja de 12,HF PB 138 26,420.0,420.0,100.0,Terminada,2026-05-21,2026-05-22 15:25,2026-05-22 15:25,Sí,Encartonado,ENCARTONADO,Terminada,630.0,185.0,2026-05-22 15:25,2026-05-22 15:25,2026-07-16 18:30:24
SEM/MO/00381,[PTEC004] PULPA DE GUAYABA GOYA USA UNIDAD 397 g,Units,HF PB 134 26,12000.0,11834.0,100.0,Terminada,2026-05-19,2026-05-25 17:38,2026-05-25 17:38,Sí,Liberación ,LIMPIEZA,Terminada,845.7,65.4,2026-05-25 17:38,2026-05-25 17:38,2026-07-16 18:30:24
SEM/MO/00381,[PTEC004] PULPA DE GUAYABA GOYA USA UNIDAD 397 g,Units,HF PB 134 26,12000.0,11834.0,100.0,Terminada,2026-05-19,2026-05-25 17:38,2026-05-25 17:38,Sí,Lavado y desinfección,LAVADO 2,Terminada,517.9,240.8,2026-05-25 17:38,2026-05-25 17:38,2026-07-16 18:30:24
SEM/MO/00381,[PTEC004] PULPA DE GUAYABA GOYA USA UNIDAD 397 g,Units,HF PB 134 26,12000.0,11834.0,100.0,Terminada,2026-05-19,2026-05-25 17:38,2026-05-25 17:38,Sí,Despulpado y refinado,PULPEADO,Terminada,783.0,280.0,2026-05-25 17:38,2026-05-25 17:38,2026-07-16 18:30:24
SEM/MO/00381,[PTEC004] PULPA DE GUAYABA GOYA USA UNIDAD 397 g,Units,HF PB 134 26,12000.0,11834.0,100.0,Terminada,2026-05-19,2026-05-25 17:38,2026-05-25 17:38,Sí,Pasteurizado,PASTEURIZACIÓN,Terminada,569.5,795.1,2026-05-25 17:38,2026-05-25 17:38,2026-07-16 18:30:24
SEM/MO/00381,[PTEC004] PULPA DE GUAYABA GOYA USA UNIDAD 397 g,Units,HF PB 134 26,12000.0,11834.0,100.0,Terminada,2026-05-19,2026-05-25 17:38,2026-05-25 17:38,Sí,Dosificado Automático,DOSIFICADO AUTOMÁTICO,Terminada,591.7,728.0,2026-05-25 17:38,2026-05-25 17:38,2026-07-16 18:30:24
SEM/MO/00381,[PTEC004] PULPA DE GUAYABA GOYA USA UNIDAD 397 g,Units,HF PB 134 26,12000.0,11834.0,100.0,Terminada,2026-05-19,2026-05-25 17:38,2026-05-25 17:38,Sí,Dosificado manual ,DOSIFICADO MANUAL,Terminada,626.4,180.0,2026-05-25 17:38,2026-05-25 17:38,2026-07-16 18:30:24
SEM/MO/00381,[PTEC004] PULPA DE GUAYABA GOYA USA UNIDAD 397 g,Units,HF PB 134 26,12000.0,11834.0,100.0,Terminada,2026-05-19,2026-05-25 17:38,2026-05-25 17:38,Sí,Etiquetado manual,ETIQUETADO,Terminada,355.0,145.0,2026-05-25 17:38,2026-05-25 17:38,2026-07-16 18:30:24
SEM/MO/00421,[REP-PTEC004] (Reproceso) PULPA DE GUAYABA GOYA USA UNIDAD 397 g ,,,1544.0,1544.0,100.0,Terminada,2026-05-19,2026-05-25 17:38,2026-05-26 10:20,No,,,,,,,,2026-07-16 18:30:24
SEM/MO/00422,[PTEC004] PULPA DE GUAYABA GOYA USA UNIDAD 397 g,,,1544.0,1544.0,100.0,Terminada,2026-05-19,2026-05-25 17:39,2026-05-26 10:26,Sí,,,,,,,,2026-07-16 18:30:24
SEM/MO/00423,[REP-PTEC008] (Reproceso) PULPA DE PAPAYA GOYA USA UNIDAD 397 g,,,1493.0,1493.0,100.0,Terminada,2026-05-20,2026-05-25 17:47,2026-05-26 10:20,No,,,,,,,,2026-07-16 18:30:24
SEM/MO/00424,[PTEC008] PULPA DE PAPAYA GOYA USA UNIDAD 397 g,,,1493.0,1493.0,100.0,Terminada,2026-05-20,2026-05-25 17:49,2026-05-26 10:31,Sí,,,,,,,,2026-07-16 18:30:24
SEM/MO/00418,[PULP016] PULPA DE FRESA 16 KG,kg,L1462603,1200.0,1360.0,100.0,Terminada,2026-05-26,2026-05-26 06:08,2026-05-28 15:32,Sí,Liberación ,LIMPIEZA,Terminada,81.6,121.4,2026-05-26 06:08,2026-05-28 15:32,2026-07-16 18:30:24
SEM/MO/00418,[PULP016] PULPA DE FRESA 16 KG,kg,L1462603,1200.0,1360.0,100.0,Terminada,2026-05-26,2026-05-26 06:08,2026-05-28 15:32,Sí,Lavado y desinfección,LAVADO 2,Terminada,120.0,154.5,2026-05-26 06:27,2026-05-28 15:32,2026-07-16 18:30:24
SEM/MO/00418,[PULP016] PULPA DE FRESA 16 KG,kg,L1462603,1200.0,1360.0,100.0,Terminada,2026-05-26,2026-05-26 06:08,2026-05-28 15:32,Sí,Despulpado y refinado,PULPEADO,Terminada,226.7,114.2,2026-05-26 07:07,2026-05-28 15:32,2026-07-16 18:30:24
SEM/MO/00418,[PULP016] PULPA DE FRESA 16 KG,kg,L1462603,1200.0,1360.0,100.0,Terminada,2026-05-26,2026-05-26 06:08,2026-05-28 15:32,Sí,Pasteurizado,PASTEURIZACIÓN,Terminada,164.6,120.9,2026-05-26 08:10,2026-05-28 15:32,2026-07-16 18:30:24
SEM/MO/00418,[PULP016] PULPA DE FRESA 16 KG,kg,L1462603,1200.0,1360.0,100.0,Terminada,2026-05-26,2026-05-26 06:08,2026-05-28 15:32,Sí,Envasado Manual,ENVASADO MANUAL,Terminada,81.6,104.9,2026-05-26 08:49,2026-05-28 15:32,2026-07-16 18:30:24
SEM/MO/00418,[PULP016] PULPA DE FRESA 16 KG,kg,L1462603,1200.0,1360.0,100.0,Terminada,2026-05-26,2026-05-26 06:08,2026-05-28 15:32,Sí,lavado tachos,TACHOS,Terminada,0.0,155.6,2026-05-26 06:35,2026-05-28 15:32,2026-07-16 18:30:24
SEM/MO/00419,[PTEC004] PULPA DE GUAYABA GOYA USA UNIDAD 397 g,Units,HF PB 146 26,14000.0,8345.0,100.0,Terminada,2026-05-26,2026-05-26 06:08,2026-05-29 05:45,Sí,Liberación ,LIMPIEZA,Terminada,596.3,191.7,2026-05-26 06:08,2026-05-29 05:45,2026-07-16 18:30:24
SEM/MO/00419,[PTEC004] PULPA DE GUAYABA GOYA USA UNIDAD 397 g,Units,HF PB 146 26,14000.0,8345.0,100.0,Terminada,2026-05-26,2026-05-26 06:08,2026-05-29 05:45,Sí,Lavado y desinfección,LAVADO 2,Terminada,365.2,94.9,2026-05-26 09:58,2026-05-29 05:45,2026-07-16 18:30:24
SEM/MO/00419,[PTEC004] PULPA DE GUAYABA GOYA USA UNIDAD 397 g,Units,HF PB 146 26,14000.0,8345.0,100.0,Terminada,2026-05-26,2026-05-26 06:08,2026-05-29 05:45,Sí,Despulpado y refinado,PULPEADO,Terminada,552.2,156.0,2026-05-26 09:58,2026-05-29 05:45,2026-07-16 18:30:24
SEM/MO/00419,[PTEC004] PULPA DE GUAYABA GOYA USA UNIDAD 397 g,Units,HF PB 146 26,14000.0,8345.0,100.0,Terminada,2026-05-26,2026-05-26 06:08,2026-05-29 05:45,Sí,Pasteurizado,PASTEURIZACIÓN,Terminada,401.6,360.4,2026-05-26 10:54,2026-05-29 05:45,2026-07-16 18:30:24
SEM/MO/00419,[PTEC004] PULPA DE GUAYABA GOYA USA UNIDAD 397 g,Units,HF PB 146 26,14000.0,8345.0,100.0,Terminada,2026-05-26,2026-05-26 06:08,2026-05-29 05:45,Sí,Dosificado Automático,DOSIFICADO AUTOMÁTICO,Terminada,417.2,347.4,2026-05-26 13:01,2026-05-29 05:45,2026-07-16 18:30:24
SEM/MO/00419,[PTEC004] PULPA DE GUAYABA GOYA USA UNIDAD 397 g,Units,HF PB 146 26,14000.0,8345.0,100.0,Terminada,2026-05-26,2026-05-26 06:08,2026-05-29 05:45,Sí,Dosificado manual ,DOSIFICADO MANUAL,Terminada,441.7,131.3,2026-05-26 11:34,2026-05-29 05:45,2026-07-16 18:30:24
SEM/MO/00419,[PTEC004] PULPA DE GUAYABA GOYA USA UNIDAD 397 g,Units,HF PB 146 26,14000.0,8345.0,100.0,Terminada,2026-05-26,2026-05-26 06:08,2026-05-29 05:45,Sí,Etiquetado manual,ETIQUETADO,Terminada,250.3,199.2,2026-05-26 06:27,2026-05-29 05:45,2026-07-16 18:30:24
SEM/MO/00413,[MPI006] PULPA DE NARANJILLA MATERIA PRIMA,kg,L1412699,800.0,800.0,100.0,Terminada,2026-05-21,2026-05-26 08:56,2026-05-26 08:56,Sí,Proceso Manual ,DESPITONADO,Terminada,476.2,277.0,2026-05-26 08:56,2026-05-26 08:56,2026-07-16 18:30:24
SEM/MO/00413,[MPI006] PULPA DE NARANJILLA MATERIA PRIMA,kg,L1412699,800.0,800.0,100.0,Terminada,2026-05-21,2026-05-26 08:56,2026-05-26 08:56,Sí,Lavado y desinfección,LAVADO 2,Terminada,85.0,22.0,2026-05-26 08:56,2026-05-26 08:56,2026-07-16 18:30:24
SEM/MO/00413,[MPI006] PULPA DE NARANJILLA MATERIA PRIMA,kg,L1412699,800.0,800.0,100.0,Terminada,2026-05-21,2026-05-26 08:56,2026-05-26 08:56,Sí,Escaldado/descongelado,ESCALDADO,Terminada,160.1,110.0,2026-05-26 08:56,2026-05-26 08:56,2026-07-16 18:30:24
SEM/MO/00413,[MPI006] PULPA DE NARANJILLA MATERIA PRIMA,kg,L1412699,800.0,800.0,100.0,Terminada,2026-05-21,2026-05-26 08:56,2026-05-26 08:56,Sí,Despulpado y refinado,PULPEADO,Terminada,133.3,21.0,2026-05-26 08:56,2026-05-26 08:56,2026-07-16 18:30:24
SEM/MO/00413,[MPI006] PULPA DE NARANJILLA MATERIA PRIMA,kg,L1412699,800.0,800.0,100.0,Terminada,2026-05-21,2026-05-26 08:56,2026-05-26 08:56,Sí,Pasteurizado,PASTEURIZACIÓN,Terminada,96.8,139.0,2026-05-26 08:56,2026-05-26 08:56,2026-07-16 18:30:24
SEM/MO/00413,[MPI006] PULPA DE NARANJILLA MATERIA PRIMA,kg,L1412699,800.0,800.0,100.0,Terminada,2026-05-21,2026-05-26 08:56,2026-05-26 08:56,Sí,Envasado Manual,ENVASADO MANUAL,Terminada,48.0,30.0,2026-05-26 08:56,2026-05-26 08:56,2026-07-16 18:30:24
SEM/MO/00425,[PTEC003] PULPA DE NARANJILLA GOYA USA UNIDAD 397 g,,,1161.0,1161.0,100.0,Terminada,2026-05-21,2026-05-26 09:07,2026-05-26 10:52,Sí,,,,,,,,2026-07-16 18:30:24
SEM/MO/00426,[REP-PTEC003] (Reproceso) PULPA DE NARANJILLA GOYA USA UNIDAD 397 g ,,,1161.0,1161.0,100.0,Terminada,2026-05-21,2026-05-26 09:07,2026-05-26 10:22,No,,,,,,,,2026-07-16 18:30:24
SEM/MO/00414,[PULP005] PULPA DE NARANJILLA 16 KG,kg,L1412603,304.0,304.0,100.0,Terminada,2026-05-21,2026-05-26 09:11,2026-05-26 09:11,Sí,Proceso Manual ,DESPITONADO,Terminada,180.9,227.0,2026-05-26 09:11,2026-05-26 09:11,2026-07-16 18:30:24
SEM/MO/00414,[PULP005] PULPA DE NARANJILLA 16 KG,kg,L1412603,304.0,304.0,100.0,Terminada,2026-05-21,2026-05-26 09:11,2026-05-26 09:11,Sí,Lavado y desinfección,LAVADO 2,Terminada,32.3,90.0,2026-05-26 09:11,2026-05-26 09:11,2026-07-16 18:30:24
SEM/MO/00414,[PULP005] PULPA DE NARANJILLA 16 KG,kg,L1412603,304.0,304.0,100.0,Terminada,2026-05-21,2026-05-26 09:11,2026-05-26 09:11,Sí,Escaldado/descongelado,ESCALDADO,Terminada,60.8,109.0,2026-05-26 09:11,2026-05-26 09:11,2026-07-16 18:30:24
SEM/MO/00414,[PULP005] PULPA DE NARANJILLA 16 KG,kg,L1412603,304.0,304.0,100.0,Terminada,2026-05-21,2026-05-26 09:11,2026-05-26 09:11,Sí,Despulpado y refinado,PULPEADO,Terminada,50.7,40.0,2026-05-26 09:11,2026-05-26 09:11,2026-07-16 18:30:24
SEM/MO/00414,[PULP005] PULPA DE NARANJILLA 16 KG,kg,L1412603,304.0,304.0,100.0,Terminada,2026-05-21,2026-05-26 09:11,2026-05-26 09:11,Sí,Pasteurizado,PASTEURIZACIÓN,Terminada,36.8,42.0,2026-05-26 09:11,2026-05-26 09:11,2026-07-16 18:30:24
SEM/MO/00414,[PULP005] PULPA DE NARANJILLA 16 KG,kg,L1412603,304.0,304.0,100.0,Terminada,2026-05-21,2026-05-26 09:11,2026-05-26 09:11,Sí,Envasado Manual,ENVASADO MANUAL,Terminada,18.2,30.0,2026-05-26 09:11,2026-05-26 09:11,2026-07-16 18:30:24
SEM/MO/00402,[PTEXP006] TAMARILLO PULP 12 X 14 OZ,Caja de 12,HF PB 105 26,200.0,200.0,100.0,Terminada,2026-05-21,2026-05-26 09:14,2026-05-26 09:14,Sí,Encartonado,ENCARTONADO,Terminada,300.0,125.0,2026-05-26 09:14,2026-05-26 09:14,2026-07-16 18:30:24
SEM/MO/00406,[PTEXP009] PINEAPPLE PULP 12 X 14 OZ,Caja de 12,HF PB 110 26,220.0,220.0,100.0,Terminada,2026-05-21,2026-05-26 09:29,2026-05-26 09:29,Sí,Encartonado,ENCARTONADO,Terminada,330.0,195.0,2026-05-26 09:29,2026-05-26 09:29,2026-07-16 18:30:24
SEM/MO/00420,[PTEC006] PULPA DE TOMATE DE ARBOL GOYA USA UNIDAD 397 g,Units,HF PB 146 26,2000.0,2615.0,100.0,Terminada,2026-05-26,2026-05-26 09:46,2026-05-28 15:40,Sí,Liberación ,LIMPIEZA,Terminada,186.9,158.0,2026-05-26 13:05,2026-05-28 15:40,2026-07-16 18:30:24
SEM/MO/00420,[PTEC006] PULPA DE TOMATE DE ARBOL GOYA USA UNIDAD 397 g,Units,HF PB 146 26,2000.0,2615.0,100.0,Terminada,2026-05-26,2026-05-26 09:46,2026-05-28 15:40,Sí,Proceso Manual ,DESPITONADO,Terminada,492.8,215.8,2026-05-26 13:25,2026-05-28 15:40,2026-07-16 18:30:24
SEM/MO/00420,[PTEC006] PULPA DE TOMATE DE ARBOL GOYA USA UNIDAD 397 g,Units,HF PB 146 26,2000.0,2615.0,100.0,Terminada,2026-05-26,2026-05-26 09:46,2026-05-28 15:40,Sí,Lavado y desinfección,LAVADO 2,Terminada,131.4,17.4,2026-05-26 16:12,2026-05-28 15:40,2026-07-16 18:30:24
SEM/MO/00420,[PTEC006] PULPA DE TOMATE DE ARBOL GOYA USA UNIDAD 397 g,Units,HF PB 146 26,2000.0,2615.0,100.0,Terminada,2026-05-26,2026-05-26 09:46,2026-05-28 15:40,Sí,Despulpado y refinado,PULPEADO,Terminada,173.0,150.2,2026-05-26 16:41,2026-05-28 15:40,2026-07-16 18:30:24
SEM/MO/00420,[PTEC006] PULPA DE TOMATE DE ARBOL GOYA USA UNIDAD 397 g,Units,HF PB 146 26,2000.0,2615.0,100.0,Terminada,2026-05-26,2026-05-26 09:46,2026-05-28 15:40,Sí,Pasteurizado,PASTEURIZACIÓN,Terminada,125.8,66.3,2026-05-26 18:25,2026-05-28 15:40,2026-07-16 18:30:24
SEM/MO/00420,[PTEC006] PULPA DE TOMATE DE ARBOL GOYA USA UNIDAD 397 g,Units,HF PB 146 26,2000.0,2615.0,100.0,Terminada,2026-05-26,2026-05-26 09:46,2026-05-28 15:40,Sí,Dosificado manual ,DOSIFICADO MANUAL,Terminada,138.4,89.6,2026-05-26 21:00,2026-05-28 15:40,2026-07-16 18:30:24
SEM/MO/00420,[PTEC006] PULPA DE TOMATE DE ARBOL GOYA USA UNIDAD 397 g,Units,HF PB 146 26,2000.0,2615.0,100.0,Terminada,2026-05-26,2026-05-26 09:46,2026-05-28 15:40,Sí,Etiquetado manual,ETIQUETADO,Terminada,78.5,65.4,2026-05-26 09:46,2026-05-28 15:40,2026-07-16 18:30:24
SEM/MO/00410,[SALS005] SALSA DE DURAZNO EDULCORADA 15 KG,kg,L1422607,405.0,330.0,100.0,Terminada,2026-05-22,2026-05-26 15:53,2026-05-26 15:53,Sí,Picado,RALLADO,Terminada,57.9,105.0,2026-05-26 15:53,2026-05-26 15:53,2026-07-16 18:30:24
SEM/MO/00410,[SALS005] SALSA DE DURAZNO EDULCORADA 15 KG,kg,L1422607,405.0,330.0,100.0,Terminada,2026-05-22,2026-05-26 15:53,2026-05-26 15:53,Sí,Pasteurizado,PASTEURIZACIÓN,Terminada,39.9,30.0,2026-05-26 15:53,2026-05-26 15:53,2026-07-16 18:30:24
SEM/MO/00410,[SALS005] SALSA DE DURAZNO EDULCORADA 15 KG,kg,L1422607,405.0,330.0,100.0,Terminada,2026-05-22,2026-05-26 15:53,2026-05-26 15:53,Sí,Envasado Manual,ENVASADO MANUAL,Terminada,19.8,24.0,2026-05-26 15:53,2026-05-26 15:53,2026-07-16 18:30:24
SEM/MO/00435,[REP-PTEC004] (Reproceso) PULPA DE GUAYABA GOYA USA UNIDAD 397 g ,,,798.0,798.0,100.0,Terminada,2026-05-22,2026-05-26 16:21,2026-05-26 17:35,No,,,,,,,,2026-07-16 18:30:24
SEM/MO/00436,[PTEC004] PULPA DE GUAYABA GOYA USA UNIDAD 397 g,,,798.0,798.0,100.0,Terminada,2026-05-22,2026-05-26 16:22,2026-05-26 17:37,Sí,,,,,,,,2026-07-16 18:30:24
SEM/MO/00427,[MPI003] PULPA DE GUAYABA MATERIA PRIMA,kg,L1422699,1760.0,1760.0,100.0,Terminada,2026-05-22,2026-05-26 17:30,2026-05-26 17:30,Sí,Liberación ,LIMPIEZA,Terminada,105.6,156.0,2026-05-26 17:30,2026-05-26 17:30,2026-07-16 18:30:24
SEM/MO/00427,[MPI003] PULPA DE GUAYABA MATERIA PRIMA,kg,L1422699,1760.0,1760.0,100.0,Terminada,2026-05-22,2026-05-26 17:30,2026-05-26 17:30,Sí,Lavado y desinfección,LAVADO 2,Terminada,184.9,84.0,2026-05-26 17:30,2026-05-26 17:30,2026-07-16 18:30:24
SEM/MO/00427,[MPI003] PULPA DE GUAYABA MATERIA PRIMA,kg,L1422699,1760.0,1760.0,100.0,Terminada,2026-05-22,2026-05-26 17:30,2026-05-26 17:30,Sí,Despulpado y refinado,PULPEADO,Terminada,293.3,29.3,2026-05-26 17:30,2026-05-26 17:30,2026-07-16 18:30:24
SEM/MO/00427,[MPI003] PULPA DE GUAYABA MATERIA PRIMA,kg,L1422699,1760.0,1760.0,100.0,Terminada,2026-05-22,2026-05-26 17:30,2026-05-26 17:30,Sí,Pasteurizado,PASTEURIZACIÓN,Terminada,213.0,160.0,2026-05-26 17:30,2026-05-26 17:30,2026-07-16 18:30:24
SEM/MO/00427,[MPI003] PULPA DE GUAYABA MATERIA PRIMA,kg,L1422699,1760.0,1760.0,100.0,Terminada,2026-05-22,2026-05-26 17:30,2026-05-26 17:30,Sí,Envasado Manual,ENVASADO MANUAL,Terminada,105.6,60.0,2026-05-26 17:30,2026-05-26 17:30,2026-07-16 18:30:24
SEM/MO/00429,[PTEXP002] SOURSOP PULP 12 X 14 OZ,Caja de 12,HF PB 133 26,630.0,630.0,100.0,Terminada,2026-05-22,2026-05-26 18:29,2026-05-26 18:29,Sí,Encartonado,ENCARTONADO,Terminada,945.0,225.0,2026-05-26 18:29,2026-05-26 18:29,2026-07-16 18:30:24
SEM/MO/00428,[PTEXP002] SOURSOP PULP 12 X 14 OZ,Caja de 12,HF PB 138 26,210.0,210.0,100.0,Terminada,2026-05-22,2026-05-26 18:29,2026-05-26 18:29,Sí,Encartonado,ENCARTONADO,Terminada,315.0,90.0,2026-05-26 18:29,2026-05-26 18:29,2026-07-16 18:30:24
SEM/MO/00431,[PTEXP004] GUAVA PULP 12 X 14 OZ,Caja de 12,HF PB 134 26,630.0,1020.0,100.0,Terminada,2026-05-26,2026-05-26 19:14,2026-05-26 19:14,Sí,Encartonado,ENCARTONADO,Terminada,1530.0,330.0,2026-05-26 19:14,2026-05-26 19:14,2026-07-16 18:30:24
SEM/MO/00437,[PTEXP009] PINEAPPLE PULP 12 X 14 OZ,Caja de 12,HF PB 110 26,80.0,80.0,100.0,Terminada,2026-05-26,2026-05-26 19:16,2026-05-26 19:16,Sí,Encartonado,ENCARTONADO,Terminada,120.0,100.0,2026-05-26 19:16,2026-05-26 19:16,2026-07-16 18:30:24
SEM/MO/00432,[PTEXP003] NARANJILLA PULP 12 X 14 OZ,Caja de 12,HF PB 135 26,170.0,170.0,100.0,Terminada,2026-05-26,2026-05-26 19:21,2026-05-26 19:21,Sí,Encartonado,ENCARTONADO,Terminada,255.0,65.0,2026-05-26 19:21,2026-05-26 19:21,2026-07-16 18:30:24
SEM/MO/00442,[REP-PTEC004] (Reproceso) PULPA DE GUAYABA GOYA USA UNIDAD 397 g ,,,735.0,735.0,100.0,Terminada,2026-05-26,2026-05-26 21:55,2026-05-26 22:05,No,,,,,,,,2026-07-16 18:30:24
SEM/MO/00443,[PTEC004] PULPA DE GUAYABA GOYA USA UNIDAD 397 g,,,735.0,735.0,100.0,Terminada,2026-05-26,2026-05-26 21:58,2026-05-26 22:11,Sí,,,,,,,,2026-07-16 18:30:24
SEM/MO/00433,[PTEXP003] NARANJILLA PULP 12 X 14 OZ,Caja de 12,HF PB 141 26,210.0,210.0,100.0,Terminada,2026-05-26,2026-05-26 22:20,2026-05-26 22:20,Sí,Encartonado,ENCARTONADO,Terminada,315.0,105.0,2026-05-26 22:20,2026-05-26 22:20,2026-07-16 18:30:24
SEM/MO/00434,[PTEXP004] GUAVA PULP 12 X 14 OZ,Caja de 12,HF PB 125 26,210.0,210.0,100.0,Terminada,2026-05-26,2026-05-26 22:44,2026-05-26 22:44,Sí,Encartonado,ENCARTONADO,Terminada,315.0,170.8,2026-05-26 22:44,2026-05-26 22:44,2026-07-16 18:30:24
SEM/MO/00444,[PTEC003] PULPA DE NARANJILLA GOYA USA UNIDAD 397 g,Units,HF PB 147 26,8400.0,7811.0,100.0,Terminada,2026-05-27,2026-05-27 06:36,2026-05-30 15:26,Sí,Liberación ,LIMPIEZA,Terminada,558.2,141.2,2026-05-27 06:36,2026-05-30 15:26,2026-07-16 18:30:24
SEM/MO/00444,[PTEC003] PULPA DE NARANJILLA GOYA USA UNIDAD 397 g,Units,HF PB 147 26,8400.0,7811.0,100.0,Terminada,2026-05-27,2026-05-27 06:36,2026-05-30 15:26,Sí,Proceso Manual ,DESPITONADO,Terminada,1845.8,809.9,2026-05-27 06:37,2026-05-30 15:26,2026-07-16 18:30:24
SEM/MO/00444,[PTEC003] PULPA DE NARANJILLA GOYA USA UNIDAD 397 g,Units,HF PB 147 26,8400.0,7811.0,100.0,Terminada,2026-05-27,2026-05-27 06:36,2026-05-30 15:26,Sí,Lavado y desinfección,LAVADO 2,Terminada,329.6,195.7,2026-05-27 10:35,2026-05-30 15:26,2026-07-16 18:30:24
SEM/MO/00444,[PTEC003] PULPA DE NARANJILLA GOYA USA UNIDAD 397 g,Units,HF PB 147 26,8400.0,7811.0,100.0,Terminada,2026-05-27,2026-05-27 06:36,2026-05-30 15:26,Sí,Escaldado/descongelado,ESCALDADO,Terminada,620.4,142.0,2026-05-28 09:46,2026-05-30 15:26,2026-07-16 18:30:24
SEM/MO/00444,[PTEC003] PULPA DE NARANJILLA GOYA USA UNIDAD 397 g,Units,HF PB 147 26,8400.0,7811.0,100.0,Terminada,2026-05-27,2026-05-27 06:36,2026-05-30 15:26,Sí,Despulpado y refinado,PULPEADO,Terminada,516.8,463.8,2026-05-28 06:30,2026-05-30 15:26,2026-07-16 18:30:24
SEM/MO/00444,[PTEC003] PULPA DE NARANJILLA GOYA USA UNIDAD 397 g,Units,HF PB 147 26,8400.0,7811.0,100.0,Terminada,2026-05-27,2026-05-27 06:36,2026-05-30 15:26,Sí,Pasteurizado,PASTEURIZACIÓN,Terminada,375.9,388.7,2026-05-27 20:57,2026-05-30 15:26,2026-07-16 18:30:24
SEM/MO/00444,[PTEC003] PULPA DE NARANJILLA GOYA USA UNIDAD 397 g,Units,HF PB 147 26,8400.0,7811.0,100.0,Terminada,2026-05-27,2026-05-27 06:36,2026-05-30 15:26,Sí,Dosificado Automático,DOSIFICADO AUTOMÁTICO,Terminada,390.6,294.5,2026-05-28 07:55,2026-05-30 15:26,2026-07-16 18:30:24
SEM/MO/00444,[PTEC003] PULPA DE NARANJILLA GOYA USA UNIDAD 397 g,Units,HF PB 147 26,8400.0,7811.0,100.0,Terminada,2026-05-27,2026-05-27 06:36,2026-05-30 15:26,Sí,Dosificado manual ,DOSIFICADO MANUAL,Terminada,413.5,254.5,2026-05-27 12:07,2026-05-30 15:26,2026-07-16 18:30:24
SEM/MO/00444,[PTEC003] PULPA DE NARANJILLA GOYA USA UNIDAD 397 g,Units,HF PB 147 26,8400.0,7811.0,100.0,Terminada,2026-05-27,2026-05-27 06:36,2026-05-30 15:26,Sí,Etiquetado manual,ETIQUETADO,Terminada,234.3,85.1,2026-05-27 07:02,2026-05-30 15:26,2026-07-16 18:30:24
SEM/MO/00439,[PTEC015] PULPA DE MARACUYA MERICA UNIDAD 250 g,Units,L1472615,6000.0,6575.0,100.0,Terminada,2026-05-27,2026-05-27 06:58,2026-05-30 14:41,Sí,Lavado y desinfección,LAVADO 2,Terminada,377.9,327.3,2026-05-27 07:30,2026-05-30 14:41,2026-07-16 18:30:24
SEM/MO/00439,[PTEC015] PULPA DE MARACUYA MERICA UNIDAD 250 g,Units,L1472615,6000.0,6575.0,100.0,Terminada,2026-05-27,2026-05-27 06:58,2026-05-30 14:41,Sí,Despulpado y refinado,PULPEADO,Terminada,274.0,336.4,2026-05-27 07:49,2026-05-30 14:41,2026-07-16 18:30:24
SEM/MO/00439,[PTEC015] PULPA DE MARACUYA MERICA UNIDAD 250 g,Units,L1472615,6000.0,6575.0,100.0,Terminada,2026-05-27,2026-05-27 06:58,2026-05-30 14:41,Sí,Calentamiento,CALENTAMIENTO,Terminada,199.2,82.9,2026-05-27 10:36,2026-05-30 14:41,2026-07-16 18:30:24
SEM/MO/00439,[PTEC015] PULPA DE MARACUYA MERICA UNIDAD 250 g,Units,L1472615,6000.0,6575.0,100.0,Terminada,2026-05-27,2026-05-27 06:58,2026-05-30 14:41,Sí,Dosificado manual ,DOSIFICADO MANUAL,Terminada,125.9,219.6,2026-05-27 16:08,2026-05-27 17:31,2026-07-16 18:30:24
SEM/MO/00439,[PTEC015] PULPA DE MARACUYA MERICA UNIDAD 250 g,Units,L1472615,6000.0,6575.0,100.0,Terminada,2026-05-27,2026-05-27 06:58,2026-05-30 14:41,Sí,Etiquetado manual,ETIQUETADO,Terminada,197.2,152.0,2026-05-27 07:02,2026-05-30 14:41,2026-07-16 18:30:24
SEM/MO/00439,[PTEC015] PULPA DE MARACUYA MERICA UNIDAD 250 g,Units,L1472615,6000.0,6575.0,100.0,Terminada,2026-05-27,2026-05-27 06:58,2026-05-30 14:41,Sí,Limpieza,LIMPIEZA,Terminada,0.0,98.3,2026-05-27 06:58,2026-05-30 14:41,2026-07-16 18:30:24
SEM/MO/00440,[PULP017] PULPA DE MORA 16 KG,kg,L1472603,1504.0,1504.0,100.0,Terminada,2026-05-27,2026-05-27 06:59,2026-05-30 12:17,Sí,Liberación ,LIMPIEZA,Terminada,90.2,75.5,2026-05-27 16:10,2026-05-30 12:17,2026-07-16 18:30:24
SEM/MO/00440,[PULP017] PULPA DE MORA 16 KG,kg,L1472603,1504.0,1504.0,100.0,Terminada,2026-05-27,2026-05-27 06:59,2026-05-30 12:17,Sí,Escaldado/descongelado,ESCALDADO,Terminada,265.0,125.2,2026-05-27 16:42,2026-05-30 12:17,2026-07-16 18:30:24
SEM/MO/00440,[PULP017] PULPA DE MORA 16 KG,kg,L1472603,1504.0,1504.0,100.0,Terminada,2026-05-27,2026-05-27 06:59,2026-05-30 12:17,Sí,Despulpado y refinado,PULPEADO,Terminada,250.7,84.6,2026-05-27 17:21,2026-05-30 12:17,2026-07-16 18:30:24
SEM/MO/00440,[PULP017] PULPA DE MORA 16 KG,kg,L1472603,1504.0,1504.0,100.0,Terminada,2026-05-27,2026-05-27 06:59,2026-05-30 12:17,Sí,Pasteurizado,PASTEURIZACIÓN,Terminada,182.0,83.8,2026-05-27 18:07,2026-05-30 12:17,2026-07-16 18:30:24
SEM/MO/00440,[PULP017] PULPA DE MORA 16 KG,kg,L1472603,1504.0,1504.0,100.0,Terminada,2026-05-27,2026-05-27 06:59,2026-05-30 12:17,Sí,Envasado Manual,ENVASADO MANUAL,Terminada,90.2,100.6,2026-05-27 17:50,2026-05-30 12:17,2026-07-16 18:30:24
SEM/MO/00440,[PULP017] PULPA DE MORA 16 KG,kg,L1472603,1504.0,1504.0,100.0,Terminada,2026-05-27,2026-05-27 06:59,2026-05-30 12:17,Sí,Lavado de tachos,TACHOS,Terminada,0.0,58.1,2026-05-27 06:59,2026-05-30 12:17,2026-07-16 18:30:24
SEM/MO/00445,[REP-PTEC004] (Reproceso) PULPA DE GUAYABA GOYA USA UNIDAD 397 g ,,,375.0,375.0,100.0,Terminada,2026-05-26,2026-05-27 11:22,2026-05-28 09:12,No,,,,,,,,2026-07-16 18:30:24
SEM/MO/00441,[PULP020] PULPA DE MORA 14KG,kg,L1472609,590.0,602.0,100.0,Terminada,2026-05-27,2026-05-27 18:40,2026-05-30 12:14,Sí,Escaldado/descongelado,ESCALDADO,Terminada,106.1,55.1,2026-05-27 18:47,2026-05-30 12:14,2026-07-16 18:30:24
SEM/MO/00441,[PULP020] PULPA DE MORA 14KG,kg,L1472609,590.0,602.0,100.0,Terminada,2026-05-27,2026-05-27 18:40,2026-05-30 12:14,Sí,Despulpado y refinado,PULPEADO,Terminada,100.3,58.0,2026-05-27 18:47,2026-05-30 12:14,2026-07-16 18:30:24
SEM/MO/00441,[PULP020] PULPA DE MORA 14KG,kg,L1472609,590.0,602.0,100.0,Terminada,2026-05-27,2026-05-27 18:40,2026-05-30 12:14,Sí,Pasteurizado,PASTEURIZACIÓN,Terminada,72.8,15.0,2026-05-28 15:44,2026-05-30 12:14,2026-07-16 18:30:24
SEM/MO/00441,[PULP020] PULPA DE MORA 14KG,kg,L1472609,590.0,602.0,100.0,Terminada,2026-05-27,2026-05-27 18:40,2026-05-30 12:14,Sí,Envasado Manual,ENVASADO MANUAL,Terminada,36.1,49.2,2026-05-27 18:40,2026-05-30 12:14,2026-07-16 18:30:24
SEM/MO/00460,[REP-PTEC018] (Reproceso) PULPA DE GUANABANA MERICA UNIDAD 250 g,,,225.0,225.0,100.0,Terminada,2026-05-28,2026-05-28 09:09,2026-05-30 16:16,Sí,,,,,,,,2026-07-16 18:30:24
SEM/MO/00459,[REP-PTEC002] (Reproceso) PULPA DE GUANABANA GOYA USA UNIDAD 397 g,,,111.0,112.0,100.9,Terminada,2026-05-28,2026-05-28 11:06,2026-05-30 16:03,No,,,,,,,,2026-07-16 18:30:24
SEM/MO/00449,[PTEXP002] SOURSOP PULP 12 X 14 OZ,Caja de 12,HF PB 131 26,68.0,68.0,100.0,Terminada,2026-05-27,2026-05-28 13:22,2026-05-28 13:22,Sí,Encartonado,ENCARTONADO,Terminada,102.0,55.0,2026-05-28 13:22,2026-05-28 13:22,2026-07-16 18:30:24
SEM/MO/00430,[PTEXP002] SOURSOP PULP 12 X 14 OZ,Caja de 12,HF PB 131 26,210.0,142.0,100.0,Terminada,2026-05-22,2026-05-28 13:23,2026-05-28 13:23,Sí,Encartonado,ENCARTONADO,Terminada,213.0,40.0,2026-05-28 13:23,2026-05-28 13:23,2026-07-16 18:30:24
SEM/MO/00438,[PTEXP002] SOURSOP PULP 12 X 14 OZ,Caja de 12,HF PB 131 26,210.0,210.0,100.0,Terminada,2026-05-27,2026-05-28 13:43,2026-05-28 13:43,Sí,Encartonado,ENCARTONADO,Terminada,315.0,105.0,2026-05-28 13:43,2026-05-28 13:43,2026-07-16 18:30:24
SEM/MO/00448,[PTEXP004] GUAVA PULP 12 X 14 OZ,Caja de 12,HF PB 142 26,630.0,630.0,100.0,Terminada,2026-05-27,2026-05-28 13:57,2026-05-28 13:57,Sí,Encartonado,ENCARTONADO,Terminada,945.0,355.0,2026-05-28 13:57,2026-05-28 13:57,2026-07-16 18:30:24
SEM/MO/00446,[PTEC002] PULPA DE GUANABANA GOYA USA UNIDAD 397 g,Units,HF PB 148 26,12000.0,14899.0,100.0,Terminada,2026-05-28,2026-05-28 14:48,2026-05-31 00:16,Sí,Liberación ,LIMPIEZA,Terminada,1064.7,124.8,2026-05-30 08:55,2026-05-31 00:16,2026-07-16 18:30:24
SEM/MO/00446,[PTEC002] PULPA DE GUANABANA GOYA USA UNIDAD 397 g,Units,HF PB 148 26,12000.0,14899.0,100.0,Terminada,2026-05-28,2026-05-28 14:48,2026-05-31 00:16,Sí,Escaldado/descongelado,ESCALDADO,Terminada,1288.7,363.1,2026-05-28 14:48,2026-05-31 00:16,2026-07-16 18:30:24
SEM/MO/00446,[PTEC002] PULPA DE GUANABANA GOYA USA UNIDAD 397 g,Units,HF PB 148 26,12000.0,14899.0,100.0,Terminada,2026-05-28,2026-05-28 14:48,2026-05-31 00:16,Sí,Despulpado y refinado,PULPEADO,Terminada,985.8,328.7,2026-05-28 14:48,2026-05-31 00:16,2026-07-16 18:30:24
SEM/MO/00446,[PTEC002] PULPA DE GUANABANA GOYA USA UNIDAD 397 g,Units,HF PB 148 26,12000.0,14899.0,100.0,Terminada,2026-05-28,2026-05-28 14:48,2026-05-31 00:16,Sí,Homogenizado,HOMOGENIZACIÓN,Terminada,147.9,280.0,2026-05-28 15:19,2026-05-31 00:16,2026-07-16 18:30:24
SEM/MO/00446,[PTEC002] PULPA DE GUANABANA GOYA USA UNIDAD 397 g,Units,HF PB 148 26,12000.0,14899.0,100.0,Terminada,2026-05-28,2026-05-28 14:48,2026-05-31 00:16,Sí,Pasteurizado,PASTEURIZACIÓN,Terminada,717.0,323.5,2026-05-28 14:50,2026-05-31 00:16,2026-07-16 18:30:24
SEM/MO/00446,[PTEC002] PULPA DE GUANABANA GOYA USA UNIDAD 397 g,Units,HF PB 148 26,12000.0,14899.0,100.0,Terminada,2026-05-28,2026-05-28 14:48,2026-05-31 00:16,Sí,Dosificado Automático,DOSIFICADO AUTOMÁTICO,Terminada,745.0,270.9,2026-05-28 16:36,2026-05-31 00:16,2026-07-16 18:30:24
SEM/MO/00446,[PTEC002] PULPA DE GUANABANA GOYA USA UNIDAD 397 g,Units,HF PB 148 26,12000.0,14899.0,100.0,Terminada,2026-05-28,2026-05-28 14:48,2026-05-31 00:16,Sí,Dosificado manual ,DOSIFICADO MANUAL,Terminada,788.6,222.0,2026-05-28 16:42,2026-05-31 00:16,2026-07-16 18:30:24
SEM/MO/00446,[PTEC002] PULPA DE GUANABANA GOYA USA UNIDAD 397 g,Units,HF PB 148 26,12000.0,14899.0,100.0,Terminada,2026-05-28,2026-05-28 14:48,2026-05-31 00:16,Sí,Etiquetado manual,ETIQUETADO,Terminada,447.0,192.8,2026-05-28 21:16,2026-05-31 00:16,2026-07-16 18:30:24
SEM/MO/00453,[REP-PTEC006] (Reproceso) PULPA DE TOMATE DE ARBOL GOYA USA UNIDAD 397 g,,,739.0,739.0,100.0,Terminada,2026-05-26,2026-05-28 15:41,2026-05-30 14:48,No,,,,,,,,2026-07-16 18:30:24
SEM/MO/00455,[REP-PTEC004] (Reproceso) PULPA DE GUAYABA GOYA USA UNIDAD 397 g ,,,1241.0,1241.0,100.0,Terminada,2026-05-26,2026-05-29 05:45,2026-05-31 20:25,No,,,,,,,,2026-07-16 18:30:24
SEM/MO/00458,[PTEC004] PULPA DE GUAYABA GOYA USA UNIDAD 397 g,,,1241.0,1241.0,100.0,Terminada,2026-05-26,2026-05-29 05:46,2026-05-31 20:26,Sí,,,,,,,,2026-07-16 18:30:24
SEM/MO/00450,[FRUTP005] FRESA PICADA 16 KG,kg,L1492612,1600.0,1744.0,100.0,Terminada,2026-05-29,2026-05-29 06:05,2026-05-31 00:24,Sí,Liberación ,LIMPIEZA,Terminada,104.6,36.9,2026-05-29 06:05,2026-05-31 00:24,2026-07-16 18:30:24
SEM/MO/00450,[FRUTP005] FRESA PICADA 16 KG,kg,L1492612,1600.0,1744.0,100.0,Terminada,2026-05-29,2026-05-29 06:05,2026-05-31 00:24,Sí,Lavado y desinfección,LAVADO 2,Terminada,132.1,255.3,2026-05-29 06:42,2026-05-31 00:24,2026-07-16 18:30:24
SEM/MO/00450,[FRUTP005] FRESA PICADA 16 KG,kg,L1492612,1600.0,1744.0,100.0,Terminada,2026-05-29,2026-05-29 06:05,2026-05-31 00:24,Sí,Picado e inspección,RALLADO,Terminada,489.5,263.8,2026-05-29 07:49,2026-05-31 00:24,2026-07-16 18:30:24
SEM/MO/00450,[FRUTP005] FRESA PICADA 16 KG,kg,L1492612,1600.0,1744.0,100.0,Terminada,2026-05-29,2026-05-29 06:05,2026-05-31 00:24,Sí,Envasado Manual,ENVASADO MANUAL,Terminada,104.6,210.4,2026-05-29 07:23,2026-05-31 00:24,2026-07-16 18:30:24
SEM/MO/00450,[FRUTP005] FRESA PICADA 16 KG,kg,L1492612,1600.0,1744.0,100.0,Terminada,2026-05-29,2026-05-29 06:05,2026-05-31 00:24,Sí,Lavado de tachos,TACHOS,Terminada,0.0,180.0,2026-05-30 08:00,2026-05-31 00:24,2026-07-16 18:30:24
SEM/MO/00451,[PTEC005] PULPA DE MORA GOYA USA UNIDAD 397 g,Units,HF PB 149 26,7500.0,8369.0,100.0,Terminada,2026-05-29,2026-05-29 06:06,2026-05-31 16:28,Sí,Liberación ,LIMPIEZA,Terminada,598.0,94.4,2026-05-29 06:06,2026-05-31 16:28,2026-07-16 18:30:24
SEM/MO/00451,[PTEC005] PULPA DE MORA GOYA USA UNIDAD 397 g,Units,HF PB 149 26,7500.0,8369.0,100.0,Terminada,2026-05-29,2026-05-29 06:06,2026-05-31 16:28,Sí,Escaldado/descongelado,ESCALDADO,Terminada,585.4,387.1,2026-05-29 06:07,2026-05-31 16:28,2026-07-16 18:30:24
SEM/MO/00451,[PTEC005] PULPA DE MORA GOYA USA UNIDAD 397 g,Units,HF PB 149 26,7500.0,8369.0,100.0,Terminada,2026-05-29,2026-05-29 06:06,2026-05-31 16:28,Sí,Despulpado y refinado,PULPEADO,Terminada,553.8,387.0,2026-05-29 06:42,2026-05-31 16:28,2026-07-16 18:30:24
SEM/MO/00451,[PTEC005] PULPA DE MORA GOYA USA UNIDAD 397 g,Units,HF PB 149 26,7500.0,8369.0,100.0,Terminada,2026-05-29,2026-05-29 06:06,2026-05-31 16:28,Sí,Pasteurizado,PASTEURIZACIÓN,Terminada,402.7,115.9,2026-05-29 07:49,2026-05-31 16:28,2026-07-16 18:30:24
SEM/MO/00451,[PTEC005] PULPA DE MORA GOYA USA UNIDAD 397 g,Units,HF PB 149 26,7500.0,8369.0,100.0,Terminada,2026-05-29,2026-05-29 06:06,2026-05-31 16:28,Sí,Dosificado Automático,DOSIFICADO AUTOMÁTICO,Terminada,418.4,420.2,2026-05-29 07:59,2026-05-31 16:28,2026-07-16 18:30:24
SEM/MO/00451,[PTEC005] PULPA DE MORA GOYA USA UNIDAD 397 g,Units,HF PB 149 26,7500.0,8369.0,100.0,Terminada,2026-05-29,2026-05-29 06:06,2026-05-31 16:28,Sí,Dosificado manual ,DOSIFICADO MANUAL,Terminada,443.0,120.6,2026-05-29 12:47,2026-05-31 16:28,2026-07-16 18:30:24
SEM/MO/00451,[PTEC005] PULPA DE MORA GOYA USA UNIDAD 397 g,Units,HF PB 149 26,7500.0,8369.0,100.0,Terminada,2026-05-29,2026-05-29 06:06,2026-05-31 16:28,Sí,Etiquetado manual,ETIQUETADO,Terminada,251.1,137.2,2026-05-29 07:49,2026-05-31 16:28,2026-07-16 18:30:24
SEM/MO/00452,[PTEC004] PULPA DE GUAYABA GOYA USA UNIDAD 397 g,Units,HF PB 146 26,14000.0,9788.0,100.0,Terminada,2026-05-29,2026-05-29 11:32,2026-05-31 20:13,Sí,Liberación ,LIMPIEZA,Terminada,699.5,118.5,2026-05-29 13:09,2026-05-31 20:13,2026-07-16 18:30:24
SEM/MO/00452,[PTEC004] PULPA DE GUAYABA GOYA USA UNIDAD 397 g,Units,HF PB 146 26,14000.0,9788.0,100.0,Terminada,2026-05-29,2026-05-29 11:32,2026-05-31 20:13,Sí,Lavado y desinfección,LAVADO 2,Terminada,428.3,52.9,2026-05-29 13:42,2026-05-31 20:13,2026-07-16 18:30:24
SEM/MO/00452,[PTEC004] PULPA DE GUAYABA GOYA USA UNIDAD 397 g,Units,HF PB 146 26,14000.0,9788.0,100.0,Terminada,2026-05-29,2026-05-29 11:32,2026-05-31 20:13,Sí,Despulpado y refinado,PULPEADO,Terminada,647.6,31.4,2026-05-29 13:50,2026-05-31 20:13,2026-07-16 18:30:24
SEM/MO/00452,[PTEC004] PULPA DE GUAYABA GOYA USA UNIDAD 397 g,Units,HF PB 146 26,14000.0,9788.0,100.0,Terminada,2026-05-29,2026-05-29 11:32,2026-05-31 20:13,Sí,Pasteurizado,PASTEURIZACIÓN,Terminada,471.0,342.5,2026-05-29 15:23,2026-05-31 20:13,2026-07-16 18:30:24
SEM/MO/00452,[PTEC004] PULPA DE GUAYABA GOYA USA UNIDAD 397 g,Units,HF PB 146 26,14000.0,9788.0,100.0,Terminada,2026-05-29,2026-05-29 11:32,2026-05-31 20:13,Sí,Dosificado Automático,DOSIFICADO AUTOMÁTICO,Terminada,489.4,255.6,2026-05-29 16:59,2026-05-31 20:13,2026-07-16 18:30:24
SEM/MO/00452,[PTEC004] PULPA DE GUAYABA GOYA USA UNIDAD 397 g,Units,HF PB 146 26,14000.0,9788.0,100.0,Terminada,2026-05-29,2026-05-29 11:32,2026-05-31 20:13,Sí,Dosificado manual ,DOSIFICADO MANUAL,Terminada,518.1,306.8,2026-05-29 16:59,2026-05-31 20:13,2026-07-16 18:30:24
SEM/MO/00452,[PTEC004] PULPA DE GUAYABA GOYA USA UNIDAD 397 g,Units,HF PB 146 26,14000.0,9788.0,100.0,Terminada,2026-05-29,2026-05-29 11:32,2026-05-31 20:13,Sí,Etiquetado manual,ETIQUETADO,Terminada,293.6,90.4,2026-05-29 11:32,2026-05-31 20:13,2026-07-16 18:30:24
SEM/MO/00463,[REP-PTEC005] (Reproceso) PULPA DE MORA GOYA USA UNIDAD 397 g,,,104.0,119.0,114.4,Terminada,2026-05-29,2026-05-29 19:09,2026-05-31 16:19,No,,,,,,,,2026-07-16 18:30:24
SEM/MO/00464,[REP-PTEC016] (Reproceso) PULPA DE MORA MERICA UNIDAD 250 g ,,,22.0,56.0,254.5,Terminada,2026-05-29,2026-05-29 19:11,2026-05-31 16:23,Sí,,,,,,,,2026-07-16 18:30:24
SEM/MO/00480,[REP-PTEC004] (Reproceso) PULPA DE GUAYABA GOYA USA UNIDAD 397 g ,,,154.0,159.0,103.2,Terminada,2026-05-29,2026-05-29 20:54,2026-05-31 20:03,No,,,,,,,,2026-07-16 18:30:24
SEM/MO/00481,[REP-PTEC017] (Reproceso) PULPA DE GUAYABA MERICA UNIDAD 250 g,,,264.0,264.0,100.0,Terminada,2026-05-29,2026-05-29 20:55,2026-05-31 20:09,Sí,,,,,,,,2026-07-16 18:30:24
SEM/MO/00473,[REP-PTEC015] (Reproceso) PULPA DE MARACUYA MERICA UNIDAD 250 g,,,218.0,218.0,100.0,Terminada,2026-05-27,2026-05-30 14:31,2026-05-30 14:45,No,,,,,,,,2026-07-16 18:30:24
SEM/MO/00474,[PTEC015] PULPA DE MARACUYA MERICA UNIDAD 250 g,,,218.0,218.0,100.0,Terminada,2026-05-27,2026-05-30 14:32,2026-05-30 14:46,Sí,,,,,,,,2026-07-16 18:30:24
SEM/MO/00475,[PTEC006] PULPA DE TOMATE DE ARBOL GOYA USA UNIDAD 397 g,,,739.0,739.0,100.0,Terminada,2026-05-26,2026-05-30 14:49,2026-05-30 14:50,Sí,,,,,,,,2026-07-16 18:30:24
SEM/MO/00476,[REP-PTEC003] (Reproceso) PULPA DE NARANJILLA GOYA USA UNIDAD 397 g ,,,1983.0,1983.0,100.0,Terminada,2026-05-28,2026-05-30 15:27,2026-05-30 15:29,No,,,,,,,,2026-07-16 18:30:24
SEM/MO/00477,[PTEC003] PULPA DE NARANJILLA GOYA USA UNIDAD 397 g,,,1983.0,1983.0,100.0,Terminada,2026-05-28,2026-05-30 15:29,2026-05-30 15:31,Sí,,,,,,,,2026-07-16 18:30:24
SEM/MO/00478,[REP-PTEC002] (Reproceso) PULPA DE GUANABANA GOYA USA UNIDAD 397 g,,,2013.0,2013.0,100.0,Terminada,2026-05-22,2026-05-30 15:33,2026-05-30 15:35,No,,,,,,,,2026-07-16 18:30:24
SEM/MO/00479,[PTEC002] PULPA DE GUANABANA GOYA USA UNIDAD 397 g,,,2013.0,2013.0,100.0,Terminada,2026-05-22,2026-05-30 15:35,2026-05-30 15:37,Sí,,,,,,,,2026-07-16 18:30:24
SEM/MO/00462,[PTEXP005] BLACKBERRY PULP 12 X 14 OZ,Caja de 12,HF PB 098 26,210.0,210.0,100.0,Terminada,2026-05-28,2026-05-30 15:48,2026-05-30 15:48,Sí,Encartonado,ENCARTONADO,Terminada,315.0,100.0,2026-05-30 15:48,2026-05-30 15:48,2026-07-16 18:30:24
SEM/MO/00461,[PTEXP004] GUAVA PULP 12 X 14 OZ,Caja de 12,HF PB 146 26,420.0,420.0,100.0,Terminada,2026-05-28,2026-05-30 16:13,2026-05-30 16:13,Sí,Encartonado,ENCARTONADO,Terminada,630.0,240.0,2026-05-30 16:13,2026-05-30 16:13,2026-07-16 18:30:24
SEM/MO/00467,[PTEXP002] SOURSOP PULP 12 X 14 OZ,Caja de 12,HF PB 138 26,630.0,630.0,100.0,Terminada,2026-05-29,2026-05-30 16:31,2026-05-30 16:31,Sí,Encartonado,ENCARTONADO,Terminada,945.0,315.0,2026-05-30 16:31,2026-05-30 16:31,2026-07-16 18:30:24
SEM/MO/00482,[REP-PTEC002] (Reproceso) PULPA DE GUANABANA GOYA USA UNIDAD 397 g,,,1863.0,1863.0,100.0,Terminada,2026-05-28,2026-05-31 00:17,2026-05-31 00:19,No,,,,,,,,2026-07-16 18:30:24
SEM/MO/00483,[PTEC002] PULPA DE GUANABANA GOYA USA UNIDAD 397 g,,,1863.0,1863.0,100.0,Terminada,2026-05-28,2026-05-31 00:19,2026-05-31 00:21,Sí,,,,,,,,2026-07-16 18:30:24
SEM/MO/00469,[PTEXP008] PAPAYA PULP 12 X 14 OZ,Caja de 12,HF PB 133 26,630.0,630.0,100.0,Terminada,2026-05-29,2026-05-31 00:43,2026-05-31 00:43,Sí,Encartonado,ENCARTONADO,Terminada,945.0,240.0,2026-05-31 00:43,2026-05-31 00:43,2026-07-16 18:30:24
SEM/MO/00484,[REP-PTEC005] (Reproceso) PULPA DE MORA GOYA USA UNIDAD 397 g,,,331.0,331.0,100.0,Terminada,2026-05-29,2026-05-31 16:31,2026-05-31 16:33,No,,,,,,,,2026-07-16 18:30:24
SEM/MO/00485,[PTEC005] PULPA DE MORA GOYA USA UNIDAD 397 g,,,331.0,331.0,100.0,Terminada,2026-05-29,2026-05-31 16:33,2026-05-31 16:34,Sí,,,,,,,,2026-07-16 18:30:24
SEM/MO/00466,[MPI003] PULPA DE GUAYABA MATERIA PRIMA,kg,L1492699,1600.0,2375.0,100.0,Terminada,2026-05-29,2026-05-31 17:04,2026-05-31 17:04,Sí,Liberación ,LIMPIEZA,Terminada,142.5,40.0,2026-05-31 17:04,2026-05-31 17:04,2026-07-16 18:30:24
SEM/MO/00466,[MPI003] PULPA DE GUAYABA MATERIA PRIMA,kg,L1492699,1600.0,2375.0,100.0,Terminada,2026-05-29,2026-05-31 17:04,2026-05-31 17:04,Sí,Lavado y desinfección,LAVADO 2,Terminada,249.5,90.0,2026-05-31 17:04,2026-05-31 17:04,2026-07-16 18:30:24
SEM/MO/00466,[MPI003] PULPA DE GUAYABA MATERIA PRIMA,kg,L1492699,1600.0,2375.0,100.0,Terminada,2026-05-29,2026-05-31 17:04,2026-05-31 17:04,Sí,Despulpado y refinado,PULPEADO,Terminada,395.8,200.0,2026-05-31 17:04,2026-05-31 17:04,2026-07-16 18:30:24
SEM/MO/00466,[MPI003] PULPA DE GUAYABA MATERIA PRIMA,kg,L1492699,1600.0,2375.0,100.0,Terminada,2026-05-29,2026-05-31 17:04,2026-05-31 17:04,Sí,Pasteurizado,PASTEURIZACIÓN,Terminada,287.4,151.4,2026-05-29 20:36,2026-05-31 17:04,2026-07-16 18:30:24
SEM/MO/00466,[MPI003] PULPA DE GUAYABA MATERIA PRIMA,kg,L1492699,1600.0,2375.0,100.0,Terminada,2026-05-29,2026-05-31 17:04,2026-05-31 17:04,Sí,Envasado Manual,ENVASADO MANUAL,Terminada,142.5,145.2,2026-05-31 08:00,2026-05-31 17:04,2026-07-16 18:30:24
SEM/MO/00486,[REP-PTEC004] (Reproceso) PULPA DE GUAYABA GOYA USA UNIDAD 397 g ,,,529.0,529.0,100.0,Terminada,2026-05-29,2026-05-31 20:14,2026-05-31 20:15,No,,,,,,,,2026-07-16 18:30:24
SEM/MO/00487,[PTEC004] PULPA DE GUAYABA GOYA USA UNIDAD 397 g,,,529.0,529.0,100.0,Terminada,2026-05-29,2026-05-31 20:16,2026-05-31 20:20,Sí,,,,,,,,2026-07-16 18:30:24
SEM/MO/00471,[FRUTP005] FRESA PICADA 16 KG,kg,L1522612,704.0,800.0,100.0,Terminada,2026-06-01,2026-06-01 06:06,2026-06-01 16:49,Sí,Liberación ,LIMPIEZA,Terminada,48.0,68.0,2026-06-01 06:07,2026-06-01 16:49,2026-07-16 18:30:24
SEM/MO/00471,[FRUTP005] FRESA PICADA 16 KG,kg,L1522612,704.0,800.0,100.0,Terminada,2026-06-01,2026-06-01 06:06,2026-06-01 16:49,Sí,Lavado y desinfección,LAVADO 2,Terminada,60.6,205.5,2026-06-01 07:15,2026-06-01 16:49,2026-07-16 18:30:24
SEM/MO/00471,[FRUTP005] FRESA PICADA 16 KG,kg,L1522612,704.0,800.0,100.0,Terminada,2026-06-01,2026-06-01 06:06,2026-06-01 16:49,Sí,Picado e inspección,RALLADO,Terminada,224.6,105.6,2026-06-01 08:21,2026-06-01 16:49,2026-07-16 18:30:24
SEM/MO/00471,[FRUTP005] FRESA PICADA 16 KG,kg,L1522612,704.0,800.0,100.0,Terminada,2026-06-01,2026-06-01 06:06,2026-06-01 16:49,Sí,Envasado Manual,ENVASADO MANUAL,Terminada,48.0,82.5,2026-06-01 08:44,2026-06-01 16:49,2026-07-16 18:30:24
SEM/MO/00471,[FRUTP005] FRESA PICADA 16 KG,kg,L1522612,704.0,800.0,100.0,Terminada,2026-06-01,2026-06-01 06:06,2026-06-01 16:49,Sí,Tachos,TACHOS,Terminada,0.0,182.3,2026-06-01 06:06,2026-06-01 16:49,2026-07-16 18:30:24
SEM/MO/00468,[PTEC002] PULPA DE GUANABANA GOYA USA UNIDAD 397 g,Units,HF PB 152 26,13000.0,14164.0,100.0,Terminada,2026-06-01,2026-06-01 06:07,2026-06-02 13:56,Sí,Liberación ,LIMPIEZA,Terminada,1012.2,90.7,2026-06-01 06:07,2026-06-02 13:56,2026-07-16 18:30:24
SEM/MO/00468,[PTEC002] PULPA DE GUANABANA GOYA USA UNIDAD 397 g,Units,HF PB 152 26,13000.0,14164.0,100.0,Terminada,2026-06-01,2026-06-01 06:07,2026-06-02 13:56,Sí,Escaldado/descongelado,ESCALDADO,Terminada,1225.1,519.2,2026-06-01 07:22,2026-06-02 13:56,2026-07-16 18:30:24
SEM/MO/00468,[PTEC002] PULPA DE GUANABANA GOYA USA UNIDAD 397 g,Units,HF PB 152 26,13000.0,14164.0,100.0,Terminada,2026-06-01,2026-06-01 06:07,2026-06-02 13:56,Sí,Despulpado y refinado,PULPEADO,Terminada,937.2,496.5,2026-06-01 07:22,2026-06-02 13:56,2026-07-16 18:30:24
SEM/MO/00468,[PTEC002] PULPA DE GUANABANA GOYA USA UNIDAD 397 g,Units,HF PB 152 26,13000.0,14164.0,100.0,Terminada,2026-06-01,2026-06-01 06:07,2026-06-02 13:56,Sí,Homogenizado,HOMOGENIZACIÓN,Terminada,140.6,370.0,2026-06-01 12:58,2026-06-02 13:56,2026-07-16 18:30:24
SEM/MO/00468,[PTEC002] PULPA DE GUANABANA GOYA USA UNIDAD 397 g,Units,HF PB 152 26,13000.0,14164.0,100.0,Terminada,2026-06-01,2026-06-01 06:07,2026-06-02 13:56,Sí,Pasteurizado,PASTEURIZACIÓN,Terminada,681.6,383.0,2026-06-01 10:25,2026-06-02 13:56,2026-07-16 18:30:24
SEM/MO/00468,[PTEC002] PULPA DE GUANABANA GOYA USA UNIDAD 397 g,Units,HF PB 152 26,13000.0,14164.0,100.0,Terminada,2026-06-01,2026-06-01 06:07,2026-06-02 13:56,Sí,Dosificado Automático,DOSIFICADO AUTOMÁTICO,Terminada,708.2,648.3,2026-06-01 10:40,2026-06-02 13:56,2026-07-16 18:30:24
SEM/MO/00468,[PTEC002] PULPA DE GUANABANA GOYA USA UNIDAD 397 g,Units,HF PB 152 26,13000.0,14164.0,100.0,Terminada,2026-06-01,2026-06-01 06:07,2026-06-02 13:56,Sí,Dosificado manual ,DOSIFICADO MANUAL,Terminada,749.8,234.7,2026-06-01 14:16,2026-06-02 13:56,2026-07-16 18:30:24
SEM/MO/00468,[PTEC002] PULPA DE GUANABANA GOYA USA UNIDAD 397 g,Units,HF PB 152 26,13000.0,14164.0,100.0,Terminada,2026-06-01,2026-06-01 06:07,2026-06-02 13:56,Sí,Etiquetado manual,ETIQUETADO,Terminada,424.9,56.3,2026-06-01 10:07,2026-06-02 13:56,2026-07-16 18:30:24
SEM/MO/00470,[PTEC015] PULPA DE MARACUYA MERICA UNIDAD 250 g,Units,L1522615,6000.0,10090.0,100.0,Terminada,2026-06-01,2026-06-01 06:08,2026-06-02 17:36,Sí,Lavado y desinfección,LAVADO 2,Terminada,579.9,379.2,2026-06-01 17:46,2026-06-02 17:36,2026-07-16 18:30:24
SEM/MO/00470,[PTEC015] PULPA DE MARACUYA MERICA UNIDAD 250 g,Units,L1522615,6000.0,10090.0,100.0,Terminada,2026-06-01,2026-06-01 06:08,2026-06-02 17:36,Sí,Despulpado y refinado,PULPEADO,Terminada,420.4,417.5,2026-06-01 16:17,2026-06-02 17:36,2026-07-16 18:30:24
SEM/MO/00470,[PTEC015] PULPA DE MARACUYA MERICA UNIDAD 250 g,Units,L1522615,6000.0,10090.0,100.0,Terminada,2026-06-01,2026-06-01 06:08,2026-06-02 17:36,Sí,Calentamiento,CALENTAMIENTO,Terminada,305.8,194.0,2026-06-01 20:26,2026-06-02 17:36,2026-07-16 18:30:24
SEM/MO/00470,[PTEC015] PULPA DE MARACUYA MERICA UNIDAD 250 g,Units,L1522615,6000.0,10090.0,100.0,Terminada,2026-06-01,2026-06-01 06:08,2026-06-02 17:36,Sí,Dosificado manual ,DOSIFICADO MANUAL,Terminada,211.8,503.9,2026-06-01 21:48,2026-06-02 17:36,2026-07-16 18:30:24
SEM/MO/00470,[PTEC015] PULPA DE MARACUYA MERICA UNIDAD 250 g,Units,L1522615,6000.0,10090.0,100.0,Terminada,2026-06-01,2026-06-01 06:08,2026-06-02 17:36,Sí,Etiquetado manual,ETIQUETADO,Terminada,302.7,328.8,2026-06-01 07:15,2026-06-02 17:36,2026-07-16 18:30:24
SEM/MO/00470,[PTEC015] PULPA DE MARACUYA MERICA UNIDAD 250 g,Units,L1522615,6000.0,10090.0,100.0,Terminada,2026-06-01,2026-06-01 06:08,2026-06-02 17:36,Sí,Liberacion,LIMPIEZA,Terminada,0.0,332.9,2026-06-01 06:08,2026-06-02 17:36,2026-07-16 18:30:24
SEM/MO/00492,[PTEXP005] BLACKBERRY PULP 12 X 14 OZ,Caja de 12,HF PB 127 26,210.0,210.0,100.0,Terminada,2026-06-01,2026-06-01 17:28,2026-06-01 17:28,Sí,Encartonado,ENCARTONADO,Terminada,315.0,80.0,2026-06-01 17:28,2026-06-01 17:28,2026-07-16 18:30:24
SEM/MO/00494,[PTEXP004] GUAVA PULP 12 X 14 OZ,Caja de 12,HF PB 146 26,210.0,210.0,100.0,Terminada,2026-06-01,2026-06-01 19:32,2026-06-01 19:32,Sí,Encartonado,ENCARTONADO,Terminada,315.0,73.2,2026-06-01 19:32,2026-06-01 19:32,2026-07-16 18:30:24
SEM/MO/00491,[PTEXP005] BLACKBERRY PULP 12 X 14 OZ,Caja de 12,HF PB 149 26,630.0,630.0,100.0,Terminada,2026-06-01,2026-06-01 20:23,2026-06-01 20:23,Sí,Encartonado,ENCARTONADO,Terminada,945.0,507.0,2026-06-01 20:23,2026-06-01 20:23,2026-07-16 18:30:24
SEM/MO/00493,[PTEXP004] GUAVA PULP 12 X 14 OZ,Caja de 12,HF PB 142 26,210.0,210.0,100.0,Terminada,2026-06-01,2026-06-01 20:28,2026-06-01 20:28,Sí,Encartonado,ENCARTONADO,Terminada,315.0,114.4,2026-06-01 20:28,2026-06-01 20:28,2026-07-16 18:30:24
SEM/MO/00472,[PULP010] PULPA DE MARACUYA 10 KG,kg,L1522608,10.0,10.0,100.0,Terminada,2026-06-01,2026-06-01 20:55,2026-06-03 09:11,Sí,Pasteurizado,PASTEURIZACIÓN,Terminada,1.2,10.3,2026-06-01 20:55,2026-06-03 09:11,2026-07-16 18:30:24
SEM/MO/00472,[PULP010] PULPA DE MARACUYA 10 KG,kg,L1522608,10.0,10.0,100.0,Terminada,2026-06-01,2026-06-01 20:55,2026-06-03 09:11,Sí,Envasado Manual,ENVASADO MANUAL,Terminada,0.6,8.4,2026-06-01 21:10,2026-06-03 09:11,2026-07-16 18:30:24
SEM/MO/00490,[PULP025] PULPA DE MANGO 16 KG,kg,L1552602,512.0,512.0,100.0,Terminada,2026-06-04,2026-06-02 06:22,2026-06-09 08:22,Sí,Liberación ,LIMPIEZA,Terminada,30.7,80.8,2026-06-02 06:22,2026-06-09 08:22,2026-07-16 18:30:24
SEM/MO/00490,[PULP025] PULPA DE MANGO 16 KG,kg,L1552602,512.0,512.0,100.0,Terminada,2026-06-04,2026-06-02 06:22,2026-06-09 08:22,Sí,Pasteurizado,PASTEURIZACIÓN,Terminada,62.0,40.7,2026-06-02 14:39,2026-06-09 08:22,2026-07-16 18:30:24
SEM/MO/00490,[PULP025] PULPA DE MANGO 16 KG,kg,L1552602,512.0,512.0,100.0,Terminada,2026-06-04,2026-06-02 06:22,2026-06-09 08:22,Sí,Envasado Manual,ENVASADO MANUAL,Terminada,30.7,78.5,2026-06-04 16:54,2026-06-09 08:22,2026-07-16 18:30:24
SEM/MO/00490,[PULP025] PULPA DE MANGO 16 KG,kg,L1552602,512.0,512.0,100.0,Terminada,2026-06-04,2026-06-02 06:22,2026-06-09 08:22,Sí,Tachos,TACHOS,Terminada,0.0,89.8,2026-06-02 06:23,2026-06-09 08:22,2026-07-16 18:30:24
SEM/MO/00488,[PTEC009] PULPA DE PIÑA GOYA USA UNIDAD 397 g,Units,HF PB 153 26,7600.0,7015.0,100.0,Terminada,2026-06-02,2026-06-02 09:13,2026-06-03 09:29,Sí,Liberación ,LIMPIEZA,Terminada,501.3,200.2,2026-06-02 11:09,2026-06-03 09:29,2026-07-16 18:30:24
SEM/MO/00488,[PTEC009] PULPA DE PIÑA GOYA USA UNIDAD 397 g,Units,HF PB 153 26,7600.0,7015.0,100.0,Terminada,2026-06-02,2026-06-02 09:13,2026-06-03 09:29,Sí,Lavado y desinfección,LAVADO 2,Terminada,352.5,229.5,2026-06-02 09:13,2026-06-03 09:29,2026-07-16 18:30:24
SEM/MO/00488,[PTEC009] PULPA DE PIÑA GOYA USA UNIDAD 397 g,Units,HF PB 153 26,7600.0,7015.0,100.0,Terminada,2026-06-02,2026-06-02 09:13,2026-06-03 09:29,Sí,Despulpado y refinado,PULPEADO,Terminada,464.2,276.7,2026-06-02 12:15,2026-06-03 09:29,2026-07-16 18:30:24
SEM/MO/00488,[PTEC009] PULPA DE PIÑA GOYA USA UNIDAD 397 g,Units,HF PB 153 26,7600.0,7015.0,100.0,Terminada,2026-06-02,2026-06-02 09:13,2026-06-03 09:29,Sí,Pasteurizado,PASTEURIZACIÓN,Terminada,337.6,259.0,2026-06-02 13:36,2026-06-03 09:29,2026-07-16 18:30:24
SEM/MO/00488,[PTEC009] PULPA DE PIÑA GOYA USA UNIDAD 397 g,Units,HF PB 153 26,7600.0,7015.0,100.0,Terminada,2026-06-02,2026-06-02 09:13,2026-06-03 09:29,Sí,Dosificado manual ,DOSIFICADO MANUAL,Terminada,371.3,264.1,2026-06-02 13:47,2026-06-03 09:29,2026-07-16 18:30:24
SEM/MO/00488,[PTEC009] PULPA DE PIÑA GOYA USA UNIDAD 397 g,Units,HF PB 153 26,7600.0,7015.0,100.0,Terminada,2026-06-02,2026-06-02 09:13,2026-06-03 09:29,Sí,Etiquetado manual,ETIQUETADO,Terminada,210.4,320.3,2026-06-02 09:24,2026-06-03 09:29,2026-07-16 18:30:24
SEM/MO/00498,[REP-PTEC015] (Reproceso) PULPA DE MARACUYA MERICA UNIDAD 250 g,,,115.0,115.0,100.0,Terminada,2026-06-01,2026-06-02 15:49,2026-06-02 16:06,No,,,,,,,,2026-07-16 18:30:24
SEM/MO/00502,[REP-PTEC002] (Reproceso) PULPA DE GUANABANA GOYA USA UNIDAD 397 g,,,2115.0,2115.0,100.0,Terminada,2026-06-01,2026-06-02 16:47,2026-06-03 13:05,No,,,,,,,,2026-07-16 18:30:24
SEM/MO/00503,[PTEC002] PULPA DE GUANABANA GOYA USA UNIDAD 397 g,,,2115.0,2115.0,100.0,Terminada,2026-06-01,2026-06-02 16:48,2026-06-03 13:10,Sí,,,,,,,,2026-07-16 18:30:24
SEM/MO/00504,[REP-PTEC015] (Reproceso) PULPA DE MARACUYA MERICA UNIDAD 250 g,,,3750.0,3750.0,100.0,Terminada,2026-06-01,2026-06-02 17:36,2026-06-03 13:12,No,,,,,,,,2026-07-16 18:30:24
SEM/MO/00505,[PTEC015] PULPA DE MARACUYA MERICA UNIDAD 250 g,,,100.0,100.0,100.0,Terminada,2026-06-01,2026-06-02 17:42,2026-06-03 13:18,Sí,,,,,,,,2026-07-16 18:30:24
SEM/MO/00507,[PTEC015] PULPA DE MARACUYA MERICA UNIDAD 250 g,,,3650.0,3650.0,100.0,Terminada,2026-06-03,2026-06-02 17:46,2026-06-03 13:16,Sí,,,,,,,,2026-07-16 18:30:24
SEM/MO/00497,[TOPP008] TOPPING DE FRUTILLA 12 BX,kg,L1542609,1400.0,1470.0,100.0,Terminada,2026-06-03,2026-06-03 06:12,2026-06-04 09:29,Sí,Liberación ,LIMPIEZA,Terminada,88.2,28.7,2026-06-03 06:12,2026-06-04 09:29,2026-07-16 18:30:24
SEM/MO/00497,[TOPP008] TOPPING DE FRUTILLA 12 BX,kg,L1542609,1400.0,1470.0,100.0,Terminada,2026-06-03,2026-06-03 06:12,2026-06-04 09:29,Sí,Lavado y desinfección,LAVADO 2,Terminada,38.4,183.1,2026-06-03 06:42,2026-06-04 09:29,2026-07-16 18:30:24
SEM/MO/00497,[TOPP008] TOPPING DE FRUTILLA 12 BX,kg,L1542609,1400.0,1470.0,100.0,Terminada,2026-06-03,2026-06-03 06:12,2026-06-04 09:29,Sí,Picado,RALLADO,Terminada,257.9,239.0,2026-06-03 07:27,2026-06-04 09:29,2026-07-16 18:30:24
SEM/MO/00497,[TOPP008] TOPPING DE FRUTILLA 12 BX,kg,L1542609,1400.0,1470.0,100.0,Terminada,2026-06-03,2026-06-03 06:12,2026-06-04 09:29,Sí,Pasteurizado,PASTEURIZACIÓN,Terminada,177.9,100.2,2026-06-03 08:19,2026-06-04 09:29,2026-07-16 18:30:24
SEM/MO/00497,[TOPP008] TOPPING DE FRUTILLA 12 BX,kg,L1542609,1400.0,1470.0,100.0,Terminada,2026-06-03,2026-06-03 06:12,2026-06-04 09:29,Sí,Envasado Manual,ENVASADO MANUAL,Terminada,84.0,116.0,2026-06-03 09:08,2026-06-03 12:59,2026-07-16 18:30:24
SEM/MO/00508,[PTEC004] PULPA DE GUAYABA GOYA USA UNIDAD 397 g,Units,HF PB 153 26,14000.0,29161.0,100.0,Terminada,2026-06-03,2026-06-03 08:32,2026-06-08 12:56,Sí,Liberación ,LIMPIEZA,Terminada,2083.8,248.0,2026-06-03 13:01,2026-06-08 12:56,2026-07-16 18:30:24
SEM/MO/00508,[PTEC004] PULPA DE GUAYABA GOYA USA UNIDAD 397 g,Units,HF PB 153 26,14000.0,29161.0,100.0,Terminada,2026-06-03,2026-06-03 08:32,2026-06-08 12:56,Sí,Lavado y desinfección,LAVADO 2,Terminada,1276.1,381.8,2026-06-03 13:13,2026-06-08 12:56,2026-07-16 18:30:24
SEM/MO/00508,[PTEC004] PULPA DE GUAYABA GOYA USA UNIDAD 397 g,Units,HF PB 153 26,14000.0,29161.0,100.0,Terminada,2026-06-03,2026-06-03 08:32,2026-06-08 12:56,Sí,Despulpado y refinado,PULPEADO,Terminada,1929.5,685.1,2026-06-03 08:32,2026-06-08 12:56,2026-07-16 18:30:24
SEM/MO/00508,[PTEC004] PULPA DE GUAYABA GOYA USA UNIDAD 397 g,Units,HF PB 153 26,14000.0,29161.0,100.0,Terminada,2026-06-03,2026-06-03 08:32,2026-06-08 12:56,Sí,Pasteurizado,PASTEURIZACIÓN,Terminada,1403.3,1024.2,2026-06-03 08:32,2026-06-08 12:56,2026-07-16 18:30:24
SEM/MO/00508,[PTEC004] PULPA DE GUAYABA GOYA USA UNIDAD 397 g,Units,HF PB 153 26,14000.0,29161.0,100.0,Terminada,2026-06-03,2026-06-03 08:32,2026-06-08 12:56,Sí,Dosificado Automático,DOSIFICADO AUTOMÁTICO,Terminada,1458.0,1167.6,2026-06-03 09:10,2026-06-08 12:56,2026-07-16 18:30:24
SEM/MO/00508,[PTEC004] PULPA DE GUAYABA GOYA USA UNIDAD 397 g,Units,HF PB 153 26,14000.0,29161.0,100.0,Terminada,2026-06-03,2026-06-03 08:32,2026-06-08 12:56,Sí,Dosificado manual ,DOSIFICADO MANUAL,Terminada,1543.6,583.9,2026-06-03 14:09,2026-06-08 12:56,2026-07-16 18:30:24
SEM/MO/00508,[PTEC004] PULPA DE GUAYABA GOYA USA UNIDAD 397 g,Units,HF PB 153 26,14000.0,29161.0,100.0,Terminada,2026-06-03,2026-06-03 08:32,2026-06-08 12:56,Sí,Etiquetado manual,ETIQUETADO,Terminada,874.8,282.3,2026-06-03 08:32,2026-06-08 12:56,2026-07-16 18:30:24
SEM/MO/00499,[PTEXP002] SOURSOP PULP 12 X 14 OZ,Caja de 12,HF PB 148 26,630.0,630.0,100.0,Terminada,2026-06-02,2026-06-03 08:56,2026-06-03 08:56,Sí,Encartonado,ENCARTONADO,Terminada,945.0,295.4,2026-06-03 08:56,2026-06-03 08:56,2026-07-16 18:30:24
SEM/MO/00500,[PTEXP008] PAPAYA PULP 12 X 14 OZ,Caja de 12,HF PB 140 26,420.0,420.0,100.0,Terminada,2026-06-02,2026-06-03 09:00,2026-06-03 09:00,Sí,Encartonado,ENCARTONADO,Terminada,630.0,210.8,2026-06-03 09:00,2026-06-03 09:00,2026-07-16 18:30:24
SEM/MO/00509,[REP-PTEC009] (Reproceso) PULPA DE PIÑA GOYA USA UNIDAD 397 g ,,,2032.0,2032.0,100.0,Terminada,2026-06-02,2026-06-03 09:32,2026-06-03 13:09,No,,,,,,,,2026-07-16 18:30:24
SEM/MO/00510,[PTEC009] PULPA DE PIÑA GOYA USA UNIDAD 397 g,,,2032.0,2032.0,100.0,Terminada,2026-06-02,2026-06-03 09:33,2026-06-03 13:11,Sí,,,,,,,,2026-07-16 18:30:24
SEM/MO/00506,[PTEXP002] SOURSOP PULP 12 X 14 OZ,Caja de 12,HF PB 142 26,420.0,420.0,100.0,Terminada,2026-06-02,2026-06-03 13:04,2026-06-03 13:04,Sí,Encartonado,ENCARTONADO,Terminada,630.0,145.0,2026-06-03 13:04,2026-06-03 13:04,2026-07-16 18:30:24
SEM/MO/00489,[PTEC012] PULPA DE MANGO MERICA UNIDAD 250 g,Units,L1172615,24000.0,1345.0,100.0,Terminada,2026-06-04,2026-06-04 06:40,2026-06-09 08:22,Sí,Liberación ,LIMPIEZA,Terminada,60.5,54.1,2026-06-04 15:16,2026-06-09 08:22,2026-07-16 18:30:24
SEM/MO/00489,[PTEC012] PULPA DE MANGO MERICA UNIDAD 250 g,Units,L1172615,24000.0,1345.0,100.0,Terminada,2026-06-04,2026-06-04 06:40,2026-06-09 08:22,Sí,Homogenizado,HOMOGENIZACIÓN,Terminada,8.4,73.8,2026-06-04 15:03,2026-06-09 08:22,2026-07-16 18:30:24
SEM/MO/00489,[PTEC012] PULPA DE MANGO MERICA UNIDAD 250 g,Units,L1172615,24000.0,1345.0,100.0,Terminada,2026-06-04,2026-06-04 06:40,2026-06-09 08:22,Sí,Calentamiento,CALENTAMIENTO,Terminada,40.8,28.3,2026-06-04 18:13,2026-06-09 08:22,2026-07-16 18:30:24
SEM/MO/00489,[PTEC012] PULPA DE MANGO MERICA UNIDAD 250 g,Units,L1172615,24000.0,1345.0,100.0,Terminada,2026-06-04,2026-06-04 06:40,2026-06-09 08:22,Sí,Dosificado manual ,DOSIFICADO MANUAL,Terminada,28.2,34.0,2026-06-04 19:09,2026-06-09 08:22,2026-07-16 18:30:24
SEM/MO/00489,[PTEC012] PULPA DE MANGO MERICA UNIDAD 250 g,Units,L1172615,24000.0,1345.0,100.0,Terminada,2026-06-04,2026-06-04 06:40,2026-06-09 08:22,Sí,Etiquetado manual,ETIQUETADO,Terminada,40.4,215.7,2026-06-04 06:40,2026-06-09 08:22,2026-07-16 18:30:24
SEM/MO/00513,[PTEC019] PULPA DE LULO MERICA UNIDAD 250 g,Units,L1562615,14000.0,12810.0,100.0,Terminada,2026-06-04,2026-06-04 09:00,2026-06-08 17:40,Sí,Liberación ,LIMPIEZA,Terminada,576.5,96.1,2026-06-05 06:12,2026-06-08 17:40,2026-07-16 18:30:24
SEM/MO/00513,[PTEC019] PULPA DE LULO MERICA UNIDAD 250 g,Units,L1562615,14000.0,12810.0,100.0,Terminada,2026-06-04,2026-06-04 09:00,2026-06-08 17:40,Sí,Proceso Manual ,DESPITONADO,Terminada,3027.1,610.2,2026-06-04 09:00,2026-06-08 17:40,2026-07-16 18:30:24
SEM/MO/00513,[PTEC019] PULPA DE LULO MERICA UNIDAD 250 g,Units,L1562615,14000.0,12810.0,100.0,Terminada,2026-06-04,2026-06-04 09:00,2026-06-08 17:40,Sí,Lavado y desinfección,LAVADO 2,Terminada,340.4,133.1,2026-06-04 09:00,2026-06-08 17:40,2026-07-16 18:30:24
SEM/MO/00513,[PTEC019] PULPA DE LULO MERICA UNIDAD 250 g,Units,L1562615,14000.0,12810.0,100.0,Terminada,2026-06-04,2026-06-04 09:00,2026-06-08 17:40,Sí,Escaldado/descongelado,ESCALDADO,Terminada,700.3,331.8,2026-06-05 07:48,2026-06-05 17:55,2026-07-16 18:30:24
SEM/MO/00513,[PTEC019] PULPA DE LULO MERICA UNIDAD 250 g,Units,L1562615,14000.0,12810.0,100.0,Terminada,2026-06-04,2026-06-04 09:00,2026-06-08 17:40,Sí,Despulpado y refinado,PULPEADO,Terminada,583.3,332.5,2026-06-05 10:03,2026-06-05 17:55,2026-07-16 18:30:24
SEM/MO/00513,[PTEC019] PULPA DE LULO MERICA UNIDAD 250 g,Units,L1562615,14000.0,12810.0,100.0,Terminada,2026-06-04,2026-06-04 09:00,2026-06-08 17:40,Sí,Calentamiento,CALENTAMIENTO,Terminada,388.2,378.0,2026-06-05 09:10,2026-06-08 17:40,2026-07-16 18:30:24
SEM/MO/00513,[PTEC019] PULPA DE LULO MERICA UNIDAD 250 g,Units,L1562615,14000.0,12810.0,100.0,Terminada,2026-06-04,2026-06-04 09:00,2026-06-08 17:40,Sí,Dosificado manual ,DOSIFICADO MANUAL,Terminada,268.9,410.4,2026-06-05 09:43,2026-06-08 17:40,2026-07-16 18:30:24
SEM/MO/00513,[PTEC019] PULPA DE LULO MERICA UNIDAD 250 g,Units,L1562615,14000.0,12810.0,100.0,Terminada,2026-06-04,2026-06-04 09:00,2026-06-08 17:40,Sí,Etiquetado manual,ETIQUETADO,Terminada,384.3,355.2,2026-06-05 07:12,2026-06-08 17:40,2026-07-16 18:30:24
SEM/MO/00515,[PTEXP029] PULPA DE GUANABANA 250 G X 12 U,Caja de 12,HF PB 111 26,360.0,360.0,100.0,Terminada,2026-06-03,2026-06-04 10:59,2026-06-04 10:59,Sí,Encartonado,ENCARTONADO,Terminada,663.2,100.0,2026-06-04 10:59,2026-06-04 10:59,2026-07-16 18:30:24
SEM/MO/00514,[PTEXP026] PULPA DE GUAYABA 250 G X 12 U,Caja de 12,HF PB 113 26,360.0,360.0,100.0,Terminada,2026-06-03,2026-06-04 11:18,2026-06-04 11:18,Sí,Encartonado,ENCARTONADO,Terminada,663.2,165.0,2026-06-04 11:18,2026-06-04 11:18,2026-07-16 18:30:24
SEM/MO/00519,[REP-PTEC029] (Reproceso) PULPA DE GUANABANA GOYA UE UNIDAD 250 g,,,3288.0,3288.0,100.0,Terminada,2026-04-29,2026-06-04 16:33,2026-06-04 16:35,No,,,,,,,,2026-07-16 18:30:24
SEM/MO/00520,[PTEC029] PULPA DE GUANABANA GOYA UE UNIDAD 250 g,,,3288.0,3288.0,100.0,Terminada,2026-04-29,2026-06-04 16:34,2026-06-04 16:37,Sí,,,,,,,,2026-07-16 18:30:24
SEM/MO/00516,[PTEXP002] SOURSOP PULP 12 X 14 OZ,Caja de 12,HF PB 148 26,630.0,587.0,100.0,Terminada,2026-06-04,2026-06-04 16:43,2026-06-04 16:43,Sí,Encartonado,ENCARTONADO,Terminada,880.5,275.0,2026-06-04 16:43,2026-06-04 16:43,2026-07-16 18:30:24
SEM/MO/00517,[PTEXP029] PULPA DE GUANABANA 250 G X 12 U,Caja de 12,HF PB 111 26,720.0,720.0,100.0,Terminada,2026-06-04,2026-06-04 16:46,2026-06-04 16:46,Sí,Encartonado,ENCARTONADO,Terminada,1326.3,220.0,2026-06-04 16:46,2026-06-04 16:46,2026-07-16 18:30:24
SEM/MO/00512,[PTEXP004] GUAVA PULP 12 X 14 OZ,Caja de 12,HF PB 146 26,630.0,630.0,100.0,Terminada,2026-06-03,2026-06-04 16:49,2026-06-04 16:49,Sí,Encartonado,ENCARTONADO,Terminada,945.0,285.0,2026-06-04 16:49,2026-06-04 16:49,2026-07-16 18:30:24
SEM/MO/00524,[MPI012] AZUCAR INVERTIDA,kg,L1552699,345.0,345.0,100.0,Terminada,2026-06-04,2026-06-04 18:39,2026-06-08 21:33,Sí,Mezclado,MEZCLADO,Terminada,43.6,33.0,2026-06-04 18:39,2026-06-08 21:33,2026-07-16 18:30:24
SEM/MO/00511,[FRUTP005] FRESA PICADA 16 KG,kg,L1562612,1600.0,1536.0,100.0,Terminada,2026-06-05,2026-06-05 06:15,2026-06-08 18:09,Sí,Liberación ,LIMPIEZA,Terminada,96.0,56.1,2026-06-05 06:15,2026-06-05 15:22,2026-07-16 18:30:24
SEM/MO/00511,[FRUTP005] FRESA PICADA 16 KG,kg,L1562612,1600.0,1536.0,100.0,Terminada,2026-06-05,2026-06-05 06:15,2026-06-08 18:09,Sí,Lavado y desinfección,LAVADO 2,Terminada,121.2,199.9,2026-06-05 07:12,2026-06-05 15:23,2026-07-16 18:30:24
SEM/MO/00511,[FRUTP005] FRESA PICADA 16 KG,kg,L1562612,1600.0,1536.0,100.0,Terminada,2026-06-05,2026-06-05 06:15,2026-06-08 18:09,Sí,Picado e inspección,RALLADO,Terminada,449.1,227.2,2026-06-05 07:49,2026-06-05 15:23,2026-07-16 18:30:24
SEM/MO/00511,[FRUTP005] FRESA PICADA 16 KG,kg,L1562612,1600.0,1536.0,100.0,Terminada,2026-06-05,2026-06-05 06:15,2026-06-08 18:09,Sí,Envasado Manual,ENVASADO MANUAL,Terminada,96.0,266.4,2026-06-05 07:49,2026-06-05 15:23,2026-07-16 18:30:24
SEM/MO/00511,[FRUTP005] FRESA PICADA 16 KG,kg,L1562612,1600.0,1536.0,100.0,Terminada,2026-06-05,2026-06-05 06:15,2026-06-08 18:09,Sí,lavado,TACHOS,Terminada,0.0,333.3,2026-06-05 06:16,2026-06-05 15:23,2026-07-16 18:30:24
SEM/MO/00521,[PULP002] PULPA DE MORA 41 BX 12 KG,kg,L1562609,300.0,372.0,100.0,Terminada,2026-06-05,2026-06-05 13:21,2026-06-09 10:23,Sí,Liberación ,LIMPIEZA,Terminada,22.3,37.2,2026-06-05 13:21,2026-06-09 10:23,2026-07-16 18:30:24
SEM/MO/00521,[PULP002] PULPA DE MORA 41 BX 12 KG,kg,L1562609,300.0,372.0,100.0,Terminada,2026-06-05,2026-06-05 13:21,2026-06-09 10:23,Sí,Escaldado/descongelado,ESCALDADO,Terminada,52.9,52.9,2026-06-05 14:53,2026-06-05 17:55,2026-07-16 18:30:24
SEM/MO/00521,[PULP002] PULPA DE MORA 41 BX 12 KG,kg,L1562609,300.0,372.0,100.0,Terminada,2026-06-05,2026-06-05 13:21,2026-06-09 10:23,Sí,Despulpado y refinado,PULPEADO,Terminada,50.0,50.0,2026-06-05 14:53,2026-06-05 17:55,2026-07-16 18:30:24
SEM/MO/00521,[PULP002] PULPA DE MORA 41 BX 12 KG,kg,L1562609,300.0,372.0,100.0,Terminada,2026-06-05,2026-06-05 13:21,2026-06-09 10:23,Sí,Pasteurizado,PASTEURIZACIÓN,Terminada,36.3,55.0,2026-06-05 15:47,2026-06-05 17:54,2026-07-16 18:30:24
SEM/MO/00521,[PULP002] PULPA DE MORA 41 BX 12 KG,kg,L1562609,300.0,372.0,100.0,Terminada,2026-06-05,2026-06-05 13:21,2026-06-09 10:23,Sí,Envasado,ENVASADO MANUAL,Terminada,0.0,50.0,2026-06-05 16:24,2026-06-05 17:54,2026-07-16 18:30:24
SEM/MO/00523,[SW001] SWIRL DE MORA 20 KG,kg,L1562601,1500.0,1520.0,100.0,Terminada,2026-06-05,2026-06-05 16:40,2026-06-08 22:18,Sí,Escaldado/descongelado,ESCALDADO,Terminada,267.8,36.9,2026-06-05 16:40,2026-06-08 22:18,2026-07-16 18:30:24
SEM/MO/00523,[SW001] SWIRL DE MORA 20 KG,kg,L1562601,1500.0,1520.0,100.0,Terminada,2026-06-05,2026-06-05 16:40,2026-06-08 22:18,Sí,Despulpado y refinado,PULPEADO,Terminada,28.8,40.4,2026-06-05 16:40,2026-06-08 22:18,2026-07-16 18:30:24
SEM/MO/00523,[SW001] SWIRL DE MORA 20 KG,kg,L1562601,1500.0,1520.0,100.0,Terminada,2026-06-05,2026-06-05 16:40,2026-06-08 22:18,Sí,Pasteurizado,PASTEURIZACIÓN,Terminada,181.5,84.1,2026-06-05 18:04,2026-06-05 18:47,2026-07-16 18:30:24
SEM/MO/00523,[SW001] SWIRL DE MORA 20 KG,kg,L1562601,1500.0,1520.0,100.0,Terminada,2026-06-05,2026-06-05 16:40,2026-06-08 22:18,Sí,Envasado Manual,ENVASADO MANUAL,Terminada,90.0,109.6,2026-06-05 18:46,2026-06-05 22:39,2026-07-16 18:30:24
SEM/MO/00522,[PULP004] PULPA DE MORA CON PEPAS 18 KG,kg,L1562601,3600.0,3870.0,100.0,Terminada,2026-06-05,2026-06-05 17:17,2026-06-08 22:30,Sí,Escaldado/descongelado,ESCALDADO,Terminada,681.8,163.0,2026-06-05 17:17,2026-06-08 22:30,2026-07-16 18:30:24
SEM/MO/00522,[PULP004] PULPA DE MORA CON PEPAS 18 KG,kg,L1562601,3600.0,3870.0,100.0,Terminada,2026-06-05,2026-06-05 17:17,2026-06-08 22:30,Sí,Despulpado y refinado,PULPEADO,Terminada,645.0,179.7,2026-06-05 17:20,2026-06-08 22:30,2026-07-16 18:30:24
SEM/MO/00522,[PULP004] PULPA DE MORA CON PEPAS 18 KG,kg,L1562601,3600.0,3870.0,100.0,Terminada,2026-06-05,2026-06-05 17:17,2026-06-08 22:30,Sí,Pasteurizado,PASTEURIZACIÓN,Terminada,468.3,305.9,2026-06-05 18:03,2026-06-08 22:30,2026-07-16 18:30:24
SEM/MO/00522,[PULP004] PULPA DE MORA CON PEPAS 18 KG,kg,L1562601,3600.0,3870.0,100.0,Terminada,2026-06-05,2026-06-05 17:17,2026-06-08 22:30,Sí,Envasado Manual,ENVASADO MANUAL,Terminada,232.2,316.1,2026-06-05 17:59,2026-06-08 22:30,2026-07-16 18:30:24
SEM/MO/00525,[FRUTP005] FRESA PICADA 16 KG,kg,L1592612,450.0,448.0,100.0,Terminada,2026-06-08,2026-06-08 08:25,2026-06-08 21:27,Sí,Liberación ,LIMPIEZA,Terminada,26.9,30.0,2026-06-08 15:58,2026-06-08 21:27,2026-07-16 18:30:24
SEM/MO/00525,[FRUTP005] FRESA PICADA 16 KG,kg,L1592612,450.0,448.0,100.0,Terminada,2026-06-08,2026-06-08 08:25,2026-06-08 21:27,Sí,Lavado y desinfección,LAVADO 2,Terminada,33.9,50.0,2026-06-08 16:25,2026-06-08 21:27,2026-07-16 18:30:24
SEM/MO/00525,[FRUTP005] FRESA PICADA 16 KG,kg,L1592612,450.0,448.0,100.0,Terminada,2026-06-08,2026-06-08 08:25,2026-06-08 21:27,Sí,Picado e inspección,RALLADO,Terminada,125.8,59.2,2026-06-08 16:59,2026-06-08 21:27,2026-07-16 18:30:24
SEM/MO/00525,[FRUTP005] FRESA PICADA 16 KG,kg,L1592612,450.0,448.0,100.0,Terminada,2026-06-08,2026-06-08 08:25,2026-06-08 21:27,Sí,Envasado Manual,ENVASADO MANUAL,Terminada,26.9,67.0,2026-06-08 08:25,2026-06-08 21:27,2026-07-16 18:30:24
SEM/MO/00525,[FRUTP005] FRESA PICADA 16 KG,kg,L1592612,450.0,448.0,100.0,Terminada,2026-06-08,2026-06-08 08:25,2026-06-08 21:27,Sí,Lavado de tachos,TACHOS,Terminada,0.0,85.0,2026-06-08 10:15,2026-06-08 21:27,2026-07-16 18:30:24
SEM/MO/00526,[PTEC002] PULPA DE GUANABANA GOYA USA UNIDAD 397 g,Units,HF PB 159 26,14000.0,13025.0,100.0,Terminada,2026-06-08,2026-06-08 08:25,2026-06-09 14:16,Sí,Liberación ,LIMPIEZA,Terminada,930.8,50.1,2026-06-08 10:44,2026-06-09 14:16,2026-07-16 18:30:24
SEM/MO/00526,[PTEC002] PULPA DE GUANABANA GOYA USA UNIDAD 397 g,Units,HF PB 159 26,14000.0,13025.0,100.0,Terminada,2026-06-08,2026-06-08 08:25,2026-06-09 14:16,Sí,Escaldado/descongelado,ESCALDADO,Terminada,1126.6,389.0,2026-06-08 08:26,2026-06-09 14:16,2026-07-16 18:30:24
SEM/MO/00526,[PTEC002] PULPA DE GUANABANA GOYA USA UNIDAD 397 g,Units,HF PB 159 26,14000.0,13025.0,100.0,Terminada,2026-06-08,2026-06-08 08:25,2026-06-09 14:16,Sí,Despulpado y refinado,PULPEADO,Terminada,861.8,449.9,2026-06-08 08:26,2026-06-09 14:16,2026-07-16 18:30:24
SEM/MO/00526,[PTEC002] PULPA DE GUANABANA GOYA USA UNIDAD 397 g,Units,HF PB 159 26,14000.0,13025.0,100.0,Terminada,2026-06-08,2026-06-08 08:25,2026-06-09 14:16,Sí,Homogenizado,HOMOGENIZACIÓN,Terminada,129.3,192.3,2026-06-08 10:43,2026-06-09 14:16,2026-07-16 18:30:24
SEM/MO/00526,[PTEC002] PULPA DE GUANABANA GOYA USA UNIDAD 397 g,Units,HF PB 159 26,14000.0,13025.0,100.0,Terminada,2026-06-08,2026-06-08 08:25,2026-06-09 14:16,Sí,Pasteurizado,PASTEURIZACIÓN,Terminada,626.8,331.8,2026-06-08 08:25,2026-06-09 14:16,2026-07-16 18:30:24
SEM/MO/00526,[PTEC002] PULPA DE GUANABANA GOYA USA UNIDAD 397 g,Units,HF PB 159 26,14000.0,13025.0,100.0,Terminada,2026-06-08,2026-06-08 08:25,2026-06-09 14:16,Sí,Dosificado Automático,DOSIFICADO AUTOMÁTICO,Terminada,651.2,489.8,2026-06-08 08:42,2026-06-09 14:16,2026-07-16 18:30:24
SEM/MO/00526,[PTEC002] PULPA DE GUANABANA GOYA USA UNIDAD 397 g,Units,HF PB 159 26,14000.0,13025.0,100.0,Terminada,2026-06-08,2026-06-08 08:25,2026-06-09 14:16,Sí,Dosificado manual ,DOSIFICADO MANUAL,Terminada,689.5,293.6,2026-06-08 10:45,2026-06-09 14:16,2026-07-16 18:30:24
SEM/MO/00526,[PTEC002] PULPA DE GUANABANA GOYA USA UNIDAD 397 g,Units,HF PB 159 26,14000.0,13025.0,100.0,Terminada,2026-06-08,2026-06-08 08:25,2026-06-09 14:16,Sí,Etiquetado manual,ETIQUETADO,Terminada,390.8,290.9,2026-06-08 08:25,2026-06-09 14:16,2026-07-16 18:30:24
SEM/MO/00527,[PTEC020] PULPA DE TAMARINDO MERICA UNIDAD 250 g,Units,L1592615,7800.0,8276.0,100.0,Terminada,2026-06-08,2026-06-08 09:07,2026-06-09 14:08,Sí,Liberación ,LIMPIEZA,Terminada,372.4,164.1,2026-06-08 09:07,2026-06-09 14:08,2026-07-16 18:30:24
SEM/MO/00527,[PTEC020] PULPA DE TAMARINDO MERICA UNIDAD 250 g,Units,L1592615,7800.0,8276.0,100.0,Terminada,2026-06-08,2026-06-08 09:07,2026-06-09 14:08,Sí,Escaldado/descongelado,ESCALDADO,Terminada,536.8,290.0,2026-06-08 11:30,2026-06-08 19:28,2026-07-16 18:30:24
SEM/MO/00527,[PTEC020] PULPA DE TAMARINDO MERICA UNIDAD 250 g,Units,L1592615,7800.0,8276.0,100.0,Terminada,2026-06-08,2026-06-08 09:07,2026-06-09 14:08,Sí,Despulpado y refinado,PULPEADO,Terminada,344.8,301.5,2026-06-08 11:30,2026-06-09 14:08,2026-07-16 18:30:24
SEM/MO/00527,[PTEC020] PULPA DE TAMARINDO MERICA UNIDAD 250 g,Units,L1592615,7800.0,8276.0,100.0,Terminada,2026-06-08,2026-06-08 09:07,2026-06-09 14:08,Sí,Dosificado manual ,DOSIFICADO MANUAL,Terminada,173.7,274.3,2026-06-08 18:04,2026-06-09 14:08,2026-07-16 18:30:24
SEM/MO/00527,[PTEC020] PULPA DE TAMARINDO MERICA UNIDAD 250 g,Units,L1592615,7800.0,8276.0,100.0,Terminada,2026-06-08,2026-06-08 09:07,2026-06-09 14:08,Sí,Etiquetado manual,ETIQUETADO,Terminada,248.3,159.5,2026-06-08 16:06,2026-06-09 14:08,2026-07-16 18:30:24
SEM/MO/00527,[PTEC020] PULPA DE TAMARINDO MERICA UNIDAD 250 g,Units,L1592615,7800.0,8276.0,100.0,Terminada,2026-06-08,2026-06-08 09:07,2026-06-09 14:08,Sí,calentamiento,CALENTAMIENTO,Terminada,0.0,112.3,2026-06-09 14:06,2026-06-09 14:08,2026-07-16 18:30:24
SEM/MO/00528,[REP-PTEC004] (Reproceso) PULPA DE GUAYABA GOYA USA UNIDAD 397 g ,,,1305.0,1305.0,100.0,Terminada,2026-06-02,2026-06-08 12:08,2026-06-08 12:57,No,,,,,,,,2026-07-16 18:30:24
SEM/MO/00529,[PTEC004] PULPA DE GUAYABA GOYA USA UNIDAD 397 g,,,1305.0,1305.0,100.0,Terminada,2026-06-02,2026-06-08 12:09,2026-06-08 15:24,Sí,,,,,,,,2026-07-16 18:30:24
SEM/MO/00518,[PTEXP026] PULPA DE GUAYABA 250 G X 12 U,Caja de 12,HF PB 120 26,360.0,360.0,100.0,Terminada,2026-06-04,2026-06-08 12:29,2026-06-08 12:29,Sí,Encartonado,ENCARTONADO,Terminada,663.2,80.0,2026-06-08 12:29,2026-06-08 12:29,2026-07-16 18:30:24
SEM/MO/00533,[PTEXP028] PULPA DE PAPAYA 250 G X 12 U,Caja de 12,HF PB 112 26,360.0,360.0,100.0,Terminada,2026-06-05,2026-06-08 13:48,2026-06-08 13:48,Sí,Encartonado,ENCARTONADO,Terminada,663.2,70.0,2026-06-08 13:48,2026-06-08 13:48,2026-07-16 18:30:24
SEM/MO/00534,[PTEXP003] NARANJILLA PULP 12 X 14 OZ,Caja de 12,HF PB 147 26,210.0,210.0,100.0,Terminada,2026-06-05,2026-06-08 14:08,2026-06-08 14:08,Sí,Encartonado,ENCARTONADO,Terminada,315.0,100.0,2026-06-08 14:08,2026-06-08 14:08,2026-07-16 18:30:24
SEM/MO/00532,[PTEXP002] SOURSOP PULP 12 X 14 OZ,Caja de 12,HF PB 152 26,420.0,420.0,100.0,Terminada,2026-06-05,2026-06-08 15:38,2026-06-08 15:38,Sí,Encartonado,ENCARTONADO,Terminada,630.0,235.0,2026-06-08 15:38,2026-06-08 15:38,2026-07-16 18:30:24
SEM/MO/00536,[PTEXP004] GUAVA PULP 12 X 14 OZ,Caja de 12,HF PB 153 26,630.0,630.0,100.0,Terminada,2026-06-08,2026-06-08 18:01,2026-06-08 18:01,Sí,Encartonado,ENCARTONADO,Terminada,945.0,330.0,2026-06-08 18:01,2026-06-08 18:01,2026-07-16 18:30:24
SEM/MO/00535,[PTEXP004] GUAVA PULP 12 X 14 OZ,Caja de 12,HF PB 146 26,210.0,210.0,100.0,Terminada,2026-06-08,2026-06-08 18:03,2026-06-08 18:03,Sí,Encartonado,ENCARTONADO,Terminada,315.0,120.0,2026-06-08 18:03,2026-06-08 18:03,2026-07-16 18:30:24
SEM/MO/00530,[PTEXP002] SOURSOP PULP 12 X 14 OZ,Caja de 12,HF PB 148 26,43.0,43.0,100.0,Terminada,2026-06-08,2026-06-08 21:23,2026-06-08 21:23,Sí,Encartonado,ENCARTONADO,Terminada,64.5,60.0,2026-06-08 21:23,2026-06-08 21:23,2026-07-16 18:30:24
SEM/MO/00538,[PTEC004] PULPA DE GUAYABA GOYA USA UNIDAD 397 g,Units,HF PB 160 26,11700.0,7560.0,100.0,Terminada,2026-06-09,2026-06-09 06:39,2026-06-10 16:48,Sí,Liberación ,LIMPIEZA,Terminada,540.2,68.3,2026-06-09 06:39,2026-06-10 09:14,2026-07-16 18:30:24
SEM/MO/00538,[PTEC004] PULPA DE GUAYABA GOYA USA UNIDAD 397 g,Units,HF PB 160 26,11700.0,7560.0,100.0,Terminada,2026-06-09,2026-06-09 06:39,2026-06-10 16:48,Sí,Lavado y desinfección,LAVADO 2,Terminada,330.8,79.4,2026-06-09 09:39,2026-06-10 09:15,2026-07-16 18:30:24
SEM/MO/00538,[PTEC004] PULPA DE GUAYABA GOYA USA UNIDAD 397 g,Units,HF PB 160 26,11700.0,7560.0,100.0,Terminada,2026-06-09,2026-06-09 06:39,2026-06-10 16:48,Sí,Despulpado y refinado,PULPEADO,Terminada,500.2,191.7,2026-06-09 09:39,2026-06-10 09:15,2026-07-16 18:30:24
SEM/MO/00538,[PTEC004] PULPA DE GUAYABA GOYA USA UNIDAD 397 g,Units,HF PB 160 26,11700.0,7560.0,100.0,Terminada,2026-06-09,2026-06-09 06:39,2026-06-10 16:48,Sí,Pasteurizado,PASTEURIZACIÓN,Terminada,363.8,397.9,2026-06-09 09:40,2026-06-10 09:15,2026-07-16 18:30:24
SEM/MO/00538,[PTEC004] PULPA DE GUAYABA GOYA USA UNIDAD 397 g,Units,HF PB 160 26,11700.0,7560.0,100.0,Terminada,2026-06-09,2026-06-09 06:39,2026-06-10 16:48,Sí,Dosificado Automático,DOSIFICADO AUTOMÁTICO,Terminada,378.0,243.8,2026-06-09 11:59,2026-06-10 09:15,2026-07-16 18:30:24
SEM/MO/00538,[PTEC004] PULPA DE GUAYABA GOYA USA UNIDAD 397 g,Units,HF PB 160 26,11700.0,7560.0,100.0,Terminada,2026-06-09,2026-06-09 06:39,2026-06-10 16:48,Sí,Dosificado manual ,DOSIFICADO MANUAL,Terminada,400.2,224.5,2026-06-09 12:17,2026-06-10 09:15,2026-07-16 18:30:24
SEM/MO/00538,[PTEC004] PULPA DE GUAYABA GOYA USA UNIDAD 397 g,Units,HF PB 160 26,11700.0,7560.0,100.0,Terminada,2026-06-09,2026-06-09 06:39,2026-06-10 16:48,Sí,Etiquetado manual,ETIQUETADO,Terminada,226.8,103.5,2026-06-09 07:46,2026-06-10 09:15,2026-07-16 18:30:24
SEM/MO/00537,[PTEC017] PULPA DE GUAYABA MERICA UNIDAD 250 g,Units,L1602615,3500.0,3498.0,100.0,Terminada,2026-06-09,2026-06-09 07:46,2026-06-10 16:47,Sí,Liberación ,LIMPIEZA,Terminada,157.5,49.9,2026-06-09 06:39,2026-06-09 16:10,2026-07-16 18:30:24
SEM/MO/00537,[PTEC017] PULPA DE GUAYABA MERICA UNIDAD 250 g,Units,L1602615,3500.0,3498.0,100.0,Terminada,2026-06-09,2026-06-09 07:46,2026-06-10 16:47,Sí,Lavado y desinfección,LAVADO 2,Terminada,96.4,108.8,2026-06-09 07:46,2026-06-10 14:07,2026-07-16 18:30:24
SEM/MO/00537,[PTEC017] PULPA DE GUAYABA MERICA UNIDAD 250 g,Units,L1602615,3500.0,3498.0,100.0,Terminada,2026-06-09,2026-06-09 07:46,2026-06-10 16:47,Sí,Despulpado y refinado,PULPEADO,Terminada,145.8,112.2,2026-06-09 07:47,2026-06-10 14:07,2026-07-16 18:30:24
SEM/MO/00537,[PTEC017] PULPA DE GUAYABA MERICA UNIDAD 250 g,Units,L1602615,3500.0,3498.0,100.0,Terminada,2026-06-09,2026-06-09 07:46,2026-06-10 16:47,Sí,Calentamiento,CALENTAMIENTO,Terminada,106.0,99.4,2026-06-09 08:00,2026-06-10 14:07,2026-07-16 18:30:24
SEM/MO/00537,[PTEC017] PULPA DE GUAYABA MERICA UNIDAD 250 g,Units,L1602615,3500.0,3498.0,100.0,Terminada,2026-06-09,2026-06-09 07:46,2026-06-10 16:47,Sí,Dosificado manual ,DOSIFICADO MANUAL,Terminada,73.4,129.8,2026-06-09 09:29,2026-06-10 14:07,2026-07-16 18:30:24
SEM/MO/00537,[PTEC017] PULPA DE GUAYABA MERICA UNIDAD 250 g,Units,L1602615,3500.0,3498.0,100.0,Terminada,2026-06-09,2026-06-09 07:46,2026-06-10 16:47,Sí,Etiquetado manual,ETIQUETADO,Terminada,104.9,103.5,2026-06-09 07:46,2026-06-10 14:08,2026-07-16 18:30:24
SEM/MO/00540,[REP-PTEC020] (Reproceso) PULPA DE TAMARINDO MERICA UNIDAD 250 g,,,2589.0,2589.0,100.0,Terminada,2026-06-08,2026-06-09 13:59,2026-06-09 16:23,No,,,,,,,,2026-07-16 18:30:24
SEM/MO/00541,[PTEC020] PULPA DE TAMARINDO MERICA UNIDAD 250 g,,,2589.0,2589.0,100.0,Terminada,2026-06-08,2026-06-09 14:01,2026-06-09 16:26,Sí,,,,,,,,2026-07-16 18:30:24
SEM/MO/00542,[REP-PTEC002] (Reproceso) PULPA DE GUANABANA GOYA USA UNIDAD 397 g,,,551.0,551.0,100.0,Terminada,2026-06-08,2026-06-09 14:16,2026-06-09 16:24,No,,,,,,,,2026-07-16 18:30:24
SEM/MO/00543,[PTEC002] PULPA DE GUANABANA GOYA USA UNIDAD 397 g,,,551.0,551.0,100.0,Terminada,2026-06-08,2026-06-09 14:18,2026-06-09 16:27,Sí,,,,,,,,2026-07-16 18:30:24
SEM/MO/00545,[PTEXP004] GUAVA PULP 12 X 14 OZ,Caja de 12,HF PB 153 26,630.0,630.0,100.0,Terminada,2026-06-09,2026-06-09 16:25,2026-06-09 16:25,Sí,Encartonado,ENCARTONADO,Terminada,945.0,265.0,2026-06-09 16:25,2026-06-09 16:25,2026-07-16 18:30:24
SEM/MO/00546,[PTEXP002] SOURSOP PULP 12 X 14 OZ,Caja de 12,HF PB 152 26,420.0,420.0,100.0,Terminada,2026-06-09,2026-06-09 16:49,2026-06-09 16:49,Sí,Encartonado,ENCARTONADO,Terminada,630.0,160.0,2026-06-09 16:49,2026-06-09 16:49,2026-07-16 18:30:24
SEM/MO/00547,[PTEC001] PULPA DE MANGO GOYA USA UNIDAD 397 g,Units,HF PB 160 26,2600.0,2340.0,100.0,Terminada,2026-06-09,2026-06-09 18:05,2026-06-10 16:55,Sí,Liberación ,LIMPIEZA,Terminada,167.2,90.0,2026-06-10 10:31,2026-06-10 10:31,2026-07-16 18:30:24
SEM/MO/00547,[PTEC001] PULPA DE MANGO GOYA USA UNIDAD 397 g,Units,HF PB 160 26,2600.0,2340.0,100.0,Terminada,2026-06-09,2026-06-09 18:05,2026-06-10 16:55,Sí,Homogenizado,HOMOGENIZACIÓN,Terminada,23.2,98.6,2026-06-09 18:05,2026-06-10 14:13,2026-07-16 18:30:24
SEM/MO/00547,[PTEC001] PULPA DE MANGO GOYA USA UNIDAD 397 g,Units,HF PB 160 26,2600.0,2340.0,100.0,Terminada,2026-06-09,2026-06-09 18:05,2026-06-10 16:55,Sí,Pasteurizado,PASTEURIZACIÓN,Terminada,112.6,68.7,2026-06-09 21:02,2026-06-10 10:33,2026-07-16 18:30:24
SEM/MO/00547,[PTEC001] PULPA DE MANGO GOYA USA UNIDAD 397 g,Units,HF PB 160 26,2600.0,2340.0,100.0,Terminada,2026-06-09,2026-06-09 18:05,2026-06-10 16:55,Sí,Dosificado manual ,DOSIFICADO MANUAL,Terminada,123.9,84.9,2026-06-09 21:12,2026-06-10 09:26,2026-07-16 18:30:24
SEM/MO/00547,[PTEC001] PULPA DE MANGO GOYA USA UNIDAD 397 g,Units,HF PB 160 26,2600.0,2340.0,100.0,Terminada,2026-06-09,2026-06-09 18:05,2026-06-10 16:55,Sí,Etiquetado manual,ETIQUETADO,Terminada,70.2,75.1,2026-06-09 18:13,2026-06-10 09:26,2026-07-16 18:30:24
SEM/MO/00550,[PTEC018] PULPA DE GUANABANA MERICA UNIDAD 250 g,Units,L1612615,11000.0,10966.0,100.0,Terminada,2026-06-10,2026-06-10 06:08,2026-06-12 10:26,Sí,Liberación ,LIMPIEZA,Terminada,493.5,271.0,2026-06-10 06:08,2026-06-11 17:17,2026-07-16 18:30:24
SEM/MO/00550,[PTEC018] PULPA DE GUANABANA MERICA UNIDAD 250 g,Units,L1612615,11000.0,10966.0,100.0,Terminada,2026-06-10,2026-06-10 06:08,2026-06-12 10:26,Sí,Escaldado/descongelado,ESCALDADO,Terminada,599.1,220.8,2026-06-10 12:38,2026-06-10 16:39,2026-07-16 18:30:24
SEM/MO/00550,[PTEC018] PULPA DE GUANABANA MERICA UNIDAD 250 g,Units,L1612615,11000.0,10966.0,100.0,Terminada,2026-06-10,2026-06-10 06:08,2026-06-12 10:26,Sí,Despulpado y refinado,PULPEADO,Terminada,456.9,152.3,2026-06-10 13:03,2026-06-11 17:17,2026-07-16 18:30:24
SEM/MO/00550,[PTEC018] PULPA DE GUANABANA MERICA UNIDAD 250 g,Units,L1612615,11000.0,10966.0,100.0,Terminada,2026-06-10,2026-06-10 06:08,2026-06-12 10:26,Sí,Calentamiento,CALENTAMIENTO,Terminada,333.3,149.8,2026-06-10 15:58,2026-06-10 18:28,2026-07-16 18:30:24
SEM/MO/00550,[PTEC018] PULPA DE GUANABANA MERICA UNIDAD 250 g,Units,L1612615,11000.0,10966.0,100.0,Terminada,2026-06-10,2026-06-10 06:08,2026-06-12 10:26,Sí,Dosificado manual ,DOSIFICADO MANUAL,Terminada,230.9,219.8,2026-06-10 16:44,2026-06-10 21:19,2026-07-16 18:30:24
SEM/MO/00550,[PTEC018] PULPA DE GUANABANA MERICA UNIDAD 250 g,Units,L1612615,11000.0,10966.0,100.0,Terminada,2026-06-10,2026-06-10 06:08,2026-06-12 10:26,Sí,Etiquetado manual,ETIQUETADO,Terminada,329.0,394.2,2026-06-10 07:35,2026-06-11 17:17,2026-07-16 18:30:24
SEM/MO/00544,[PULP001] COCO RALLADO 20 KG,kg,L1612601,2020.0,2140.0,100.0,Terminada,2026-06-10,2026-06-10 08:01,2026-06-12 09:13,Sí,Liberación ,LIMPIEZA,Terminada,121.2,82.1,2026-06-10 06:08,2026-06-10 15:25,2026-07-16 18:30:24
SEM/MO/00544,[PULP001] COCO RALLADO 20 KG,kg,L1612601,2020.0,2140.0,100.0,Terminada,2026-06-10,2026-06-10 08:01,2026-06-12 09:13,Sí,Lavado y desinfección,LAVADO 4,Terminada,81.8,55.0,2026-06-10 10:01,2026-06-10 16:39,2026-07-16 18:30:24
SEM/MO/00544,[PULP001] COCO RALLADO 20 KG,kg,L1612601,2020.0,2140.0,100.0,Terminada,2026-06-10,2026-06-10 08:01,2026-06-12 09:13,Sí,Rallado,RALLADO COCO,Terminada,404.0,224.3,2026-06-10 07:07,2026-06-10 16:38,2026-07-16 18:30:24
SEM/MO/00544,[PULP001] COCO RALLADO 20 KG,kg,L1612601,2020.0,2140.0,100.0,Terminada,2026-06-10,2026-06-10 08:01,2026-06-12 09:13,Sí,Pasteurizado,PASTEURIZACIÓN,Terminada,258.9,161.0,2026-06-10 08:01,2026-06-11 10:10,2026-07-16 18:30:24
SEM/MO/00544,[PULP001] COCO RALLADO 20 KG,kg,L1612601,2020.0,2140.0,100.0,Terminada,2026-06-10,2026-06-10 08:01,2026-06-12 09:13,Sí,Envasado Manual,ENVASADO MANUAL,Terminada,128.4,108.6,2026-06-10 10:03,2026-06-11 10:11,2026-07-16 18:30:24
SEM/MO/00544,[PULP001] COCO RALLADO 20 KG,kg,L1612601,2020.0,2140.0,100.0,Terminada,2026-06-10,2026-06-10 08:01,2026-06-12 09:13,Sí,Tachos,TACHOS,Terminada,0.0,349.3,2026-06-10 06:10,2026-06-10 15:26,2026-07-16 18:30:24
SEM/MO/00539,[PULP001] COCO RALLADO 20 KG,kg,L1602601,2020.0,2120.0,100.0,Terminada,2026-06-09,2026-06-10 08:37,2026-06-10 16:31,Sí,Liberación ,LIMPIEZA,Terminada,127.2,160.4,2026-06-10 08:37,2026-06-10 08:37,2026-07-16 18:30:24
SEM/MO/00539,[PULP001] COCO RALLADO 20 KG,kg,L1602601,2020.0,2120.0,100.0,Terminada,2026-06-09,2026-06-10 08:37,2026-06-10 16:31,Sí,Lavado y desinfección,LAVADO 4,Terminada,85.8,84.7,2026-06-10 08:37,2026-06-10 08:37,2026-07-16 18:30:24
SEM/MO/00539,[PULP001] COCO RALLADO 20 KG,kg,L1602601,2020.0,2120.0,100.0,Terminada,2026-06-09,2026-06-10 08:37,2026-06-10 16:31,Sí,Rallado,RALLADO COCO,Terminada,424.0,176.5,2026-06-10 08:37,2026-06-10 08:37,2026-07-16 18:30:24
SEM/MO/00539,[PULP001] COCO RALLADO 20 KG,kg,L1602601,2020.0,2120.0,100.0,Terminada,2026-06-09,2026-06-10 08:37,2026-06-10 16:31,Sí,Pasteurizado,PASTEURIZACIÓN,Terminada,256.5,293.0,2026-06-09 14:34,2026-06-10 08:37,2026-07-16 18:30:24
SEM/MO/00539,[PULP001] COCO RALLADO 20 KG,kg,L1602601,2020.0,2120.0,100.0,Terminada,2026-06-09,2026-06-10 08:37,2026-06-10 16:31,Sí,Envasado Manual,ENVASADO MANUAL,Terminada,121.2,248.8,2026-06-09 15:18,2026-06-09 20:23,2026-07-16 18:30:24
SEM/MO/00539,[PULP001] COCO RALLADO 20 KG,kg,L1602601,2020.0,2120.0,100.0,Terminada,2026-06-09,2026-06-10 08:37,2026-06-10 16:31,Sí,Revisión Manual,REVISIÓN VISUAL/ MANUAL,Terminada,0.0,72.9,2026-06-09 15:18,2026-06-10 08:38,2026-07-16 18:30:24
SEM/MO/00551,[PULP020] PULPA DE MORA 14KG,kg,L1612609,420.0,770.0,100.0,Terminada,2026-06-10,2026-06-10 09:35,2026-06-12 08:47,Sí,Liberación ,LIMPIEZA,Terminada,46.2,20.0,2026-06-11 10:40,2026-06-11 10:40,2026-07-16 18:30:24
SEM/MO/00551,[PULP020] PULPA DE MORA 14KG,kg,L1612609,420.0,770.0,100.0,Terminada,2026-06-10,2026-06-10 09:35,2026-06-12 08:47,Sí,Escaldado/descongelado,ESCALDADO,Terminada,135.7,90.0,2026-06-11 10:42,2026-06-11 10:42,2026-07-16 18:30:24
SEM/MO/00551,[PULP020] PULPA DE MORA 14KG,kg,L1612609,420.0,770.0,100.0,Terminada,2026-06-10,2026-06-10 09:35,2026-06-12 08:47,Sí,Despulpado y refinado,PULPEADO,Terminada,128.3,90.0,2026-06-11 10:43,2026-06-11 10:43,2026-07-16 18:30:24
SEM/MO/00551,[PULP020] PULPA DE MORA 14KG,kg,L1612609,420.0,770.0,100.0,Terminada,2026-06-10,2026-06-10 09:35,2026-06-12 08:47,Sí,Pasteurizado,PASTEURIZACIÓN,Terminada,93.2,50.8,2026-06-10 09:25,2026-06-11 10:46,2026-07-16 18:30:24
SEM/MO/00551,[PULP020] PULPA DE MORA 14KG,kg,L1612609,420.0,770.0,100.0,Terminada,2026-06-10,2026-06-10 09:35,2026-06-12 08:47,Sí,Envasado Manual,ENVASADO MANUAL,Terminada,46.2,99.4,2026-06-10 09:35,2026-06-11 18:07,2026-07-16 18:30:24
SEM/MO/00496,[PTEC004] PULPA DE GUAYABA GOYA USA UNIDAD 397 g,Units,HF PB 153 26,14000.0,4545.0,100.0,Terminada,2026-06-02,2026-06-10 15:01,2026-06-08 12:04,Sí,Liberación ,LIMPIEZA,Terminada,1000.4,147.0,2026-06-02 13:48,2026-06-03 08:29,2026-07-16 18:30:24
SEM/MO/00496,[PTEC004] PULPA DE GUAYABA GOYA USA UNIDAD 397 g,Units,HF PB 153 26,14000.0,4545.0,100.0,Terminada,2026-06-02,2026-06-10 15:01,2026-06-08 12:04,Sí,Lavado y desinfección,LAVADO 2,Terminada,612.6,150.0,2026-06-03 06:41,2026-06-03 08:30,2026-07-16 18:30:24
SEM/MO/00496,[PTEC004] PULPA DE GUAYABA GOYA USA UNIDAD 397 g,Units,HF PB 153 26,14000.0,4545.0,100.0,Terminada,2026-06-02,2026-06-10 15:01,2026-06-08 12:04,Sí,Despulpado y refinado,PULPEADO,Terminada,926.3,62.4,2026-06-02 18:02,2026-06-03 08:30,2026-07-16 18:30:24
SEM/MO/00496,[PTEC004] PULPA DE GUAYABA GOYA USA UNIDAD 397 g,Units,HF PB 153 26,14000.0,4545.0,100.0,Terminada,2026-06-02,2026-06-10 15:01,2026-06-08 12:04,Sí,Pasteurizado,PASTEURIZACIÓN,Terminada,673.7,124.8,2026-06-02 18:40,2026-06-03 08:31,2026-07-16 18:30:24
SEM/MO/00496,[PTEC004] PULPA DE GUAYABA GOYA USA UNIDAD 397 g,Units,HF PB 153 26,14000.0,4545.0,100.0,Terminada,2026-06-02,2026-06-10 15:01,2026-06-08 12:04,Sí,Dosificado manual ,DOSIFICADO MANUAL,Terminada,240.6,190.0,2026-06-08 12:04,2026-06-08 12:04,2026-07-16 18:30:24
SEM/MO/00496,[PTEC004] PULPA DE GUAYABA GOYA USA UNIDAD 397 g,Units,HF PB 153 26,14000.0,4545.0,100.0,Terminada,2026-06-02,2026-06-10 15:01,2026-06-08 12:04,Sí,Etiquetado manual,ETIQUETADO,Terminada,420.0,137.5,2026-06-02 14:19,2026-06-03 08:35,2026-07-16 18:30:24
SEM/MO/00556,[PTEC029] PULPA DE GUANABANA GOYA UE UNIDAD 250 g,Units,HF PB 161 26,9000.0,5516.0,100.0,Terminada,2026-06-10,2026-06-10 16:25,2026-06-12 10:35,Sí,Liberación ,LIMPIEZA,Terminada,248.2,248.2,2026-06-11 15:00,2026-06-11 17:44,2026-07-16 18:30:24
SEM/MO/00556,[PTEC029] PULPA DE GUANABANA GOYA UE UNIDAD 250 g,Units,HF PB 161 26,9000.0,5516.0,100.0,Terminada,2026-06-10,2026-06-10 16:25,2026-06-12 10:35,Sí,Escaldado/descongelado,ESCALDADO,Terminada,490.2,191.7,2026-06-10 16:39,2026-06-10 22:22,2026-07-16 18:30:24
SEM/MO/00556,[PTEC029] PULPA DE GUANABANA GOYA UE UNIDAD 250 g,Units,HF PB 161 26,9000.0,5516.0,100.0,Terminada,2026-06-10,2026-06-10 16:25,2026-06-12 10:35,Sí,Despulpado y refinado,PULPEADO,Terminada,375.0,221.5,2026-06-10 16:39,2026-06-10 23:03,2026-07-16 18:30:24
SEM/MO/00556,[PTEC029] PULPA DE GUANABANA GOYA UE UNIDAD 250 g,Units,HF PB 161 26,9000.0,5516.0,100.0,Terminada,2026-06-10,2026-06-10 16:25,2026-06-12 10:35,Sí,Homogenizado,HOMOGENIZACIÓN,Terminada,34.5,209.7,2026-06-10 18:28,2026-06-11 17:30,2026-07-16 18:30:24
SEM/MO/00556,[PTEC029] PULPA DE GUANABANA GOYA UE UNIDAD 250 g,Units,HF PB 161 26,9000.0,5516.0,100.0,Terminada,2026-06-10,2026-06-10 16:25,2026-06-12 10:35,Sí,Pasteurizado,PASTEURIZACIÓN,Terminada,167.2,1520.4,2026-06-10 21:00,2026-06-11 17:30,2026-07-16 18:30:24
SEM/MO/00556,[PTEC029] PULPA DE GUANABANA GOYA UE UNIDAD 250 g,Units,HF PB 161 26,9000.0,5516.0,100.0,Terminada,2026-06-10,2026-06-10 16:25,2026-06-12 10:35,Sí,Dosificado manual ,DOSIFICADO MANUAL,Terminada,115.8,178.7,2026-06-10 21:19,2026-06-11 17:30,2026-07-16 18:30:24
SEM/MO/00556,[PTEC029] PULPA DE GUANABANA GOYA UE UNIDAD 250 g,Units,HF PB 161 26,9000.0,5516.0,100.0,Terminada,2026-06-10,2026-06-10 16:25,2026-06-12 10:35,Sí,Etiquetado manual,ETIQUETADO,Terminada,165.5,110.5,2026-06-10 16:25,2026-06-11 17:30,2026-07-16 18:30:24
SEM/MO/00555,[PTEXP002] SOURSOP PULP 12 X 14 OZ,Caja de 12,HF PB 152 26,210.0,210.0,100.0,Terminada,2026-06-10,2026-06-10 16:35,2026-06-10 17:35,Sí,Encartonado,ENCARTONADO,Terminada,315.0,110.0,2026-06-10 16:35,2026-06-10 16:35,2026-07-16 18:30:24
SEM/MO/00553,[PTEXP004] GUAVA PULP 12 X 14 OZ,Caja de 12,HF PB 153 26,640.0,640.0,100.0,Terminada,2026-06-10,2026-06-10 16:50,2026-06-10 17:39,Sí,Encartonado,ENCARTONADO,Terminada,960.0,220.0,2026-06-10 16:50,2026-06-10 16:50,2026-07-16 18:30:24
SEM/MO/00554,[PTEXP009] PINEAPPLE PULP 12 X 14 OZ,Caja de 12,HF PB 110 26,200.0,200.0,100.0,Terminada,2026-06-10,2026-06-10 16:50,2026-06-10 17:36,Sí,Encartonado,ENCARTONADO,Terminada,300.0,95.0,2026-06-10 16:50,2026-06-10 16:50,2026-07-16 18:30:24
SEM/MO/00564,[REP-PULP004] (Reproceso) PULPA DE MORA CON PEPAS 18 KG,,,404.0,404.0,100.0,Terminada,2026-06-10,2026-06-10 17:59,2026-06-11 18:05,No,,,,,,,,2026-07-16 18:30:24
SEM/MO/00557,[SALS006] SALSA DE FRESA EDULCORADA 15 KG,kg,L1622607,1395.0,1455.0,100.0,Terminada,2026-06-11,2026-06-11 06:14,2026-06-12 12:58,Sí,Lavado y desinfección,LAVADO 2,Terminada,38.0,154.9,2026-06-11 07:09,2026-06-12 09:08,2026-07-16 18:30:24
SEM/MO/00557,[SALS006] SALSA DE FRESA EDULCORADA 15 KG,kg,L1622607,1395.0,1455.0,100.0,Terminada,2026-06-11,2026-06-11 06:14,2026-06-12 12:58,Sí,Picado,RALLADO,Terminada,255.3,233.0,2026-06-11 07:50,2026-06-12 09:08,2026-07-16 18:30:24
SEM/MO/00557,[SALS006] SALSA DE FRESA EDULCORADA 15 KG,kg,L1622607,1395.0,1455.0,100.0,Terminada,2026-06-11,2026-06-11 06:14,2026-06-12 12:58,Sí,Pasteurizado,PASTEURIZACIÓN,Terminada,176.1,80.0,2026-06-11 06:14,2026-06-12 09:08,2026-07-16 18:30:24
SEM/MO/00557,[SALS006] SALSA DE FRESA EDULCORADA 15 KG,kg,L1622607,1395.0,1455.0,100.0,Terminada,2026-06-11,2026-06-11 06:14,2026-06-12 12:58,Sí,Envasado Manual,ENVASADO MANUAL,Terminada,87.3,118.0,2026-06-11 10:52,2026-06-12 09:12,2026-07-16 18:30:24
SEM/MO/00557,[SALS006] SALSA DE FRESA EDULCORADA 15 KG,kg,L1622607,1395.0,1455.0,100.0,Terminada,2026-06-11,2026-06-11 06:14,2026-06-12 12:58,Sí,Limpieza,LIMPIEZA,Terminada,0.0,53.6,2026-06-11 06:16,2026-06-12 09:13,2026-07-16 18:30:24
SEM/MO/00559,[SALS008] SALSA LISA DE FRESA ,kg,L1622607,1095.0,1140.0,100.0,Terminada,2026-06-11,2026-06-11 06:14,2026-06-12 12:53,Sí,Liberación,LIMPIEZA,Terminada,65.7,56.4,2026-06-11 06:14,2026-06-11 16:00,2026-07-16 18:30:24
SEM/MO/00559,[SALS008] SALSA LISA DE FRESA ,kg,L1622607,1095.0,1140.0,100.0,Terminada,2026-06-11,2026-06-11 06:14,2026-06-12 12:53,Sí,Lavado y desinfección,LAVADO 2,Terminada,96.6,133.8,2026-06-11 06:46,2026-06-11 16:00,2026-07-16 18:30:24
SEM/MO/00559,[SALS008] SALSA LISA DE FRESA ,kg,L1622607,1095.0,1140.0,100.0,Terminada,2026-06-11,2026-06-11 06:14,2026-06-12 12:53,Sí,Despulpado y refinado,PULPEADO,Terminada,182.5,172.9,2026-06-11 06:52,2026-06-11 16:00,2026-07-16 18:30:24
SEM/MO/00559,[SALS008] SALSA LISA DE FRESA ,kg,L1622607,1095.0,1140.0,100.0,Terminada,2026-06-11,2026-06-11 06:14,2026-06-12 12:53,Sí,Pasteurizado,PASTEURIZACIÓN,Terminada,132.5,129.7,2026-06-11 06:13,2026-06-11 16:00,2026-07-16 18:30:24
SEM/MO/00559,[SALS008] SALSA LISA DE FRESA ,kg,L1622607,1095.0,1140.0,100.0,Terminada,2026-06-11,2026-06-11 06:14,2026-06-12 12:53,Sí,Envasado manual,ENVASADO MANUAL,Terminada,65.7,90.0,2026-06-11 12:26,2026-06-11 16:00,2026-07-16 18:30:24
SEM/MO/00561,[PTEC012] PULPA DE MANGO MERICA UNIDAD 250 g,Units,L1552615,8000.0,7178.0,100.0,Terminada,2026-06-11,2026-06-11 06:16,2026-06-15 15:50,Sí,Liberación ,LIMPIEZA,Terminada,323.0,252.2,2026-06-11 06:16,2026-06-15 15:50,2026-07-16 18:30:24
SEM/MO/00561,[PTEC012] PULPA DE MANGO MERICA UNIDAD 250 g,Units,L1552615,8000.0,7178.0,100.0,Terminada,2026-06-11,2026-06-11 06:16,2026-06-15 15:50,Sí,Homogenizado,HOMOGENIZACIÓN,Terminada,44.9,207.9,2026-06-11 14:23,2026-06-15 15:50,2026-07-16 18:30:24
SEM/MO/00561,[PTEC012] PULPA DE MANGO MERICA UNIDAD 250 g,Units,L1552615,8000.0,7178.0,100.0,Terminada,2026-06-11,2026-06-11 06:16,2026-06-15 15:50,Sí,Calentamiento,CALENTAMIENTO,Terminada,242.4,88.1,2026-06-11 15:43,2026-06-11 19:16,2026-07-16 18:30:24
SEM/MO/00561,[PTEC012] PULPA DE MANGO MERICA UNIDAD 250 g,Units,L1552615,8000.0,7178.0,100.0,Terminada,2026-06-11,2026-06-11 06:16,2026-06-15 15:50,Sí,Dosificado manual ,DOSIFICADO MANUAL,Terminada,167.9,186.2,2026-06-11 16:07,2026-06-11 21:51,2026-07-16 18:30:24
SEM/MO/00561,[PTEC012] PULPA DE MANGO MERICA UNIDAD 250 g,Units,L1552615,8000.0,7178.0,100.0,Terminada,2026-06-11,2026-06-11 06:16,2026-06-15 15:50,Sí,Etiquetado manual,ETIQUETADO,Terminada,215.3,109.9,2026-06-11 07:10,2026-06-15 15:50,2026-07-16 18:30:24
SEM/MO/00558,[PULP009] PULPA DE PAPAYA 16 KG,kg,L1622608,320.0,352.0,100.0,Terminada,2026-06-11,2026-06-11 09:45,2026-06-12 13:29,Sí,Liberación ,LIMPIEZA,Terminada,19.2,103.3,2026-06-11 09:45,2026-06-11 15:58,2026-07-16 18:30:24
SEM/MO/00558,[PULP009] PULPA DE PAPAYA 16 KG,kg,L1622608,320.0,352.0,100.0,Terminada,2026-06-11,2026-06-11 09:45,2026-06-12 13:29,Sí,Lavado y desinfección,LAVADO 2,Terminada,37.5,71.1,2026-06-11 08:33,2026-06-11 15:58,2026-07-16 18:30:24
SEM/MO/00558,[PULP009] PULPA DE PAPAYA 16 KG,kg,L1622608,320.0,352.0,100.0,Terminada,2026-06-11,2026-06-11 09:45,2026-06-12 13:29,Sí,Despulpado y refinado,PULPEADO,Terminada,53.3,30.4,2026-06-11 10:58,2026-06-11 15:59,2026-07-16 18:30:24
SEM/MO/00558,[PULP009] PULPA DE PAPAYA 16 KG,kg,L1622608,320.0,352.0,100.0,Terminada,2026-06-11,2026-06-11 09:45,2026-06-12 13:29,Sí,Pasteurizado,PASTEURIZACIÓN,Terminada,38.7,37.4,2026-06-11 12:39,2026-06-11 15:59,2026-07-16 18:30:24
SEM/MO/00558,[PULP009] PULPA DE PAPAYA 16 KG,kg,L1622608,320.0,352.0,100.0,Terminada,2026-06-11,2026-06-11 09:45,2026-06-12 13:29,Sí,Envasado Manual,ENVASADO MANUAL,Terminada,19.2,19.2,2026-06-11 13:16,2026-06-11 15:59,2026-07-16 18:30:24
SEM/MO/00558,[PULP009] PULPA DE PAPAYA 16 KG,kg,L1622608,320.0,352.0,100.0,Terminada,2026-06-11,2026-06-11 09:45,2026-06-12 13:29,Sí,Despepado,DESPEPADO,Terminada,0.0,34.3,2026-06-11 08:59,2026-06-11 16:00,2026-07-16 18:30:24
SEM/MO/00552,[PULP004] PULPA DE MORA CON PEPAS 18 KG,kg,L1612601,630.0,666.0,100.0,Terminada,2026-06-10,2026-06-11 10:41,2026-06-12 08:59,Sí,Liberación ,LIMPIEZA,Terminada,40.0,20.0,2026-06-11 10:41,2026-06-11 10:41,2026-07-16 18:30:24
SEM/MO/00552,[PULP004] PULPA DE MORA CON PEPAS 18 KG,kg,L1612601,630.0,666.0,100.0,Terminada,2026-06-10,2026-06-11 10:41,2026-06-12 08:59,Sí,Escaldado/descongelado,ESCALDADO,Terminada,117.3,40.0,2026-06-11 10:42,2026-06-11 10:42,2026-07-16 18:30:24
SEM/MO/00552,[PULP004] PULPA DE MORA CON PEPAS 18 KG,kg,L1612601,630.0,666.0,100.0,Terminada,2026-06-10,2026-06-11 10:41,2026-06-12 08:59,Sí,Despulpado y refinado,PULPEADO,Terminada,111.0,40.0,2026-06-11 10:44,2026-06-11 10:44,2026-07-16 18:30:24
SEM/MO/00552,[PULP004] PULPA DE MORA CON PEPAS 18 KG,kg,L1612601,630.0,666.0,100.0,Terminada,2026-06-10,2026-06-11 10:41,2026-06-12 08:59,Sí,Pasteurizado,PASTEURIZACIÓN,Terminada,80.6,37.1,2026-06-10 12:47,2026-06-11 10:46,2026-07-16 18:30:24
SEM/MO/00552,[PULP004] PULPA DE MORA CON PEPAS 18 KG,kg,L1612601,630.0,666.0,100.0,Terminada,2026-06-10,2026-06-11 10:41,2026-06-12 08:59,Sí,Envasado Manual,ENVASADO MANUAL,Terminada,40.0,24.8,2026-06-10 13:02,2026-06-11 10:46,2026-07-16 18:30:24
SEM/MO/00560,[SALS009] SALSA DE ARANDANO,kg,L1622607,1095.0,1770.0,100.0,Terminada,2026-06-11,2026-06-11 12:40,2026-06-12 13:43,Sí,Liberación,LIMPIEZA,Terminada,65.7,109.0,2026-06-11 11:29,2026-06-12 08:53,2026-07-16 18:30:24
SEM/MO/00560,[SALS009] SALSA DE ARANDANO,kg,L1622607,1095.0,1770.0,100.0,Terminada,2026-06-11,2026-06-11 12:40,2026-06-12 13:43,Sí,Lavado de envases,TACHOS,Terminada,0.0,120.9,2026-06-11 06:14,2026-06-11 16:08,2026-07-16 18:30:24
SEM/MO/00560,[SALS009] SALSA DE ARANDANO,kg,L1622607,1095.0,1770.0,100.0,Terminada,2026-06-11,2026-06-11 12:40,2026-06-12 13:43,Sí,Despulpado y refinado,PULPEADO,Terminada,295.0,169.7,2026-06-11 12:40,2026-06-12 13:43,2026-07-16 18:30:24
SEM/MO/00560,[SALS009] SALSA DE ARANDANO,kg,L1622607,1095.0,1770.0,100.0,Terminada,2026-06-11,2026-06-11 12:40,2026-06-12 13:43,Sí,Pasteurizado,PASTEURIZACIÓN,Terminada,214.2,154.4,2026-06-11 12:42,2026-06-12 13:43,2026-07-16 18:30:24
SEM/MO/00560,[SALS009] SALSA DE ARANDANO,kg,L1622607,1095.0,1770.0,100.0,Terminada,2026-06-11,2026-06-11 12:40,2026-06-12 13:43,Sí,Escaldado,ESCALDADO,Terminada,0.0,206.4,2026-06-11 12:41,2026-06-12 13:43,2026-07-16 18:30:24
SEM/MO/00560,[SALS009] SALSA DE ARANDANO,kg,L1622607,1095.0,1770.0,100.0,Terminada,2026-06-11,2026-06-11 12:40,2026-06-12 13:43,Sí,Envasado manual continuación,ENVASADO MANUAL,Terminada,0.0,165.0,2026-06-11 18:23,2026-06-12 13:43,2026-07-16 18:30:24
SEM/MO/00562,[MPI007] PULPA DE GUANÁBANA MATERIA PRIMA,kg,L1612699,660.0,615.0,100.0,Terminada,2026-06-10,2026-06-11 17:44,2026-06-12 10:38,Sí,Liberación ,LIMPIEZA,Terminada,39.6,39.6,2026-06-11 17:44,2026-06-11 17:44,2026-07-16 18:30:24
SEM/MO/00562,[MPI007] PULPA DE GUANÁBANA MATERIA PRIMA,kg,L1612699,660.0,615.0,100.0,Terminada,2026-06-10,2026-06-11 17:44,2026-06-12 10:38,Sí,Escaldado/descongelado,ESCALDADO,Terminada,143.8,105.0,2026-06-11 17:43,2026-06-11 17:43,2026-07-16 18:30:24
SEM/MO/00562,[MPI007] PULPA DE GUANÁBANA MATERIA PRIMA,kg,L1612699,660.0,615.0,100.0,Terminada,2026-06-10,2026-06-11 17:44,2026-06-12 10:38,Sí,Despulpado y refinado,PULPEADO,Terminada,110.0,110.0,2026-06-11 17:44,2026-06-11 17:44,2026-07-16 18:30:24
SEM/MO/00562,[MPI007] PULPA DE GUANÁBANA MATERIA PRIMA,kg,L1612699,660.0,615.0,100.0,Terminada,2026-06-10,2026-06-11 17:44,2026-06-12 10:38,Sí,Pasteurizado,PASTEURIZACIÓN,Terminada,79.9,25.0,2026-06-11 17:44,2026-06-11 17:44,2026-07-16 18:30:24
SEM/MO/00562,[MPI007] PULPA DE GUANÁBANA MATERIA PRIMA,kg,L1612699,660.0,615.0,100.0,Terminada,2026-06-10,2026-06-11 17:44,2026-06-12 10:38,Sí,Envasado Manual,ENVASADO MANUAL,Terminada,39.6,60.0,2026-06-11 17:44,2026-06-11 17:44,2026-07-16 18:30:24
SEM/MO/00563,[PTEC001] PULPA DE MANGO GOYA USA UNIDAD 397 g,Units,HF PB 160 26,200.0,203.0,100.0,Terminada,2026-06-11,2026-06-11 18:07,2026-06-15 15:48,Sí,Homogenizado,HOMOGENIZACIÓN,Terminada,2.0,11.4,2026-06-11 18:07,2026-06-15 15:48,2026-07-16 18:30:24
SEM/MO/00563,[PTEC001] PULPA DE MANGO GOYA USA UNIDAD 397 g,Units,HF PB 160 26,200.0,203.0,100.0,Terminada,2026-06-11,2026-06-11 18:07,2026-06-15 15:48,Sí,Pasteurizado,PASTEURIZACIÓN,Terminada,9.8,14.2,2026-06-11 18:46,2026-06-15 15:48,2026-07-16 18:30:24
SEM/MO/00563,[PTEC001] PULPA DE MANGO GOYA USA UNIDAD 397 g,Units,HF PB 160 26,200.0,203.0,100.0,Terminada,2026-06-11,2026-06-11 18:07,2026-06-15 15:48,Sí,Dosificado manual ,DOSIFICADO MANUAL,Terminada,10.6,11.9,2026-06-11 18:43,2026-06-11 21:51,2026-07-16 18:30:24
SEM/MO/00565,[PTEXP019] Pulpa Lulo America x 250 gr (CAJAS 10 UDS),Units,L1562615,10260.0,10260.0,100.0,Terminada,2026-06-11,2026-06-11 18:18,2026-06-12 08:32,Sí,Encartonado,ENCARTONADO,Terminada,1575.0,245.0,2026-06-11 18:18,2026-06-11 18:18,2026-07-16 18:30:24
SEM/MO/00567,[PTEXP013] Pulpa Tomate de Árbol America x 250 gr (CAJAS 10 UDS),Units,L0902615,3420.0,3420.0,100.0,Terminada,2026-06-11,2026-06-11 18:28,2026-06-12 08:34,Sí,Encartonado,ENCARTONADO,Terminada,525.0,80.0,2026-06-11 18:28,2026-06-11 18:28,2026-07-16 18:30:24
SEM/MO/00569,[PTEC029] PULPA DE GUANABANA GOYA UE UNIDAD 250 g,Units,HF PB 161 26,2800.0,2343.0,100.0,Terminada,2026-06-11,2026-06-11 20:58,2026-06-15 15:29,Sí,Pasteurizado,PASTEURIZACIÓN,Terminada,84.8,92.5,2026-06-11 20:58,2026-06-11 22:30,2026-07-16 18:30:24
SEM/MO/00569,[PTEC029] PULPA DE GUANABANA GOYA UE UNIDAD 250 g,Units,HF PB 161 26,2800.0,2343.0,100.0,Terminada,2026-06-11,2026-06-11 20:58,2026-06-15 15:29,Sí,Dosificado manual ,DOSIFICADO MANUAL,Terminada,58.8,66.3,2026-06-11 21:51,2026-06-12 10:09,2026-07-16 18:30:24
SEM/MO/00569,[PTEC029] PULPA DE GUANABANA GOYA UE UNIDAD 250 g,Units,HF PB 161 26,2800.0,2343.0,100.0,Terminada,2026-06-11,2026-06-11 20:58,2026-06-15 15:29,Sí,Etiquetado manual,ETIQUETADO,Terminada,84.0,73.7,2026-06-11 20:37,2026-06-12 10:09,2026-07-16 18:30:24
SEM/MO/00570,[PTEC004] PULPA DE GUAYABA GOYA USA UNIDAD 397 g,Units,HF PB 163 26,14000.0,17061.0,100.0,Terminada,2026-06-12,2026-06-12 06:09,2026-06-18 10:25,Sí,Liberación ,LIMPIEZA,Terminada,1219.2,408.3,2026-06-12 06:09,2026-06-15 16:26,2026-07-16 18:30:24
SEM/MO/00570,[PTEC004] PULPA DE GUAYABA GOYA USA UNIDAD 397 g,Units,HF PB 163 26,14000.0,17061.0,100.0,Terminada,2026-06-12,2026-06-12 06:09,2026-06-18 10:25,Sí,Lavado y desinfección,LAVADO 2,Terminada,746.6,259.6,2026-06-12 10:47,2026-06-15 16:26,2026-07-16 18:30:24
SEM/MO/00570,[PTEC004] PULPA DE GUAYABA GOYA USA UNIDAD 397 g,Units,HF PB 163 26,14000.0,17061.0,100.0,Terminada,2026-06-12,2026-06-12 06:09,2026-06-18 10:25,Sí,Despulpado y refinado,PULPEADO,Terminada,1128.9,324.6,2026-06-12 10:46,2026-06-15 16:26,2026-07-16 18:30:24
SEM/MO/00570,[PTEC004] PULPA DE GUAYABA GOYA USA UNIDAD 397 g,Units,HF PB 163 26,14000.0,17061.0,100.0,Terminada,2026-06-12,2026-06-12 06:09,2026-06-18 10:25,Sí,Pasteurizado,PASTEURIZACIÓN,Terminada,821.0,608.0,2026-06-12 17:00,2026-06-15 16:26,2026-07-16 18:30:24
SEM/MO/00570,[PTEC004] PULPA DE GUAYABA GOYA USA UNIDAD 397 g,Units,HF PB 163 26,14000.0,17061.0,100.0,Terminada,2026-06-12,2026-06-12 06:09,2026-06-18 10:25,Sí,Dosificado Automático,DOSIFICADO AUTOMÁTICO,Terminada,853.0,515.1,2026-06-12 19:08,2026-06-15 16:26,2026-07-16 18:30:24
SEM/MO/00570,[PTEC004] PULPA DE GUAYABA GOYA USA UNIDAD 397 g,Units,HF PB 163 26,14000.0,17061.0,100.0,Terminada,2026-06-12,2026-06-12 06:09,2026-06-18 10:25,Sí,Dosificado manual ,DOSIFICADO MANUAL,Terminada,903.1,518.5,2026-06-12 15:07,2026-06-15 16:26,2026-07-16 18:30:24
SEM/MO/00570,[PTEC004] PULPA DE GUAYABA GOYA USA UNIDAD 397 g,Units,HF PB 163 26,14000.0,17061.0,100.0,Terminada,2026-06-12,2026-06-12 06:09,2026-06-18 10:25,Sí,Etiquetado manual,ETIQUETADO,Terminada,511.8,183.4,2026-06-12 15:07,2026-06-15 16:27,2026-07-16 18:30:24
SEM/MO/00572,[PTEC013] PULPA DE TOMATE DE ARBOL MERICA UNIDAD 250 g,Units,L1632615,7000.0,9355.0,100.0,Terminada,2026-06-12,2026-06-12 07:30,2026-06-15 16:15,Sí,Liberación ,LIMPIEZA,Terminada,315.0,160.3,2026-06-12 06:09,2026-06-12 15:11,2026-07-16 18:30:24
SEM/MO/00572,[PTEC013] PULPA DE TOMATE DE ARBOL MERICA UNIDAD 250 g,Units,L1632615,7000.0,9355.0,100.0,Terminada,2026-06-12,2026-06-12 07:30,2026-06-15 16:15,Sí,Proceso Manual ,DESPITONADO,Terminada,830.7,127.9,2026-06-12 06:08,2026-06-12 15:11,2026-07-16 18:30:24
SEM/MO/00572,[PTEC013] PULPA DE TOMATE DE ARBOL MERICA UNIDAD 250 g,Units,L1632615,7000.0,9355.0,100.0,Terminada,2026-06-12,2026-06-12 07:30,2026-06-15 16:15,Sí,Lavado y desinfección,LAVADO 2,Terminada,221.5,168.4,2026-06-12 07:58,2026-06-15 14:24,2026-07-16 18:30:24
SEM/MO/00572,[PTEC013] PULPA DE TOMATE DE ARBOL MERICA UNIDAD 250 g,Units,L1632615,7000.0,9355.0,100.0,Terminada,2026-06-12,2026-06-12 07:30,2026-06-15 16:15,Sí,Despulpado y refinado,PULPEADO,Terminada,291.7,168.1,2026-06-12 07:58,2026-06-15 14:24,2026-07-16 18:30:24
SEM/MO/00572,[PTEC013] PULPA DE TOMATE DE ARBOL MERICA UNIDAD 250 g,Units,L1632615,7000.0,9355.0,100.0,Terminada,2026-06-12,2026-06-12 07:30,2026-06-15 16:15,Sí,Calentamiento,CALENTAMIENTO,Terminada,212.1,260.8,2026-06-12 09:42,2026-06-15 14:24,2026-07-16 18:30:24
SEM/MO/00572,[PTEC013] PULPA DE TOMATE DE ARBOL MERICA UNIDAD 250 g,Units,L1632615,7000.0,9355.0,100.0,Terminada,2026-06-12,2026-06-12 07:30,2026-06-15 16:15,Sí,Dosificado manual ,DOSIFICADO MANUAL,Terminada,146.9,244.8,2026-06-12 10:46,2026-06-15 14:25,2026-07-16 18:30:24
SEM/MO/00572,[PTEC013] PULPA DE TOMATE DE ARBOL MERICA UNIDAD 250 g,Units,L1632615,7000.0,9355.0,100.0,Terminada,2026-06-12,2026-06-12 07:30,2026-06-15 16:15,Sí,Etiquetado manual,ETIQUETADO,Terminada,210.0,257.3,2026-06-12 07:30,2026-06-15 14:25,2026-07-16 18:30:24
SEM/MO/00566,[PTEXP015] Pulpa Maracuyá America x 250 gr (CAJAS 10 UDS),Units,L0832615,3420.0,3420.0,100.0,Terminada,2026-06-11,2026-06-12 08:37,2026-06-12 08:37,Sí,Encartonado,ENCARTONADO,Terminada,525.0,110.0,2026-06-12 08:37,2026-06-12 08:37,2026-07-16 18:30:24
SEM/MO/00571,[SALS007] SALSA DE CHOCOLATE 1 KG,kg,L1632604,2000.0,2006.0,100.0,Terminada,2026-06-12,2026-06-12 10:00,2026-06-15 16:28,Sí,Liberación ,LIMPIEZA,Terminada,120.0,59.5,2026-06-12 06:09,2026-06-12 15:10,2026-07-16 18:30:24
SEM/MO/00571,[SALS007] SALSA DE CHOCOLATE 1 KG,kg,L1632604,2000.0,2006.0,100.0,Terminada,2026-06-12,2026-06-12 10:00,2026-06-15 16:28,Sí,Mezclado,MEZCLADO,Terminada,252.6,119.9,2026-06-12 10:00,2026-06-15 15:43,2026-07-16 18:30:24
SEM/MO/00571,[SALS007] SALSA DE CHOCOLATE 1 KG,kg,L1632604,2000.0,2006.0,100.0,Terminada,2026-06-12,2026-06-12 10:00,2026-06-15 16:28,Sí,Pasteurizado,PASTEURIZACIÓN,Terminada,242.0,333.1,2026-06-12 07:09,2026-06-12 15:10,2026-07-16 18:30:24
SEM/MO/00571,[SALS007] SALSA DE CHOCOLATE 1 KG,kg,L1632604,2000.0,2006.0,100.0,Terminada,2026-06-12,2026-06-12 10:00,2026-06-15 16:28,Sí,Envasado Manual,ENVASADO MANUAL,Terminada,120.0,213.8,2026-06-12 09:14,2026-06-12 15:10,2026-07-16 18:30:24
SEM/MO/00571,[SALS007] SALSA DE CHOCOLATE 1 KG,kg,L1632604,2000.0,2006.0,100.0,Terminada,2026-06-12,2026-06-12 10:00,2026-06-15 16:28,Sí,Etiquetado,ETIQUETADO,Terminada,0.0,102.7,2026-06-12 07:32,2026-06-12 15:07,2026-07-16 18:30:24
SEM/MO/00574,[REP-PTEC029] (Reproceso) PULPA DE GUANABANA GOYA UE UNIDAD 250 g,,,629.0,629.0,100.0,Terminada,2026-06-10,2026-06-12 10:35,2026-06-15 16:16,No,,,,,,,,2026-07-16 18:30:24
SEM/MO/00575,[PTEC029] PULPA DE GUANABANA GOYA UE UNIDAD 250 g,,,629.0,629.0,100.0,Terminada,2026-06-10,2026-06-12 10:36,2026-06-15 16:32,Sí,,,,,,,,2026-07-16 18:30:24
SEM/MO/00573,[PULP006] PULPA DE FRESA 12 KG,kg,L1622609,340.0,336.0,100.0,Terminada,2026-06-11,2026-06-12 11:14,2026-06-12 12:56,Sí,Liberación ,LIMPIEZA,Terminada,20.2,30.0,2026-06-12 10:18,2026-06-12 10:18,2026-07-16 18:30:24
SEM/MO/00573,[PULP006] PULPA DE FRESA 12 KG,kg,L1622609,340.0,336.0,100.0,Terminada,2026-06-11,2026-06-12 11:14,2026-06-12 12:56,Sí,Lavado y desinfección,LAVADO 2,Terminada,29.6,30.0,2026-06-12 10:18,2026-06-12 10:18,2026-07-16 18:30:24
SEM/MO/00573,[PULP006] PULPA DE FRESA 12 KG,kg,L1622609,340.0,336.0,100.0,Terminada,2026-06-11,2026-06-12 11:14,2026-06-12 12:56,Sí,Despulpado y refinado,PULPEADO,Terminada,56.0,20.0,2026-06-12 10:18,2026-06-12 10:18,2026-07-16 18:30:24
SEM/MO/00573,[PULP006] PULPA DE FRESA 12 KG,kg,L1622609,340.0,336.0,100.0,Terminada,2026-06-11,2026-06-12 11:14,2026-06-12 12:56,Sí,Pasteurizado,PASTEURIZACIÓN,Terminada,40.7,15.0,2026-06-12 10:18,2026-06-12 10:18,2026-07-16 18:30:24
SEM/MO/00573,[PULP006] PULPA DE FRESA 12 KG,kg,L1622609,340.0,336.0,100.0,Terminada,2026-06-11,2026-06-12 11:14,2026-06-12 12:56,Sí,Envasado Manual,ENVASADO MANUAL,Terminada,20.2,65.0,2026-06-12 11:14,2026-06-12 11:18,2026-07-16 18:30:24
SEM/MO/00579,[SALS004] SALSA DE MORA EDULCORADA 15 KG,kg,L1662607,850.0,855.0,100.0,Terminada,2026-06-15,2026-06-15 11:09,2026-06-17 09:12,Sí,Liberación ,LIMPIEZA,Terminada,51.0,30.0,2026-06-16 07:04,2026-06-16 07:04,2026-07-16 18:30:24
SEM/MO/00579,[SALS004] SALSA DE MORA EDULCORADA 15 KG,kg,L1662607,850.0,855.0,100.0,Terminada,2026-06-15,2026-06-15 11:09,2026-06-17 09:12,Sí,Picado,RALLADO,Terminada,150.0,145.1,2026-06-16 13:59,2026-06-16 15:01,2026-07-16 18:30:24
SEM/MO/00579,[SALS004] SALSA DE MORA EDULCORADA 15 KG,kg,L1662607,850.0,855.0,100.0,Terminada,2026-06-15,2026-06-15 11:09,2026-06-17 09:12,Sí,Pasteurizado,PASTEURIZACIÓN,Terminada,103.5,130.2,2026-06-15 11:46,2026-06-16 15:01,2026-07-16 18:30:24
SEM/MO/00579,[SALS004] SALSA DE MORA EDULCORADA 15 KG,kg,L1662607,850.0,855.0,100.0,Terminada,2026-06-15,2026-06-15 11:09,2026-06-17 09:12,Sí,Envasado Manual,ENVASADO MANUAL,Terminada,51.3,75.2,2026-06-15 11:09,2026-06-16 15:02,2026-07-16 18:30:24
SEM/MO/00578,[PTEC019] PULPA DE LULO MERICA UNIDAD 250 g,Units,L1662615,1000.0,1027.0,100.0,Terminada,2026-06-15,2026-06-15 11:21,2026-06-18 10:14,Sí,Liberación ,LIMPIEZA,Terminada,46.2,100.0,2026-06-17 09:00,2026-06-18 10:14,2026-07-16 18:30:24
SEM/MO/00578,[PTEC019] PULPA DE LULO MERICA UNIDAD 250 g,Units,L1662615,1000.0,1027.0,100.0,Terminada,2026-06-15,2026-06-15 11:21,2026-06-18 10:14,Sí,Proceso Manual ,DESPITONADO,Terminada,242.7,35.0,2026-06-17 09:45,2026-06-18 10:14,2026-07-16 18:30:24
SEM/MO/00578,[PTEC019] PULPA DE LULO MERICA UNIDAD 250 g,Units,L1662615,1000.0,1027.0,100.0,Terminada,2026-06-15,2026-06-15 11:21,2026-06-18 10:14,Sí,Lavado y desinfección,LAVADO 2,Terminada,27.3,25.0,2026-06-17 14:41,2026-06-18 10:14,2026-07-16 18:30:24
SEM/MO/00578,[PTEC019] PULPA DE LULO MERICA UNIDAD 250 g,Units,L1662615,1000.0,1027.0,100.0,Terminada,2026-06-15,2026-06-15 11:21,2026-06-18 10:14,Sí,Escaldado/descongelado,ESCALDADO,Terminada,51.4,50.0,2026-06-17 15:07,2026-06-18 10:14,2026-07-16 18:30:24
SEM/MO/00578,[PTEC019] PULPA DE LULO MERICA UNIDAD 250 g,Units,L1662615,1000.0,1027.0,100.0,Terminada,2026-06-15,2026-06-15 11:21,2026-06-18 10:14,Sí,Despulpado y refinado,PULPEADO,Terminada,41.7,25.0,2026-06-16 07:06,2026-06-16 07:06,2026-07-16 18:30:24
SEM/MO/00578,[PTEC019] PULPA DE LULO MERICA UNIDAD 250 g,Units,L1662615,1000.0,1027.0,100.0,Terminada,2026-06-15,2026-06-15 11:21,2026-06-18 10:14,Sí,Calentamiento,CALENTAMIENTO,Terminada,31.1,20.0,2026-06-16 13:00,2026-06-18 10:14,2026-07-16 18:30:24
SEM/MO/00578,[PTEC019] PULPA DE LULO MERICA UNIDAD 250 g,Units,L1662615,1000.0,1027.0,100.0,Terminada,2026-06-15,2026-06-15 11:21,2026-06-18 10:14,Sí,Dosificado manual ,DOSIFICADO MANUAL,Terminada,21.6,45.9,2026-06-15 11:21,2026-06-18 10:14,2026-07-16 18:30:24
SEM/MO/00578,[PTEC019] PULPA DE LULO MERICA UNIDAD 250 g,Units,L1662615,1000.0,1027.0,100.0,Terminada,2026-06-15,2026-06-15 11:21,2026-06-18 10:14,Sí,Etiquetado manual,ETIQUETADO,Terminada,30.8,25.0,2026-06-16 15:00,2026-06-18 10:14,2026-07-16 18:30:24
SEM/MO/00577,[PTEC012] PULPA DE MANGO MERICA UNIDAD 250 g,Units,L1662615,15000.0,14897.0,100.0,Terminada,2026-06-15,2026-06-15 11:21,2026-06-18 10:36,Sí,Liberación ,LIMPIEZA,Terminada,670.4,187.5,2026-06-15 11:37,2026-06-16 18:32,2026-07-16 18:30:24
SEM/MO/00577,[PTEC012] PULPA DE MANGO MERICA UNIDAD 250 g,Units,L1662615,15000.0,14897.0,100.0,Terminada,2026-06-15,2026-06-15 11:21,2026-06-18 10:36,Sí,Homogenizado,HOMOGENIZACIÓN,Terminada,93.1,167.6,2026-06-15 11:21,2026-06-16 18:32,2026-07-16 18:30:24
SEM/MO/00577,[PTEC012] PULPA DE MANGO MERICA UNIDAD 250 g,Units,L1662615,15000.0,14897.0,100.0,Terminada,2026-06-15,2026-06-15 11:21,2026-06-18 10:36,Sí,Calentamiento,CALENTAMIENTO,Terminada,451.4,395.3,2026-06-15 12:25,2026-06-16 18:32,2026-07-16 18:30:24
SEM/MO/00577,[PTEC012] PULPA DE MANGO MERICA UNIDAD 250 g,Units,L1662615,15000.0,14897.0,100.0,Terminada,2026-06-15,2026-06-15 11:21,2026-06-18 10:36,Sí,Dosificado manual ,DOSIFICADO MANUAL,Terminada,312.7,90.0,2026-06-15 19:02,2026-06-16 18:32,2026-07-16 18:30:24
SEM/MO/00577,[PTEC012] PULPA DE MANGO MERICA UNIDAD 250 g,Units,L1662615,15000.0,14897.0,100.0,Terminada,2026-06-15,2026-06-15 11:21,2026-06-18 10:36,Sí,Etiquetado manual,ETIQUETADO,Terminada,446.9,92.2,2026-06-15 11:59,2026-06-16 18:32,2026-07-16 18:30:24
SEM/MO/00576,[PTEC007] PULPA DE MARACUYA GOYA USA UNIDAD 397 g,Units,HF PB 166 26,5000.0,5657.0,100.0,Terminada,2026-06-15,2026-06-15 13:31,2026-06-22 09:37,Sí,Liberación ,LIMPIEZA,Terminada,404.2,25.8,2026-06-15 20:32,2026-06-19 16:25,2026-07-16 18:30:24
SEM/MO/00576,[PTEC007] PULPA DE MARACUYA GOYA USA UNIDAD 397 g,Units,HF PB 166 26,5000.0,5657.0,100.0,Terminada,2026-06-15,2026-06-15 13:31,2026-06-22 09:37,Sí,Lavado y desinfección,LAVADO 2,Terminada,516.3,456.3,2026-06-15 15:12,2026-06-19 16:25,2026-07-16 18:30:24
SEM/MO/00576,[PTEC007] PULPA DE MARACUYA GOYA USA UNIDAD 397 g,Units,HF PB 166 26,5000.0,5657.0,100.0,Terminada,2026-06-15,2026-06-15 13:31,2026-06-22 09:37,Sí,Despulpado y refinado,PULPEADO,Terminada,374.3,458.5,2026-06-15 15:12,2026-06-19 16:25,2026-07-16 18:30:24
SEM/MO/00576,[PTEC007] PULPA DE MARACUYA GOYA USA UNIDAD 397 g,Units,HF PB 166 26,5000.0,5657.0,100.0,Terminada,2026-06-15,2026-06-15 13:31,2026-06-22 09:37,Sí,Pasteurizado,PASTEURIZACIÓN,Terminada,272.2,191.7,2026-06-15 19:39,2026-06-19 16:25,2026-07-16 18:30:24
SEM/MO/00576,[PTEC007] PULPA DE MARACUYA GOYA USA UNIDAD 397 g,Units,HF PB 166 26,5000.0,5657.0,100.0,Terminada,2026-06-15,2026-06-15 13:31,2026-06-22 09:37,Sí,Dosificado manual ,DOSIFICADO MANUAL,Terminada,299.4,470.6,2026-06-15 13:31,2026-06-19 16:26,2026-07-16 18:30:24
SEM/MO/00576,[PTEC007] PULPA DE MARACUYA GOYA USA UNIDAD 397 g,Units,HF PB 166 26,5000.0,5657.0,100.0,Terminada,2026-06-15,2026-06-15 13:31,2026-06-22 09:37,Sí,Etiquetado manual,ETIQUETADO,Terminada,169.7,93.1,2026-06-15 15:13,2026-06-19 16:26,2026-07-16 18:30:24
SEM/MO/00583,[REP-PTEC012] (Reproceso) PULPA DE MANGO MERICA UNIDAD 250 g,,,1344.0,1344.0,100.0,Terminada,2026-06-11,2026-06-15 15:50,2026-06-18 11:24,No,,,,,,,,2026-07-16 18:30:24
SEM/MO/00584,[PTEC012] PULPA DE MANGO MERICA UNIDAD 250 g,,,1344.0,1344.0,100.0,Terminada,2026-06-11,2026-06-15 15:51,2026-06-19 06:20,Sí,,,,,,,,2026-07-16 18:30:24
SEM/MO/00580,[PTEXP020] Pulpa Tamarindo America x 250 gr (CAJAS 10 UDS),Units,L1262615,3420.0,3420.0,100.0,Terminada,2026-06-12,2026-06-15 16:10,2026-06-15 16:10,Sí,Encartonado,ENCARTONADO,Terminada,525.0,130.0,2026-06-15 16:10,2026-06-15 16:10,2026-07-16 18:30:24
SEM/MO/00581,[PTEXP020] Pulpa Tamarindo America x 250 gr (CAJAS 10 UDS),Units,L1592615,3420.0,3420.0,100.0,Terminada,2026-06-12,2026-06-15 16:12,2026-06-15 16:12,Sí,Encartonado,ENCARTONADO,Terminada,525.0,95.5,2026-06-15 16:12,2026-06-15 16:12,2026-07-16 18:30:24
SEM/MO/00582,[PTEXP017] Pulpa Guayaba America x 250 gr (CAJAS 10 UDS),Units,L1602615,3420.0,3420.0,100.0,Terminada,2026-06-12,2026-06-15 16:14,2026-06-15 16:14,Sí,Encartonado,ENCARTONADO,Terminada,525.0,120.0,2026-06-15 16:14,2026-06-15 16:14,2026-07-16 18:30:24
SEM/MO/00585,[REP-PTEC013] Reproceso - PULPA DE TOMATE DE ARBOL MERICA UNIDAD 250 g,,,2567.0,2567.0,100.0,Terminada,2026-06-12,2026-06-15 16:18,2026-06-18 11:31,No,,,,,,,,2026-07-16 18:30:24
SEM/MO/00586,[PTEC013] PULPA DE TOMATE DE ARBOL MERICA UNIDAD 250 g,,,2567.0,2567.0,100.0,Terminada,2026-06-12,2026-06-15 16:19,2026-06-22 09:40,Sí,,,,,,,,2026-07-16 18:30:24
SEM/MO/00589,[PTEXP004] GUAVA PULP 12 X 14 OZ,Caja de 12,HF PB 153 26,230.0,230.0,100.0,Terminada,2026-06-15,2026-06-15 17:36,2026-06-15 19:04,Sí,Encartonado,ENCARTONADO,Terminada,345.0,100.0,2026-06-15 17:36,2026-06-15 17:36,2026-07-16 18:30:24
SEM/MO/00587,[PTEXP002] SOURSOP PULP 12 X 14 OZ,Caja de 12,HF PB 159 26,420.0,420.0,100.0,Terminada,2026-06-15,2026-06-15 17:36,2026-06-15 18:59,Sí,Encartonado,ENCARTONADO,Terminada,630.0,150.0,2026-06-15 17:36,2026-06-15 17:36,2026-07-16 18:30:24
SEM/MO/00590,[PTEXP001] MANGO PULP 12 X 14 OZ,Caja de 12,HF PB 160 26,200.0,200.0,100.0,Terminada,2026-06-15,2026-06-15 17:36,2026-06-15 19:08,Sí,Encartonado,ENCARTONADO,Terminada,300.0,70.0,2026-06-15 17:36,2026-06-15 17:36,2026-07-16 18:30:24
SEM/MO/00588,[PTEXP003] NARANJILLA PULP 12 X 14 OZ,Caja de 12,HF PB 141 26,200.0,200.0,100.0,Terminada,2026-06-15,2026-06-15 17:37,2026-06-15 19:12,Sí,Encartonado,ENCARTONADO,Terminada,300.0,95.0,2026-06-15 17:37,2026-06-15 17:37,2026-07-16 18:30:24
SEM/MO/00591,[PTEC025] PULPA DE MORA GOYA UE UNIDAD 250 g,Units,HF PB 167 26,12000.0,11300.0,100.0,Terminada,2026-06-16,2026-06-16 07:05,2026-06-18 11:27,Sí,Liberación ,LIMPIEZA,Terminada,508.5,115.3,2026-06-16 07:05,2026-06-18 08:44,2026-07-16 18:30:24
SEM/MO/00591,[PTEC025] PULPA DE MORA GOYA UE UNIDAD 250 g,Units,HF PB 167 26,12000.0,11300.0,100.0,Terminada,2026-06-16,2026-06-16 07:05,2026-06-18 11:27,Sí,Escaldado/descongelado,ESCALDADO,Terminada,497.7,217.1,2026-06-16 07:21,2026-06-18 08:44,2026-07-16 18:30:24
SEM/MO/00591,[PTEC025] PULPA DE MORA GOYA UE UNIDAD 250 g,Units,HF PB 167 26,12000.0,11300.0,100.0,Terminada,2026-06-16,2026-06-16 07:05,2026-06-18 11:27,Sí,Despulpado y refinado,PULPEADO,Terminada,470.8,323.7,2026-06-16 07:06,2026-06-18 08:44,2026-07-16 18:30:24
SEM/MO/00591,[PTEC025] PULPA DE MORA GOYA UE UNIDAD 250 g,Units,HF PB 167 26,12000.0,11300.0,100.0,Terminada,2026-06-16,2026-06-16 07:05,2026-06-18 11:27,Sí,Pasteurizado,PASTEURIZACIÓN,Terminada,342.4,309.5,2026-06-16 08:39,2026-06-18 08:44,2026-07-16 18:30:24
SEM/MO/00591,[PTEC025] PULPA DE MORA GOYA UE UNIDAD 250 g,Units,HF PB 167 26,12000.0,11300.0,100.0,Terminada,2026-06-16,2026-06-16 07:05,2026-06-18 11:27,Sí,Dosificado manual ,DOSIFICADO MANUAL,Terminada,237.2,454.3,2026-06-16 08:39,2026-06-18 08:45,2026-07-16 18:30:24
SEM/MO/00591,[PTEC025] PULPA DE MORA GOYA UE UNIDAD 250 g,Units,HF PB 167 26,12000.0,11300.0,100.0,Terminada,2026-06-16,2026-06-16 07:05,2026-06-18 11:27,Sí,Etiquetado manual,ETIQUETADO,Terminada,339.0,167.1,2026-06-16 07:22,2026-06-18 08:45,2026-07-16 18:30:24
SEM/MO/00593,[PTEC008] PULPA DE PAPAYA GOYA USA UNIDAD 397 g,Units,HF PB 167 26,3600.0,4277.0,100.0,Terminada,2026-06-16,2026-06-16 08:55,2026-06-18 11:13,Sí,Liberación ,LIMPIEZA,Terminada,257.3,284.4,2026-06-16 15:10,2026-06-18 09:48,2026-07-16 18:30:24
SEM/MO/00593,[PTEC008] PULPA DE PAPAYA GOYA USA UNIDAD 397 g,Units,HF PB 167 26,3600.0,4277.0,100.0,Terminada,2026-06-16,2026-06-16 08:55,2026-06-18 11:13,Sí,Lavado y desinfección,LAVADO 2,Terminada,167.6,85.5,2026-06-16 15:10,2026-06-18 09:49,2026-07-16 18:30:24
SEM/MO/00593,[PTEC008] PULPA DE PAPAYA GOYA USA UNIDAD 397 g,Units,HF PB 167 26,3600.0,4277.0,100.0,Terminada,2026-06-16,2026-06-16 08:55,2026-06-18 11:13,Sí,Despulpado y refinado,PULPEADO,Terminada,238.2,89.4,2026-06-16 17:52,2026-06-18 09:49,2026-07-16 18:30:24
SEM/MO/00593,[PTEC008] PULPA DE PAPAYA GOYA USA UNIDAD 397 g,Units,HF PB 167 26,3600.0,4277.0,100.0,Terminada,2026-06-16,2026-06-16 08:55,2026-06-18 11:13,Sí,Homogenizado,HOMOGENIZACIÓN,Terminada,35.7,59.3,2026-06-16 19:48,2026-06-18 09:49,2026-07-16 18:30:24
SEM/MO/00593,[PTEC008] PULPA DE PAPAYA GOYA USA UNIDAD 397 g,Units,HF PB 167 26,3600.0,4277.0,100.0,Terminada,2026-06-16,2026-06-16 08:55,2026-06-18 11:13,Sí,Pasteurizado,PASTEURIZACIÓN,Terminada,173.2,42.9,2026-06-16 20:03,2026-06-18 09:49,2026-07-16 18:30:24
SEM/MO/00593,[PTEC008] PULPA DE PAPAYA GOYA USA UNIDAD 397 g,Units,HF PB 167 26,3600.0,4277.0,100.0,Terminada,2026-06-16,2026-06-16 08:55,2026-06-18 11:13,Sí,Dosificado manual ,DOSIFICADO MANUAL,Terminada,190.6,128.2,2026-06-16 19:53,2026-06-18 09:49,2026-07-16 18:30:24
SEM/MO/00593,[PTEC008] PULPA DE PAPAYA GOYA USA UNIDAD 397 g,Units,HF PB 167 26,3600.0,4277.0,100.0,Terminada,2026-06-16,2026-06-16 08:55,2026-06-18 11:13,Sí,Etiquetado manual,ETIQUETADO,Terminada,108.0,60.3,2026-06-16 08:55,2026-06-18 09:49,2026-07-16 18:30:24
SEM/MO/00593,[PTEC008] PULPA DE PAPAYA GOYA USA UNIDAD 397 g,Units,HF PB 167 26,3600.0,4277.0,100.0,Terminada,2026-06-16,2026-06-16 08:55,2026-06-18 11:13,Sí,Despepado,DESPEPADO,Terminada,0.0,108.0,2026-06-16 17:35,2026-06-18 09:50,2026-07-16 18:30:24
SEM/MO/00592,[PULP020] PULPA DE MORA 14KG,kg,L1672609,1500.0,1722.0,100.0,Terminada,2026-06-16,2026-06-16 12:31,2026-06-18 11:19,Sí,Liberación ,LIMPIEZA,Terminada,90.0,41.6,2026-06-16 17:36,2026-06-18 08:45,2026-07-16 18:30:24
SEM/MO/00592,[PULP020] PULPA DE MORA 14KG,kg,L1672609,1500.0,1722.0,100.0,Terminada,2026-06-16,2026-06-16 12:31,2026-06-18 11:19,Sí,Escaldado/descongelado,ESCALDADO,Terminada,264.3,118.4,2026-06-16 12:31,2026-06-18 08:45,2026-07-16 18:30:24
SEM/MO/00592,[PULP020] PULPA DE MORA 14KG,kg,L1672609,1500.0,1722.0,100.0,Terminada,2026-06-16,2026-06-16 12:31,2026-06-18 11:19,Sí,Despulpado y refinado,PULPEADO,Terminada,250.0,89.3,2026-06-16 13:08,2026-06-18 08:45,2026-07-16 18:30:24
SEM/MO/00592,[PULP020] PULPA DE MORA 14KG,kg,L1672609,1500.0,1722.0,100.0,Terminada,2026-06-16,2026-06-16 12:31,2026-06-18 11:19,Sí,Pasteurizado,PASTEURIZACIÓN,Terminada,181.5,203.9,2026-06-16 15:10,2026-06-18 08:46,2026-07-16 18:30:24
SEM/MO/00592,[PULP020] PULPA DE MORA 14KG,kg,L1672609,1500.0,1722.0,100.0,Terminada,2026-06-16,2026-06-16 12:31,2026-06-18 11:19,Sí,Envasado Manual,ENVASADO MANUAL,Terminada,90.0,150.2,2026-06-16 15:24,2026-06-18 08:47,2026-07-16 18:30:24
SEM/MO/00594,[PTEXP002] SOURSOP PULP 12 X 14 OZ,Caja de 12,HF PB 159 26,210.0,210.0,100.0,Terminada,2026-06-16,2026-06-16 18:44,2026-06-17 15:23,Sí,Encartonado,ENCARTONADO,Terminada,315.0,50.0,2026-06-16 18:44,2026-06-16 18:44,2026-07-16 18:30:24
SEM/MO/00597,[PTEXP004] GUAVA PULP 12 X 14 OZ,Caja de 12,HF PB 160 26,210.0,210.0,100.0,Terminada,2026-06-16,2026-06-16 18:47,2026-06-17 15:34,Sí,Encartonado,ENCARTONADO,Terminada,315.0,105.0,2026-06-16 18:47,2026-06-16 18:47,2026-07-16 18:30:24
SEM/MO/00595,[PTEXP004] GUAVA PULP 12 X 14 OZ,Caja de 12,HF PB 153 26,210.0,210.0,100.0,Terminada,2026-06-16,2026-06-16 18:47,2026-06-17 15:35,Sí,Encartonado,ENCARTONADO,Terminada,315.0,75.0,2026-06-16 18:47,2026-06-16 18:47,2026-07-16 18:30:24
SEM/MO/00596,[PTEXP003] NARANJILLA PULP 12 X 14 OZ,Caja de 12,HF PB 141 26,420.0,420.0,100.0,Terminada,2026-06-16,2026-06-16 18:49,2026-06-17 15:29,Sí,Encartonado,ENCARTONADO,Terminada,630.0,175.0,2026-06-16 18:49,2026-06-16 18:49,2026-07-16 18:30:24
SEM/MO/00598,[PTEC001] PULPA DE MANGO GOYA USA UNIDAD 397 g,Units,HF PB 168 26,10000.0,9635.0,100.0,Terminada,2026-06-17,2026-06-17 06:20,2026-06-22 10:56,Sí,Liberación ,LIMPIEZA,Terminada,688.5,93.3,2026-06-17 06:20,2026-06-19 10:18,2026-07-16 18:30:24
SEM/MO/00598,[PTEC001] PULPA DE MANGO GOYA USA UNIDAD 397 g,Units,HF PB 168 26,10000.0,9635.0,100.0,Terminada,2026-06-17,2026-06-17 06:20,2026-06-22 10:56,Sí,Homogenizado,HOMOGENIZACIÓN,Terminada,95.6,278.5,2026-06-17 06:44,2026-06-19 10:19,2026-07-16 18:30:24
SEM/MO/00598,[PTEC001] PULPA DE MANGO GOYA USA UNIDAD 397 g,Units,HF PB 168 26,10000.0,9635.0,100.0,Terminada,2026-06-17,2026-06-17 06:20,2026-06-22 10:56,Sí,Pasteurizado,PASTEURIZACIÓN,Terminada,463.6,379.9,2026-06-17 07:42,2026-06-19 10:19,2026-07-16 18:30:24
SEM/MO/00598,[PTEC001] PULPA DE MANGO GOYA USA UNIDAD 397 g,Units,HF PB 168 26,10000.0,9635.0,100.0,Terminada,2026-06-17,2026-06-17 06:20,2026-06-22 10:56,Sí,Dosificado Automático,DOSIFICADO AUTOMÁTICO,Terminada,481.8,454.5,2026-06-17 08:48,2026-06-19 10:19,2026-07-16 18:30:24
SEM/MO/00598,[PTEC001] PULPA DE MANGO GOYA USA UNIDAD 397 g,Units,HF PB 168 26,10000.0,9635.0,100.0,Terminada,2026-06-17,2026-06-17 06:20,2026-06-22 10:56,Sí,Dosificado manual ,DOSIFICADO MANUAL,Terminada,510.0,243.4,2026-06-17 10:51,2026-06-19 10:19,2026-07-16 18:30:24
SEM/MO/00598,[PTEC001] PULPA DE MANGO GOYA USA UNIDAD 397 g,Units,HF PB 168 26,10000.0,9635.0,100.0,Terminada,2026-06-17,2026-06-17 06:20,2026-06-22 10:56,Sí,Etiquetado manual,ETIQUETADO,Terminada,289.1,93.4,2026-06-17 07:14,2026-06-19 10:19,2026-07-16 18:30:24
SEM/MO/00602,[PTEC030] PULPA DE PIÑA GOYA UE UNIDAD 250 g,Units,HF PB 168 26,5000.0,5710.0,100.0,Terminada,2026-06-17,2026-06-17 14:58,2026-06-22 14:29,Sí,Liberación ,LIMPIEZA,Terminada,256.9,37.5,2026-06-18 12:58,2026-06-19 09:20,2026-07-16 18:30:24
SEM/MO/00602,[PTEC030] PULPA DE PIÑA GOYA UE UNIDAD 250 g,Units,HF PB 168 26,5000.0,5710.0,100.0,Terminada,2026-06-17,2026-06-17 14:58,2026-06-22 14:29,Sí,Lavado y desinfección,LAVADO 2,Terminada,226.5,264.8,2026-06-17 14:58,2026-06-19 09:20,2026-07-16 18:30:24
SEM/MO/00602,[PTEC030] PULPA DE PIÑA GOYA UE UNIDAD 250 g,Units,HF PB 168 26,5000.0,5710.0,100.0,Terminada,2026-06-17,2026-06-17 14:58,2026-06-22 14:29,Sí,Despulpado y refinado,PULPEADO,Terminada,237.9,14.3,2026-06-18 17:17,2026-06-19 09:20,2026-07-16 18:30:24
SEM/MO/00602,[PTEC030] PULPA DE PIÑA GOYA UE UNIDAD 250 g,Units,HF PB 168 26,5000.0,5710.0,100.0,Terminada,2026-06-17,2026-06-17 14:58,2026-06-22 14:29,Sí,Pasteurizado,PASTEURIZACIÓN,Terminada,173.0,168.4,2026-06-18 15:48,2026-06-19 09:21,2026-07-16 18:30:24
SEM/MO/00602,[PTEC030] PULPA DE PIÑA GOYA UE UNIDAD 250 g,Units,HF PB 168 26,5000.0,5710.0,100.0,Terminada,2026-06-17,2026-06-17 14:58,2026-06-22 14:29,Sí,Dosificado manual ,DOSIFICADO MANUAL,Terminada,119.9,170.3,2026-06-18 15:47,2026-06-19 09:21,2026-07-16 18:30:24
SEM/MO/00602,[PTEC030] PULPA DE PIÑA GOYA UE UNIDAD 250 g,Units,HF PB 168 26,5000.0,5710.0,100.0,Terminada,2026-06-17,2026-06-17 14:58,2026-06-22 14:29,Sí,Etiquetado manual,ETIQUETADO,Terminada,171.3,118.2,2026-06-17 16:44,2026-06-19 09:21,2026-07-16 18:30:24
SEM/MO/00602,[PTEC030] PULPA DE PIÑA GOYA UE UNIDAD 250 g,Units,HF PB 168 26,5000.0,5710.0,100.0,Terminada,2026-06-17,2026-06-17 14:58,2026-06-22 14:29,Sí,Pelado,PELADO MANUAL,Terminada,0.0,372.1,2026-06-17 15:02,2026-06-19 09:22,2026-07-16 18:30:24
SEM/MO/00600,[PTEXP004] GUAVA PULP 12 X 14 OZ,Caja de 12,HF PB 160 26,420.0,420.0,100.0,Terminada,2026-06-17,2026-06-17 17:39,2026-06-17 18:36,Sí,Encartonado,ENCARTONADO,Terminada,630.0,205.0,2026-06-17 17:39,2026-06-17 17:39,2026-07-16 18:30:24
SEM/MO/00605,[PTEXP009] PINEAPPLE PULP 12 X 14 OZ,Caja de 12,HF PB 153 26,210.0,210.0,100.0,Terminada,2026-06-17,2026-06-17 17:52,2026-06-17 18:38,Sí,Encartonado,ENCARTONADO,Terminada,315.0,160.0,2026-06-17 17:52,2026-06-17 17:52,2026-07-16 18:30:24
SEM/MO/00604,[PTEXP004] GUAVA PULP 12 X 14 OZ,Caja de 12,HF PB 153 26,210.0,210.0,100.0,Terminada,2026-06-17,2026-06-17 18:33,2026-06-17 18:33,Sí,Encartonado,ENCARTONADO,Terminada,315.0,120.0,2026-06-17 18:33,2026-06-17 18:33,2026-07-16 18:30:24
SEM/MO/00599,[PULP012] PULPA DE TOMATE DE ARBOL 16 KG,kg,L1692608,1504.0,1744.0,100.0,Terminada,2026-06-18,2026-06-18 06:27,2026-06-22 09:12,Sí,Liberación ,LIMPIEZA,Terminada,104.6,114.0,2026-06-18 06:27,2026-06-19 12:26,2026-07-16 18:30:24
SEM/MO/00599,[PULP012] PULPA DE TOMATE DE ARBOL 16 KG,kg,L1692608,1504.0,1744.0,100.0,Terminada,2026-06-18,2026-06-18 06:27,2026-06-22 09:12,Sí,Lavado y desinfección,LAVADO 2,Terminada,220.8,174.2,2026-06-18 08:28,2026-06-19 12:26,2026-07-16 18:30:24
SEM/MO/00599,[PULP012] PULPA DE TOMATE DE ARBOL 16 KG,kg,L1692608,1504.0,1744.0,100.0,Terminada,2026-06-18,2026-06-18 06:27,2026-06-22 09:12,Sí,Escaldado/descongelado,ESCALDADO,Terminada,415.2,238.1,2026-06-18 08:27,2026-06-19 12:26,2026-07-16 18:30:24
SEM/MO/00599,[PULP012] PULPA DE TOMATE DE ARBOL 16 KG,kg,L1692608,1504.0,1744.0,100.0,Terminada,2026-06-18,2026-06-18 06:27,2026-06-22 09:12,Sí,Despulpado y refinado,PULPEADO,Terminada,290.7,206.2,2026-06-18 11:25,2026-06-19 12:26,2026-07-16 18:30:24
SEM/MO/00599,[PULP012] PULPA DE TOMATE DE ARBOL 16 KG,kg,L1692608,1504.0,1744.0,100.0,Terminada,2026-06-18,2026-06-18 06:27,2026-06-22 09:12,Sí,Pasteurizado,PASTEURIZACIÓN,Terminada,211.0,207.4,2026-06-18 11:40,2026-06-19 12:26,2026-07-16 18:30:24
SEM/MO/00599,[PULP012] PULPA DE TOMATE DE ARBOL 16 KG,kg,L1692608,1504.0,1744.0,100.0,Terminada,2026-06-18,2026-06-18 06:27,2026-06-22 09:12,Sí,Envasado Manual,ENVASADO MANUAL,Terminada,104.6,236.7,2026-06-18 09:59,2026-06-19 12:26,2026-07-16 18:30:24
SEM/MO/00622,[REP-PULP012] (Reproceso) PULPA DE TOMATE DE ARBOL 16 KG,,,64.0,64.0,100.0,Terminada,2026-06-18,2026-06-18 10:30,2026-06-19 12:35,No,,,,,,,,2026-07-16 18:30:24
SEM/MO/00608,[REP-PTEC012] (Reproceso) PULPA DE MANGO MERICA UNIDAD 250 g,,,7866.0,7866.0,100.0,Terminada,2026-06-15,2026-06-18 11:04,2026-06-19 06:20,No,,,,,,,,2026-07-16 18:30:24
SEM/MO/00609,[PTEC012] PULPA DE MANGO MERICA UNIDAD 250 g,,,7866.0,7866.0,100.0,Terminada,2026-06-15,2026-06-18 11:05,2026-06-22 09:43,Sí,,,,,,,,2026-07-16 18:30:24
SEM/MO/00610,[REP-PTEC019] (Reproceso) PULPA DE LULO MERICA UNIDAD 250 g ,,,892.0,892.0,100.0,Terminada,2026-06-15,2026-06-18 11:06,2026-06-22 09:07,No,,,,,,,,2026-07-16 18:30:24
SEM/MO/00611,[PTEC019] PULPA DE LULO MERICA UNIDAD 250 g,,,892.0,892.0,100.0,Terminada,2026-06-15,2026-06-18 11:07,2026-06-22 09:39,Sí,,,,,,,,2026-07-16 18:30:24
SEM/MO/00612,[REP-PTEC008] (Reproceso) PULPA DE PAPAYA GOYA USA UNIDAD 397 g,,,2187.0,2187.0,100.0,Terminada,2026-06-16,2026-06-18 11:14,2026-06-22 09:07,No,,,,,,,,2026-07-16 18:30:24
SEM/MO/00613,[PTEC008] PULPA DE PAPAYA GOYA USA UNIDAD 397 g,,,2187.0,2187.0,100.0,Terminada,2026-06-16,2026-06-18 11:14,2026-06-23 12:06,Sí,,,,,,,,2026-07-16 18:30:24
SEM/MO/00614,[REP-PTEC025] (Reproceso) PULPA DE MORA GOYA UE UNIDAD 250 g,,,3330.0,3330.0,100.0,Terminada,2026-06-16,2026-06-18 11:29,2026-06-19 06:21,No,,,,,,,,2026-07-16 18:30:24
SEM/MO/00615,[PTEC025] PULPA DE MORA GOYA UE UNIDAD 250 g,,,3330.0,3330.0,100.0,Terminada,2026-06-16,2026-06-18 11:29,2026-06-23 12:10,Sí,,,,,,,,2026-07-16 18:30:24
SEM/MO/00606,[PTEC029] PULPA DE GUANABANA GOYA UE UNIDAD 250 g,Units,HF PB 161 26,1200.0,1500.0,100.0,Terminada,2026-06-18,2026-06-18 15:47,2026-06-23 14:24,Sí,Escaldado/descongelado,ESCALDADO,Terminada,65.4,50.2,2026-06-18 09:59,2026-06-22 16:11,2026-07-16 18:30:24
SEM/MO/00606,[PTEC029] PULPA DE GUANABANA GOYA UE UNIDAD 250 g,Units,HF PB 161 26,1200.0,1500.0,100.0,Terminada,2026-06-18,2026-06-18 15:47,2026-06-23 14:24,Sí,Despulpado y refinado,PULPEADO,Terminada,50.0,28.0,2026-06-18 08:32,2026-06-22 16:12,2026-07-16 18:30:24
SEM/MO/00606,[PTEC029] PULPA DE GUANABANA GOYA UE UNIDAD 250 g,Units,HF PB 161 26,1200.0,1500.0,100.0,Terminada,2026-06-18,2026-06-18 15:47,2026-06-23 14:24,Sí,Homogenizado,HOMOGENIZACIÓN,Terminada,7.5,25.0,2026-06-19 17:26,2026-06-22 16:12,2026-07-16 18:30:24
SEM/MO/00606,[PTEC029] PULPA DE GUANABANA GOYA UE UNIDAD 250 g,Units,HF PB 161 26,1200.0,1500.0,100.0,Terminada,2026-06-18,2026-06-18 15:47,2026-06-23 14:24,Sí,Pasteurizado,PASTEURIZACIÓN,Terminada,36.4,32.0,2026-06-22 16:15,2026-06-22 16:15,2026-07-16 18:30:24
SEM/MO/00606,[PTEC029] PULPA DE GUANABANA GOYA UE UNIDAD 250 g,Units,HF PB 161 26,1200.0,1500.0,100.0,Terminada,2026-06-18,2026-06-18 15:47,2026-06-23 14:24,Sí,Dosificado manual ,DOSIFICADO MANUAL,Terminada,25.2,79.7,2026-06-18 19:38,2026-06-22 16:15,2026-07-16 18:30:24
SEM/MO/00606,[PTEC029] PULPA DE GUANABANA GOYA UE UNIDAD 250 g,Units,HF PB 161 26,1200.0,1500.0,100.0,Terminada,2026-06-18,2026-06-18 15:47,2026-06-23 14:24,Sí,Etiquetado manual,ETIQUETADO,Terminada,36.0,36.0,2026-06-18 07:50,2026-06-22 16:13,2026-07-16 18:30:24
SEM/MO/00607,[PTEC002] PULPA DE GUANABANA GOYA USA UNIDAD 397 g,Units,HF PB 169 26,13000.0,11919.0,100.0,Terminada,2026-06-18,2026-06-18 18:37,2026-06-24 16:42,Sí,Liberación ,LIMPIEZA,Terminada,929.0,236.7,2026-06-18 18:37,2026-06-22 16:15,2026-07-16 18:30:24
SEM/MO/00607,[PTEC002] PULPA DE GUANABANA GOYA USA UNIDAD 397 g,Units,HF PB 169 26,13000.0,11919.0,100.0,Terminada,2026-06-18,2026-06-18 18:37,2026-06-24 16:42,Sí,Escaldado/descongelado,ESCALDADO,Terminada,1124.4,563.4,2026-06-18 17:17,2026-06-22 16:15,2026-07-16 18:30:24
SEM/MO/00607,[PTEC002] PULPA DE GUANABANA GOYA USA UNIDAD 397 g,Units,HF PB 169 26,13000.0,11919.0,100.0,Terminada,2026-06-18,2026-06-18 18:37,2026-06-24 16:42,Sí,Despulpado y refinado,PULPEADO,Terminada,860.2,364.7,2026-06-18 19:49,2026-06-22 16:15,2026-07-16 18:30:24
SEM/MO/00607,[PTEC002] PULPA DE GUANABANA GOYA USA UNIDAD 397 g,Units,HF PB 169 26,13000.0,11919.0,100.0,Terminada,2026-06-18,2026-06-18 18:37,2026-06-24 16:42,Sí,Homogenizado,HOMOGENIZACIÓN,Terminada,129.0,262.5,2026-06-18 19:29,2026-06-22 16:15,2026-07-16 18:30:24
SEM/MO/00607,[PTEC002] PULPA DE GUANABANA GOYA USA UNIDAD 397 g,Units,HF PB 169 26,13000.0,11919.0,100.0,Terminada,2026-06-18,2026-06-18 18:37,2026-06-24 16:42,Sí,Pasteurizado,PASTEURIZACIÓN,Terminada,625.6,294.6,2026-06-18 19:28,2026-06-22 16:16,2026-07-16 18:30:24
SEM/MO/00607,[PTEC002] PULPA DE GUANABANA GOYA USA UNIDAD 397 g,Units,HF PB 169 26,13000.0,11919.0,100.0,Terminada,2026-06-18,2026-06-18 18:37,2026-06-24 16:42,Sí,Dosificado Automático,DOSIFICADO AUTOMÁTICO,Terminada,650.0,298.4,2026-06-18 19:38,2026-06-22 16:16,2026-07-16 18:30:24
SEM/MO/00607,[PTEC002] PULPA DE GUANABANA GOYA USA UNIDAD 397 g,Units,HF PB 169 26,13000.0,11919.0,100.0,Terminada,2026-06-18,2026-06-18 18:37,2026-06-24 16:42,Sí,Dosificado manual ,DOSIFICADO MANUAL,Terminada,688.1,376.7,2026-06-18 20:58,2026-06-22 16:16,2026-07-16 18:30:24
SEM/MO/00607,[PTEC002] PULPA DE GUANABANA GOYA USA UNIDAD 397 g,Units,HF PB 169 26,13000.0,11919.0,100.0,Terminada,2026-06-18,2026-06-18 18:37,2026-06-24 16:42,Sí,Etiquetado manual,ETIQUETADO,Terminada,390.0,262.1,2026-06-18 07:50,2026-06-22 16:16,2026-07-16 18:30:24
SEM/MO/00616,[PTEC004] PULPA DE GUAYABA GOYA USA UNIDAD 397 g,Units,HF PB 170 26,11500.0,12383.0,100.0,Terminada,2026-06-19,2026-06-19 06:27,2026-06-23 16:38,Sí,Liberación ,LIMPIEZA,Terminada,884.9,114.1,2026-06-19 06:27,2026-06-22 16:10,2026-07-16 18:30:24
SEM/MO/00616,[PTEC004] PULPA DE GUAYABA GOYA USA UNIDAD 397 g,Units,HF PB 170 26,11500.0,12383.0,100.0,Terminada,2026-06-19,2026-06-19 06:27,2026-06-23 16:38,Sí,Lavado y desinfección,LAVADO 2,Terminada,541.9,206.8,2026-06-19 07:23,2026-06-22 16:10,2026-07-16 18:30:24
SEM/MO/00616,[PTEC004] PULPA DE GUAYABA GOYA USA UNIDAD 397 g,Units,HF PB 170 26,11500.0,12383.0,100.0,Terminada,2026-06-19,2026-06-19 06:27,2026-06-23 16:38,Sí,Despulpado y refinado,PULPEADO,Terminada,819.3,238.0,2026-06-19 07:25,2026-06-22 16:10,2026-07-16 18:30:24
SEM/MO/00616,[PTEC004] PULPA DE GUAYABA GOYA USA UNIDAD 397 g,Units,HF PB 170 26,11500.0,12383.0,100.0,Terminada,2026-06-19,2026-06-19 06:27,2026-06-23 16:38,Sí,Pasteurizado,PASTEURIZACIÓN,Terminada,595.9,526.6,2026-06-19 08:05,2026-06-22 16:10,2026-07-16 18:30:24
SEM/MO/00616,[PTEC004] PULPA DE GUAYABA GOYA USA UNIDAD 397 g,Units,HF PB 170 26,11500.0,12383.0,100.0,Terminada,2026-06-19,2026-06-19 06:27,2026-06-23 16:38,Sí,Dosificado Automático,DOSIFICADO AUTOMÁTICO,Terminada,619.1,499.3,2026-06-19 09:30,2026-06-22 16:11,2026-07-16 18:30:24
SEM/MO/00616,[PTEC004] PULPA DE GUAYABA GOYA USA UNIDAD 397 g,Units,HF PB 170 26,11500.0,12383.0,100.0,Terminada,2026-06-19,2026-06-19 06:27,2026-06-23 16:38,Sí,Dosificado manual ,DOSIFICADO MANUAL,Terminada,655.5,417.3,2026-06-19 09:29,2026-06-22 16:11,2026-07-16 18:30:24
SEM/MO/00616,[PTEC004] PULPA DE GUAYABA GOYA USA UNIDAD 397 g,Units,HF PB 170 26,11500.0,12383.0,100.0,Terminada,2026-06-19,2026-06-19 06:27,2026-06-23 16:38,Sí,Etiquetado manual,ETIQUETADO,Terminada,371.5,117.0,2026-06-19 07:23,2026-06-22 16:11,2026-07-16 18:30:24
SEM/MO/00617,[PTEC001] PULPA DE MANGO GOYA USA UNIDAD 397 g,Units,HF PB 168 26,5000.0,4901.0,100.0,Terminada,2026-06-19,2026-06-19 07:09,2026-06-24 16:38,Sí,Liberación ,LIMPIEZA,Terminada,350.2,256.2,2026-06-19 16:05,2026-06-22 16:25,2026-07-16 18:30:24
SEM/MO/00617,[PTEC001] PULPA DE MANGO GOYA USA UNIDAD 397 g,Units,HF PB 168 26,5000.0,4901.0,100.0,Terminada,2026-06-19,2026-06-19 07:09,2026-06-24 16:38,Sí,Homogenizado,HOMOGENIZACIÓN,Terminada,48.6,115.0,2026-06-22 16:25,2026-06-23 09:07,2026-07-16 18:30:24
SEM/MO/00617,[PTEC001] PULPA DE MANGO GOYA USA UNIDAD 397 g,Units,HF PB 168 26,5000.0,4901.0,100.0,Terminada,2026-06-19,2026-06-19 07:09,2026-06-24 16:38,Sí,Pasteurizado,PASTEURIZACIÓN,Terminada,235.8,124.9,2026-06-19 18:36,2026-06-22 16:26,2026-07-16 18:30:24
SEM/MO/00617,[PTEC001] PULPA DE MANGO GOYA USA UNIDAD 397 g,Units,HF PB 168 26,5000.0,4901.0,100.0,Terminada,2026-06-19,2026-06-19 07:09,2026-06-24 16:38,Sí,Dosificado manual ,DOSIFICADO MANUAL,Terminada,259.4,133.9,2026-06-19 20:46,2026-06-22 16:26,2026-07-16 18:30:24
SEM/MO/00617,[PTEC001] PULPA DE MANGO GOYA USA UNIDAD 397 g,Units,HF PB 168 26,5000.0,4901.0,100.0,Terminada,2026-06-19,2026-06-19 07:09,2026-06-24 16:38,Sí,Etiquetado manual,ETIQUETADO,Terminada,147.0,103.3,2026-06-19 07:09,2026-06-22 16:26,2026-07-16 18:30:24
SEM/MO/00619,[PTEXP018] Pulpa Guanabana America x 250 gr (CAJAS 10 UDS),Units,L1612615,10260.0,10260.0,100.0,Terminada,2026-06-18,2026-06-19 12:16,2026-06-22 10:02,Sí,Encartonado,ENCARTONADO,Terminada,1575.0,240.0,2026-06-19 12:16,2026-06-19 12:16,2026-07-16 18:30:24
SEM/MO/00620,[PTEXP012] Pulpa Mango America x 250 gr (CAJAS 10 UDS),Units,L1172615,3420.0,3420.0,100.0,Terminada,2026-06-18,2026-06-19 12:19,2026-06-22 10:06,Sí,Encartonado,ENCARTONADO,Terminada,525.0,55.0,2026-06-19 12:19,2026-06-19 12:19,2026-07-16 18:30:24
SEM/MO/00621,[PTEXP019] Pulpa Lulo America x 250 gr (CAJAS 10 UDS),Units,L1562615,3420.0,3420.0,100.0,Terminada,2026-06-18,2026-06-19 12:22,2026-06-22 10:08,Sí,Encartonado,ENCARTONADO,Terminada,525.0,120.0,2026-06-19 12:22,2026-06-19 12:22,2026-07-16 18:30:24
SEM/MO/00618,[PULP025] PULPA DE MANGO 16 KG,kg,L1702602,512.0,512.0,100.0,Terminada,2026-06-19,2026-06-19 16:05,2026-06-24 16:41,Sí,Liberación ,LIMPIEZA,Terminada,30.7,30.7,2026-06-19 16:05,2026-06-23 09:12,2026-07-16 18:30:24
SEM/MO/00618,[PULP025] PULPA DE MANGO 16 KG,kg,L1702602,512.0,512.0,100.0,Terminada,2026-06-19,2026-06-19 16:05,2026-06-24 16:41,Sí,Pasteurizado,PASTEURIZACIÓN,Terminada,62.0,37.2,2026-06-19 17:59,2026-06-22 16:29,2026-07-16 18:30:24
SEM/MO/00618,[PULP025] PULPA DE MANGO 16 KG,kg,L1702602,512.0,512.0,100.0,Terminada,2026-06-19,2026-06-19 16:05,2026-06-24 16:41,Sí,Envasado Manual,ENVASADO MANUAL,Terminada,30.7,64.2,2026-06-19 18:37,2026-06-22 16:29,2026-07-16 18:30:24
SEM/MO/00623,[PTEXP012] Pulpa Mango America x 250 gr (CAJAS 10 UDS),Units,L1552615,13680.0,13680.0,100.0,Terminada,2026-06-19,2026-06-19 21:05,2026-06-22 10:39,Sí,Encartonado,ENCARTONADO,Terminada,2100.0,330.0,2026-06-19 21:05,2026-06-19 21:05,2026-07-16 18:30:24
SEM/MO/00624,[PTEXP012] Pulpa Mango America x 250 gr (CAJAS 10 UDS),Units,L1662615,6840.0,6840.0,100.0,Terminada,2026-06-19,2026-06-19 21:09,2026-06-22 10:22,Sí,Encartonado,ENCARTONADO,Terminada,1050.0,155.0,2026-06-19 21:09,2026-06-19 21:09,2026-07-16 18:30:24
SEM/MO/00601,[PULP014] PULPA DE PIÑA 16 KG,kg,L1682608,64.0,64.0,100.0,Terminada,2026-06-17,2026-06-19 21:13,2026-06-22 14:22,Sí,Lavado y desinfección,LAVADO 2,Terminada,10.2,10.0,2026-06-19 09:17,2026-06-19 09:17,2026-07-16 18:30:24
SEM/MO/00601,[PULP014] PULPA DE PIÑA 16 KG,kg,L1682608,64.0,64.0,100.0,Terminada,2026-06-17,2026-06-19 21:13,2026-06-22 14:22,Sí,Pelado Manual,PELADO MANUAL,Terminada,64.0,40.0,2026-06-17 20:46,2026-06-19 09:18,2026-07-16 18:30:24
SEM/MO/00601,[PULP014] PULPA DE PIÑA 16 KG,kg,L1682608,64.0,64.0,100.0,Terminada,2026-06-17,2026-06-19 21:13,2026-06-22 14:22,Sí,Despulpado y refinado,PULPEADO,Terminada,10.7,10.0,2026-06-17 19:08,2026-06-19 09:18,2026-07-16 18:30:24
SEM/MO/00601,[PULP014] PULPA DE PIÑA 16 KG,kg,L1682608,64.0,64.0,100.0,Terminada,2026-06-17,2026-06-19 21:13,2026-06-22 14:22,Sí,Pasteurizado,PASTEURIZACIÓN,Terminada,7.7,14.3,2026-06-17 17:39,2026-06-19 09:19,2026-07-16 18:30:24
SEM/MO/00601,[PULP014] PULPA DE PIÑA 16 KG,kg,L1682608,64.0,64.0,100.0,Terminada,2026-06-17,2026-06-19 21:13,2026-06-22 14:22,Sí,Envasado Manual,ENVASADO MANUAL,Terminada,3.8,21.9,2026-06-17 17:44,2026-06-19 09:19,2026-07-16 18:30:24
SEM/MO/00603,[PTEC009] PULPA DE PIÑA GOYA USA UNIDAD 397 g,Units,HF PB 168 26,5100.0,4018.0,100.0,Terminada,2026-06-18,2026-06-20 16:32,2026-06-22 16:18,Sí,Liberación ,LIMPIEZA,Terminada,287.1,70.0,2026-06-20 16:32,2026-06-22 16:18,2026-07-16 18:30:24
SEM/MO/00603,[PTEC009] PULPA DE PIÑA GOYA USA UNIDAD 397 g,Units,HF PB 168 26,5100.0,4018.0,100.0,Terminada,2026-06-18,2026-06-20 16:32,2026-06-22 16:18,Sí,Lavado y desinfección,LAVADO 2,Terminada,201.9,80.0,2026-06-21 14:37,2026-06-22 16:18,2026-07-16 18:30:24
SEM/MO/00603,[PTEC009] PULPA DE PIÑA GOYA USA UNIDAD 397 g,Units,HF PB 168 26,5100.0,4018.0,100.0,Terminada,2026-06-18,2026-06-20 16:32,2026-06-22 16:18,Sí,Despulpado y refinado,PULPEADO,Terminada,337.4,461.0,2026-06-17 16:26,2026-06-19 21:09,2026-07-16 18:30:24
SEM/MO/00603,[PTEC009] PULPA DE PIÑA GOYA USA UNIDAD 397 g,Units,HF PB 168 26,5100.0,4018.0,100.0,Terminada,2026-06-18,2026-06-20 16:32,2026-06-22 16:18,Sí,Pasteurizado,PASTEURIZACIÓN,Terminada,245.4,118.7,2026-06-17 18:10,2026-06-19 21:10,2026-07-16 18:30:24
SEM/MO/00603,[PTEC009] PULPA DE PIÑA GOYA USA UNIDAD 397 g,Units,HF PB 168 26,5100.0,4018.0,100.0,Terminada,2026-06-18,2026-06-20 16:32,2026-06-22 16:18,Sí,Dosificado manual ,DOSIFICADO MANUAL,Terminada,270.0,283.3,2026-06-17 18:19,2026-06-19 21:10,2026-07-16 18:30:24
SEM/MO/00603,[PTEC009] PULPA DE PIÑA GOYA USA UNIDAD 397 g,Units,HF PB 168 26,5100.0,4018.0,100.0,Terminada,2026-06-18,2026-06-20 16:32,2026-06-22 16:18,Sí,Etiquetado manual,ETIQUETADO,Terminada,153.0,106.8,2026-06-17 14:57,2026-06-19 21:10,2026-07-16 18:30:24
SEM/MO/00627,[PTEC025] PULPA DE MORA GOYA UE UNIDAD 250 g,Units,HF PB 173 26,12000.0,15573.0,100.0,Terminada,2026-06-22,2026-06-22 08:53,2026-06-23 16:24,Sí,Liberación ,LIMPIEZA,Terminada,540.0,89.1,2026-06-22 08:53,2026-06-23 10:52,2026-07-16 18:30:24
SEM/MO/00627,[PTEC025] PULPA DE MORA GOYA UE UNIDAD 250 g,Units,HF PB 173 26,12000.0,15573.0,100.0,Terminada,2026-06-22,2026-06-22 08:53,2026-06-23 16:24,Sí,Escaldado/descongelado,ESCALDADO,Terminada,528.5,329.5,2026-06-22 09:35,2026-06-23 10:52,2026-07-16 18:30:24
SEM/MO/00627,[PTEC025] PULPA DE MORA GOYA UE UNIDAD 250 g,Units,HF PB 173 26,12000.0,15573.0,100.0,Terminada,2026-06-22,2026-06-22 08:53,2026-06-23 16:24,Sí,Despulpado y refinado,PULPEADO,Terminada,500.0,275.8,2026-06-22 10:12,2026-06-23 10:52,2026-07-16 18:30:24
SEM/MO/00627,[PTEC025] PULPA DE MORA GOYA UE UNIDAD 250 g,Units,HF PB 173 26,12000.0,15573.0,100.0,Terminada,2026-06-22,2026-06-22 08:53,2026-06-23 16:24,Sí,Pasteurizado,PASTEURIZACIÓN,Terminada,363.6,211.7,2026-06-22 11:20,2026-06-23 10:53,2026-07-16 18:30:24
SEM/MO/00627,[PTEC025] PULPA DE MORA GOYA UE UNIDAD 250 g,Units,HF PB 173 26,12000.0,15573.0,100.0,Terminada,2026-06-22,2026-06-22 08:53,2026-06-23 16:24,Sí,Dosificado manual ,DOSIFICADO MANUAL,Terminada,251.9,544.3,2026-06-22 12:04,2026-06-23 10:54,2026-07-16 18:30:24
SEM/MO/00627,[PTEC025] PULPA DE MORA GOYA UE UNIDAD 250 g,Units,HF PB 173 26,12000.0,15573.0,100.0,Terminada,2026-06-22,2026-06-22 08:53,2026-06-23 16:24,Sí,Etiquetado manual,ETIQUETADO,Terminada,360.0,379.1,2026-06-22 09:51,2026-06-23 10:54,2026-07-16 18:30:24
SEM/MO/00625,[PTEC009] PULPA DE PIÑA GOYA USA UNIDAD 397 g,Units,HF PB 173 26,2000.0,1377.0,100.0,Terminada,2026-06-22,2026-06-22 11:02,2026-06-23 15:52,Sí,Liberación ,LIMPIEZA,Terminada,98.4,95.0,2026-06-23 10:54,2026-06-23 10:54,2026-07-16 18:30:24
SEM/MO/00625,[PTEC009] PULPA DE PIÑA GOYA USA UNIDAD 397 g,Units,HF PB 173 26,2000.0,1377.0,100.0,Terminada,2026-06-22,2026-06-22 11:02,2026-06-23 15:52,Sí,Lavado y desinfección,LAVADO 2,Terminada,69.2,40.0,2026-06-22 11:02,2026-06-23 15:52,2026-07-16 18:30:24
SEM/MO/00625,[PTEC009] PULPA DE PIÑA GOYA USA UNIDAD 397 g,Units,HF PB 173 26,2000.0,1377.0,100.0,Terminada,2026-06-22,2026-06-22 11:02,2026-06-23 15:52,Sí,Despulpado y refinado,PULPEADO,Terminada,91.1,80.0,2026-06-22 14:47,2026-06-23 15:52,2026-07-16 18:30:24
SEM/MO/00625,[PTEC009] PULPA DE PIÑA GOYA USA UNIDAD 397 g,Units,HF PB 173 26,2000.0,1377.0,100.0,Terminada,2026-06-22,2026-06-22 11:02,2026-06-23 15:52,Sí,Pasteurizado,PASTEURIZACIÓN,Terminada,66.3,40.0,2026-06-23 10:56,2026-06-23 10:56,2026-07-16 18:30:24
SEM/MO/00625,[PTEC009] PULPA DE PIÑA GOYA USA UNIDAD 397 g,Units,HF PB 173 26,2000.0,1377.0,100.0,Terminada,2026-06-22,2026-06-22 11:02,2026-06-23 15:52,Sí,Dosificado manual ,DOSIFICADO MANUAL,Terminada,72.9,56.0,2026-06-22 08:53,2026-06-23 10:56,2026-07-16 18:30:24
SEM/MO/00625,[PTEC009] PULPA DE PIÑA GOYA USA UNIDAD 397 g,Units,HF PB 173 26,2000.0,1377.0,100.0,Terminada,2026-06-22,2026-06-22 11:02,2026-06-23 15:52,Sí,Etiquetado manual,ETIQUETADO,Terminada,41.3,57.0,2026-06-22 08:54,2026-06-23 10:56,2026-07-16 18:30:24
SEM/MO/00628,[PTEC001] PULPA DE MANGO GOYA USA UNIDAD 397 g,Units,HF PB 173 26,10000.0,11315.0,100.0,Terminada,2026-06-22,2026-06-22 14:29,2026-06-26 00:52,Sí,Liberación ,LIMPIEZA,Terminada,714.6,263.6,2026-06-22 14:29,2026-06-24 14:34,2026-07-16 18:30:24
SEM/MO/00628,[PTEC001] PULPA DE MANGO GOYA USA UNIDAD 397 g,Units,HF PB 173 26,10000.0,11315.0,100.0,Terminada,2026-06-22,2026-06-22 14:29,2026-06-26 00:52,Sí,Homogenizado,HOMOGENIZACIÓN,Terminada,99.2,614.3,2026-06-22 18:21,2026-06-24 14:35,2026-07-16 18:30:24
SEM/MO/00628,[PTEC001] PULPA DE MANGO GOYA USA UNIDAD 397 g,Units,HF PB 173 26,10000.0,11315.0,100.0,Terminada,2026-06-22,2026-06-22 14:29,2026-06-26 00:52,Sí,Pasteurizado,PASTEURIZACIÓN,Terminada,481.2,505.3,2026-06-22 22:01,2026-06-24 14:35,2026-07-16 18:30:24
SEM/MO/00628,[PTEC001] PULPA DE MANGO GOYA USA UNIDAD 397 g,Units,HF PB 173 26,10000.0,11315.0,100.0,Terminada,2026-06-22,2026-06-22 14:29,2026-06-26 00:52,Sí,Dosificado Automático,DOSIFICADO AUTOMÁTICO,Terminada,500.0,363.7,2026-06-23 10:32,2026-06-24 14:35,2026-07-16 18:30:24
SEM/MO/00628,[PTEC001] PULPA DE MANGO GOYA USA UNIDAD 397 g,Units,HF PB 173 26,10000.0,11315.0,100.0,Terminada,2026-06-22,2026-06-22 14:29,2026-06-26 00:52,Sí,Dosificado manual ,DOSIFICADO MANUAL,Terminada,529.3,258.0,2026-06-22 22:40,2026-06-24 14:35,2026-07-16 18:30:24
SEM/MO/00628,[PTEC001] PULPA DE MANGO GOYA USA UNIDAD 397 g,Units,HF PB 173 26,10000.0,11315.0,100.0,Terminada,2026-06-22,2026-06-22 14:29,2026-06-26 00:52,Sí,Etiquetado manual,ETIQUETADO,Terminada,300.0,161.7,2026-06-22 21:08,2026-06-23 11:08,2026-07-16 18:30:24
SEM/MO/00626,[FRUTP005] FRESA PICADA 16 KG,kg,L1732612,1800.0,1968.0,100.0,Terminada,2026-06-22,2026-06-22 15:43,2026-06-24 16:44,Sí,Liberación ,LIMPIEZA,Terminada,108.0,60.0,2026-06-22 15:43,2026-06-23 10:26,2026-07-16 18:30:24
SEM/MO/00626,[FRUTP005] FRESA PICADA 16 KG,kg,L1732612,1800.0,1968.0,100.0,Terminada,2026-06-22,2026-06-22 15:43,2026-06-24 16:44,Sí,Lavado y desinfección,LAVADO 2,Terminada,136.4,222.3,2026-06-22 08:53,2026-06-23 10:26,2026-07-16 18:30:24
SEM/MO/00626,[FRUTP005] FRESA PICADA 16 KG,kg,L1732612,1800.0,1968.0,100.0,Terminada,2026-06-22,2026-06-22 15:43,2026-06-24 16:44,Sí,Picado e inspección,RALLADO,Terminada,505.3,51.2,2026-06-22 14:49,2026-06-23 10:26,2026-07-16 18:30:24
SEM/MO/00626,[FRUTP005] FRESA PICADA 16 KG,kg,L1732612,1800.0,1968.0,100.0,Terminada,2026-06-22,2026-06-22 15:43,2026-06-24 16:44,Sí,Envasado Manual,ENVASADO MANUAL,Terminada,108.0,244.3,2026-06-22 08:52,2026-06-23 10:26,2026-07-16 18:30:24
SEM/MO/00629,[REP-PTEC030] (Reproceso) PULPA DE PIÑA GOYA UE UNIDAD 250 g,,,729.0,729.0,100.0,Terminada,2026-06-17,2026-06-22 16:00,2026-06-23 12:12,No,,,,,,,,2026-07-16 18:30:24
SEM/MO/00630,[PTEC030] PULPA DE PIÑA GOYA UE UNIDAD 250 g,,,729.0,729.0,100.0,Terminada,2026-06-17,2026-06-22 16:01,2026-06-24 16:46,Sí,,,,,,,,2026-07-16 18:30:24
SEM/MO/00631,[REP-PTEC007] (Reproceso) PULPA DE MARACUYA GOYA USA UNIDAD 397 g,,,943.0,943.0,100.0,Terminada,2026-06-15,2026-06-22 16:02,2026-06-23 12:13,Sí,,,,,,,,2026-07-16 18:30:24
SEM/MO/00632,[PTEC007] PULPA DE MARACUYA GOYA USA UNIDAD 397 g,,,350.0,350.0,100.0,Terminada,2026-06-15,2026-06-22 16:03,2026-06-24 16:46,Sí,,,,,,,,2026-07-16 18:30:24
SEM/MO/00633,[PTEC007] PULPA DE MARACUYA GOYA USA UNIDAD 397 g,,,593.0,593.0,100.0,Terminada,2026-06-15,2026-06-22 16:09,2026-06-24 16:47,Sí,,,,,,,,2026-07-16 18:30:24
SEM/MO/00634,[REP-PTEC009] (Reproceso) PULPA DE PIÑA GOYA USA UNIDAD 397 g ,,,1024.0,1024.0,100.0,Terminada,2026-06-18,2026-06-22 16:12,2026-06-23 12:15,No,,,,,,,,2026-07-16 18:30:24
SEM/MO/00635,[PTEC009] PULPA DE PIÑA GOYA USA UNIDAD 397 g,,,1024.0,1024.0,100.0,Terminada,2026-06-18,2026-06-22 16:13,2026-06-23 15:56,Sí,,,,,,,,2026-07-16 18:30:24
SEM/MO/00636,[PTEXP001] MANGO PULP 12 X 14 OZ,Caja de 12,HF PB 168 26,500.0,500.0,100.0,Terminada,2026-06-22,2026-06-22 17:50,2026-06-22 19:11,Sí,Encartonado,ENCARTONADO,Terminada,750.0,270.0,2026-06-22 17:50,2026-06-22 17:50,2026-07-16 18:30:24
SEM/MO/00637,[PTEXP004] GUAVA PULP 12 X 14 OZ,Caja de 12,HF PB 163 26,420.0,520.0,100.0,Terminada,2026-06-22,2026-06-22 17:57,2026-06-22 19:26,Sí,Encartonado,ENCARTONADO,Terminada,630.0,240.0,2026-06-22 17:57,2026-06-22 17:57,2026-07-16 18:30:24
SEM/MO/00638,[PTEXP007] PASSION FRUIT PULP 12 X 14 OZ,Caja de 12,HF PB 103 26,340.0,340.0,100.0,Terminada,2026-06-22,2026-06-22 18:05,2026-06-22 19:16,Sí,Encartonado,ENCARTONADO,Terminada,510.0,90.0,2026-06-22 18:05,2026-06-22 18:05,2026-07-16 18:30:24
SEM/MO/00639,[PTEXP009] PINEAPPLE PULP 12 X 14 OZ,Caja de 12,HF PB 153 26,110.0,110.0,100.0,Terminada,2026-06-22,2026-06-22 19:18,2026-06-22 19:18,Sí,Encartonado,ENCARTONADO,Terminada,165.0,40.0,2026-06-22 19:18,2026-06-22 19:18,2026-07-16 18:30:24
SEM/MO/00642,[PTEC020] PULPA DE TAMARINDO MERICA UNIDAD 250 g,Units,L1742615,7000.0,9701.0,100.0,Terminada,2026-06-23,2026-06-23 06:31,2026-06-25 08:43,Sí,Liberación ,LIMPIEZA,Terminada,319.1,86.2,2026-06-23 06:31,2026-06-24 10:20,2026-07-16 18:30:24
SEM/MO/00642,[PTEC020] PULPA DE TAMARINDO MERICA UNIDAD 250 g,Units,L1742615,7000.0,9701.0,100.0,Terminada,2026-06-23,2026-06-23 06:31,2026-06-25 08:43,Sí,Escaldado/descongelado,ESCALDADO,Terminada,488.0,281.4,2026-06-23 14:44,2026-06-24 10:20,2026-07-16 18:30:24
SEM/MO/00642,[PTEC020] PULPA DE TAMARINDO MERICA UNIDAD 250 g,Units,L1742615,7000.0,9701.0,100.0,Terminada,2026-06-23,2026-06-23 06:31,2026-06-25 08:43,Sí,Despulpado y refinado,PULPEADO,Terminada,295.5,281.7,2026-06-23 14:44,2026-06-24 10:20,2026-07-16 18:30:24
SEM/MO/00642,[PTEC020] PULPA DE TAMARINDO MERICA UNIDAD 250 g,Units,L1742615,7000.0,9701.0,100.0,Terminada,2026-06-23,2026-06-23 06:31,2026-06-25 08:43,Sí,Dosificado manual ,DOSIFICADO MANUAL,Terminada,148.8,240.0,2026-06-24 10:36,2026-06-24 14:34,2026-07-16 18:30:24
SEM/MO/00642,[PTEC020] PULPA DE TAMARINDO MERICA UNIDAD 250 g,Units,L1742615,7000.0,9701.0,100.0,Terminada,2026-06-23,2026-06-23 06:31,2026-06-25 08:43,Sí,Etiquetado manual,ETIQUETADO,Terminada,212.7,154.3,2026-06-23 08:51,2026-06-24 10:20,2026-07-16 18:30:24
SEM/MO/00642,[PTEC020] PULPA DE TAMARINDO MERICA UNIDAD 250 g,Units,L1742615,7000.0,9701.0,100.0,Terminada,2026-06-23,2026-06-23 06:31,2026-06-25 08:43,Sí,Calentamiento,CALENTAMIENTO,Terminada,0.0,179.9,2026-06-23 17:51,2026-06-24 10:21,2026-07-16 18:30:24
SEM/MO/00644,[REP-PTEC008] (Reproceso) PULPA DE PAPAYA GOYA USA UNIDAD 397 g,,,2187.0,2090.0,95.6,Terminada,2026-06-16,2026-06-23 12:08,2026-06-24 16:24,No,,,,,,,,2026-07-16 18:30:24
SEM/MO/00645,[PTEC008] PULPA DE PAPAYA GOYA USA UNIDAD 397 g,,,2090.0,2090.0,100.0,Terminada,2026-06-16,2026-06-23 12:08,2026-06-24 16:48,Sí,,,,,,,,2026-07-16 18:30:24
SEM/MO/00646,[REP-PTEC002] (Reproceso) PULPA DE GUANABANA GOYA USA UNIDAD 397 g,,,150.0,150.0,100.0,Terminada,2026-06-18,2026-06-23 15:43,2026-06-24 16:45,No,,,,,,,,2026-07-16 18:30:24
SEM/MO/00647,[PTEC002] PULPA DE GUANABANA GOYA USA UNIDAD 397 g,,,150.0,150.0,100.0,Terminada,2026-06-18,2026-06-23 15:44,2026-06-24 16:48,Sí,,,,,,,,2026-07-16 18:30:24
SEM/MO/00648,[REP-PTEC009] (Reproceso) PULPA DE PIÑA GOYA USA UNIDAD 397 g ,,,654.0,654.0,100.0,Terminada,2026-06-22,2026-06-23 15:53,2026-06-24 16:25,No,,,,,,,,2026-07-16 18:30:24
SEM/MO/00649,[PTEC009] PULPA DE PIÑA GOYA USA UNIDAD 397 g,,,654.0,654.0,100.0,Terminada,2026-06-22,2026-06-23 15:53,2026-06-24 16:49,Sí,,,,,,,,2026-07-16 18:30:24
SEM/MO/00650,[REP-PTEC025] (Reproceso) PULPA DE MORA GOYA UE UNIDAD 250 g,,,691.0,691.0,100.0,Terminada,2026-06-22,2026-06-23 16:24,2026-06-24 16:25,No,,,,,,,,2026-07-16 18:30:24
SEM/MO/00651,[PTEC025] PULPA DE MORA GOYA UE UNIDAD 250 g,,,691.0,691.0,100.0,Terminada,2026-06-22,2026-06-23 16:25,2026-06-24 16:49,Sí,,,,,,,,2026-07-16 18:30:24
SEM/MO/00652,[PTEC004] PULPA DE GUAYABA GOYA USA UNIDAD 397 g,,,2547.0,2547.0,100.0,Terminada,2026-06-19,2026-06-23 16:38,2026-06-24 16:51,Sí,,,,,,,,2026-07-16 18:30:24
SEM/MO/00653,[REP-PTEC004] (Reproceso) PULPA DE GUAYABA GOYA USA UNIDAD 397 g ,,,2547.0,2547.0,100.0,Terminada,2026-06-19,2026-06-23 16:39,2026-06-24 16:23,No,,,,,,,,2026-07-16 18:30:24
SEM/MO/00654,[PTEC017] PULPA DE GUAYABA MERICA UNIDAD 250 g,Units,L1752615,7000.0,6973.0,100.0,Terminada,2026-06-24,2026-06-24 06:21,2026-06-25 17:07,Sí,Liberación ,LIMPIEZA,Terminada,313.8,35.1,2026-06-24 06:21,2026-06-25 09:53,2026-07-16 18:30:24
SEM/MO/00654,[PTEC017] PULPA DE GUAYABA MERICA UNIDAD 250 g,Units,L1752615,7000.0,6973.0,100.0,Terminada,2026-06-24,2026-06-24 06:21,2026-06-25 17:07,Sí,Lavado y desinfección,LAVADO 2,Terminada,192.9,139.7,2026-06-24 07:53,2026-06-24 11:38,2026-07-16 18:30:24
SEM/MO/00654,[PTEC017] PULPA DE GUAYABA MERICA UNIDAD 250 g,Units,L1752615,7000.0,6973.0,100.0,Terminada,2026-06-24,2026-06-24 06:21,2026-06-25 17:07,Sí,Despulpado y refinado,PULPEADO,Terminada,290.5,126.8,2026-06-24 08:06,2026-06-25 09:53,2026-07-16 18:30:24
SEM/MO/00654,[PTEC017] PULPA DE GUAYABA MERICA UNIDAD 250 g,Units,L1752615,7000.0,6973.0,100.0,Terminada,2026-06-24,2026-06-24 06:21,2026-06-25 17:07,Sí,Calentamiento,CALENTAMIENTO,Terminada,211.3,171.8,2026-06-24 08:45,2026-06-25 09:53,2026-07-16 18:30:24
SEM/MO/00654,[PTEC017] PULPA DE GUAYABA MERICA UNIDAD 250 g,Units,L1752615,7000.0,6973.0,100.0,Terminada,2026-06-24,2026-06-24 06:21,2026-06-25 17:07,Sí,Dosificado manual ,DOSIFICADO MANUAL,Terminada,146.4,206.1,2026-06-24 09:28,2026-06-25 09:53,2026-07-16 18:30:24
SEM/MO/00654,[PTEC017] PULPA DE GUAYABA MERICA UNIDAD 250 g,Units,L1752615,7000.0,6973.0,100.0,Terminada,2026-06-24,2026-06-24 06:21,2026-06-25 17:07,Sí,Etiquetado manual,ETIQUETADO,Terminada,209.2,195.0,2026-06-24 08:08,2026-06-25 09:53,2026-07-16 18:30:24
SEM/MO/00643,[PTEC032] MORA ENTERA GOYA UE UNIDAD 397 g,Units,HF PB 174 26,2000.0,624.0,100.0,Terminada,2026-06-23,2026-06-24 10:24,2026-06-25 09:07,Sí,Liberación ,LIMPIEZA,Terminada,142.9,6.0,2026-06-23 14:45,2026-06-24 10:32,2026-07-16 18:30:24
SEM/MO/00643,[PTEC032] MORA ENTERA GOYA UE UNIDAD 397 g,Units,HF PB 174 26,2000.0,624.0,100.0,Terminada,2026-06-23,2026-06-24 10:24,2026-06-25 09:07,Sí,Enfundado 1,ENFUNDADO 1,Terminada,397.0,253.1,2026-06-23 14:51,2026-06-24 10:32,2026-07-16 18:30:24
SEM/MO/00643,[PTEC032] MORA ENTERA GOYA UE UNIDAD 397 g,Units,HF PB 174 26,2000.0,624.0,100.0,Terminada,2026-06-23,2026-06-24 10:24,2026-06-25 09:07,Sí,Etiquetado manual,ETIQUETADO,Terminada,60.0,32.4,2026-06-23 12:22,2026-06-24 10:32,2026-07-16 18:30:24
SEM/MO/00657,[PTEXP002] SOURSOP PULP 12 X 14 OZ,Caja de 12,HF PB 169 26,840.0,840.0,100.0,Terminada,2026-06-23,2026-06-24 10:36,2026-06-24 18:09,Sí,Encartonado,ENCARTONADO,Terminada,1260.0,340.0,2026-06-24 10:36,2026-06-24 10:36,2026-07-16 18:30:24
SEM/MO/00660,[PTEXP008] PAPAYA PULP 12 X 14 OZ,Caja de 12,HF PB 167 26,110.0,110.0,100.0,Terminada,2026-06-23,2026-06-24 10:50,2026-06-24 17:47,Sí,Encartonado,ENCARTONADO,Terminada,165.0,50.0,2026-06-24 10:50,2026-06-24 10:50,2026-07-16 18:30:24
SEM/MO/00661,[PTEXP003] NARANJILLA PULP 12 X 14 OZ,Caja de 12,HF PB 147 26,100.0,100.0,100.0,Terminada,2026-06-23,2026-06-24 11:12,2026-06-24 17:33,Sí,Encartonado,ENCARTONADO,Terminada,150.0,40.0,2026-06-24 11:12,2026-06-24 11:12,2026-07-16 18:30:24
SEM/MO/00640,[SALS006] SALSA DE FRESA EDULCORADA 15 KG,kg,L1742607,855.0,915.0,100.0,Terminada,2026-06-23,2026-06-24 11:12,2026-06-25 09:04,Sí,Lavado y desinfección,LAVADO 2,Terminada,23.9,70.0,2026-06-24 11:12,2026-06-24 14:26,2026-07-16 18:30:24
SEM/MO/00640,[SALS006] SALSA DE FRESA EDULCORADA 15 KG,kg,L1742607,855.0,915.0,100.0,Terminada,2026-06-23,2026-06-24 11:12,2026-06-25 09:04,Sí,Picado,RALLADO,Terminada,160.5,101.5,2026-06-23 08:50,2026-06-24 10:04,2026-07-16 18:30:24
SEM/MO/00640,[SALS006] SALSA DE FRESA EDULCORADA 15 KG,kg,L1742607,855.0,915.0,100.0,Terminada,2026-06-23,2026-06-24 11:12,2026-06-25 09:04,Sí,Pasteurizado,PASTEURIZACIÓN,Terminada,110.7,151.0,2026-06-23 08:50,2026-06-24 10:05,2026-07-16 18:30:24
SEM/MO/00640,[SALS006] SALSA DE FRESA EDULCORADA 15 KG,kg,L1742607,855.0,915.0,100.0,Terminada,2026-06-23,2026-06-24 11:12,2026-06-25 09:04,Sí,Envasado Manual,ENVASADO MANUAL,Terminada,54.9,120.2,2026-06-23 10:09,2026-06-24 10:05,2026-07-16 18:30:24
SEM/MO/00662,[PTEXP006] TAMARILLO PULP 12 X 14 OZ,Caja de 12,HF PB 105 26,100.0,100.0,100.0,Terminada,2026-06-23,2026-06-24 11:16,2026-06-24 17:43,Sí,Encartonado,ENCARTONADO,Terminada,150.0,60.0,2026-06-24 11:16,2026-06-24 11:16,2026-07-16 18:30:24
SEM/MO/00663,[PTEXP007] PASSION FRUIT PULP 12 X 14 OZ,Caja de 12,HF PB 103 26,110.0,110.0,100.0,Terminada,2026-06-23,2026-06-24 11:19,2026-06-24 17:19,Sí,Encartonado,ENCARTONADO,Terminada,165.0,45.0,2026-06-24 11:19,2026-06-24 11:19,2026-07-16 18:30:24
SEM/MO/00664,[PTEXP007] PASSION FRUIT PULP 12 X 14 OZ,Caja de 12,HF PB 166 26,210.0,210.0,100.0,Terminada,2026-06-23,2026-06-24 11:23,2026-06-24 17:25,Sí,Encartonado,ENCARTONADO,Terminada,315.0,75.0,2026-06-24 11:23,2026-06-24 11:23,2026-07-16 18:30:24
SEM/MO/00666,[PTEXP003] NARANJILLA PULP 12 X 14 OZ,Caja de 12,HF PB 141 26,30.0,30.0,100.0,Terminada,2026-06-23,2026-06-24 11:28,2026-06-24 17:38,Sí,Encartonado,ENCARTONADO,Terminada,45.0,45.0,2026-06-24 11:28,2026-06-24 11:28,2026-07-16 18:30:24
SEM/MO/00658,[PTEXP001] MANGO PULP 12 X 14 OZ,Caja de 12,HF PB 168 26,320.0,320.0,100.0,Terminada,2026-06-23,2026-06-24 11:29,2026-06-24 18:02,Sí,Encartonado,ENCARTONADO,Terminada,480.0,115.0,2026-06-24 11:29,2026-06-24 11:29,2026-07-16 18:30:24
SEM/MO/00665,[PTEXP007] PASSION FRUIT PULP 12 X 14 OZ,Caja de 12,HF PB 125 26,180.0,180.0,100.0,Terminada,2026-06-23,2026-06-24 11:31,2026-06-24 17:28,Sí,Encartonado,ENCARTONADO,Terminada,270.0,35.0,2026-06-24 11:31,2026-06-24 11:31,2026-07-16 18:30:24
SEM/MO/00678,"[DILUC001] DILUCIÓN DE SODA CAUSTICA 1,5%",,,180.0,180.0,100.0,Terminada,2026-06-24,2026-06-24 15:31,2026-06-25 17:21,Sí,,,,,,,,2026-07-16 18:30:24
SEM/MO/00669,[PTEXP001] MANGO PULP 12 X 14 OZ,Caja de 12,HF PB 168 26,370.0,370.0,100.0,Terminada,2026-06-24,2026-06-24 16:49,2026-06-25 12:13,Sí,Encartonado,ENCARTONADO,Terminada,555.0,105.0,2026-06-24 16:49,2026-06-24 16:49,2026-07-16 18:30:24
SEM/MO/00670,[PTEXP002] SOURSOP PULP 12 X 14 OZ,Caja de 12,HF PB 169 26,130.0,130.0,100.0,Terminada,2026-06-24,2026-06-24 16:54,2026-06-25 12:00,Sí,Encartonado,ENCARTONADO,Terminada,195.0,40.0,2026-06-24 16:54,2026-06-24 16:54,2026-07-16 18:30:24
SEM/MO/00671,[PTEXP009] PINEAPPLE PULP 12 X 14 OZ,Caja de 12,HF PB 168 26,130.0,130.0,100.0,Terminada,2026-06-24,2026-06-24 17:03,2026-06-25 12:09,Sí,Encartonado,ENCARTONADO,Terminada,195.0,40.0,2026-06-24 17:03,2026-06-24 17:03,2026-07-16 18:30:24
SEM/MO/00672,[PTEXP002] SOURSOP PULP 12 X 14 OZ,Caja de 12,HF PB 159 26,420.0,420.0,100.0,Terminada,2026-06-24,2026-06-24 17:06,2026-06-25 12:06,Sí,Encartonado,ENCARTONADO,Terminada,630.0,125.0,2026-06-24 17:06,2026-06-24 17:06,2026-07-16 18:30:24
SEM/MO/00659,[PTEXP008] PAPAYA PULP 12 X 14 OZ,Caja de 12,HF PB 140 26,100.0,100.0,100.0,Terminada,2026-06-23,2026-06-24 17:54,2026-06-24 17:54,Sí,Encartonado,ENCARTONADO,Terminada,150.0,35.0,2026-06-24 17:54,2026-06-24 17:54,2026-07-16 18:30:24
SEM/MO/00674,[PTEC018] PULPA DE GUANABANA MERICA UNIDAD 250 g,Units,L1762615,13000.0,12990.0,100.0,Terminada,2026-06-25,2026-06-25 06:21,2026-06-29 12:00,Sí,Liberación ,LIMPIEZA,Terminada,585.0,98.0,2026-06-25 06:21,2026-06-26 14:34,2026-07-16 18:30:24
SEM/MO/00674,[PTEC018] PULPA DE GUANABANA MERICA UNIDAD 250 g,Units,L1762615,13000.0,12990.0,100.0,Terminada,2026-06-25,2026-06-25 06:21,2026-06-29 12:00,Sí,Escaldado/descongelado,ESCALDADO,Terminada,708.1,380.9,2026-06-25 08:07,2026-06-26 14:34,2026-07-16 18:30:24
SEM/MO/00674,[PTEC018] PULPA DE GUANABANA MERICA UNIDAD 250 g,Units,L1762615,13000.0,12990.0,100.0,Terminada,2026-06-25,2026-06-25 06:21,2026-06-29 12:00,Sí,Despulpado y refinado,PULPEADO,Terminada,541.7,365.9,2026-06-25 08:24,2026-06-26 14:34,2026-07-16 18:30:24
SEM/MO/00674,[PTEC018] PULPA DE GUANABANA MERICA UNIDAD 250 g,Units,L1762615,13000.0,12990.0,100.0,Terminada,2026-06-25,2026-06-25 06:21,2026-06-29 12:00,Sí,Calentamiento,CALENTAMIENTO,Terminada,393.9,231.8,2026-06-25 09:30,2026-06-26 14:34,2026-07-16 18:30:24
SEM/MO/00674,[PTEC018] PULPA DE GUANABANA MERICA UNIDAD 250 g,Units,L1762615,13000.0,12990.0,100.0,Terminada,2026-06-25,2026-06-25 06:21,2026-06-29 12:00,Sí,Dosificado manual ,DOSIFICADO MANUAL,Terminada,272.9,471.3,2026-06-25 10:46,2026-06-26 14:34,2026-07-16 18:30:24
SEM/MO/00674,[PTEC018] PULPA DE GUANABANA MERICA UNIDAD 250 g,Units,L1762615,13000.0,12990.0,100.0,Terminada,2026-06-25,2026-06-25 06:21,2026-06-29 12:00,Sí,Etiquetado manual,ETIQUETADO,Terminada,390.0,142.5,2026-06-25 07:43,2026-06-26 14:34,2026-07-16 18:30:24
SEM/MO/00668,[MPI001] DURAZNO ENTERO PELADO ,kg,L1752699,300.0,280.0,100.0,Terminada,2026-06-24,2026-06-25 08:38,2026-06-26 05:09,Sí,Liberación ,LIMPIEZA,Terminada,18.0,30.0,2026-06-25 08:33,2026-06-25 08:33,2026-07-16 18:30:24
SEM/MO/00668,[MPI001] DURAZNO ENTERO PELADO ,kg,L1752699,300.0,280.0,100.0,Terminada,2026-06-24,2026-06-25 08:38,2026-06-26 05:09,Sí,Proceso Manual ,DESPITONADO,Terminada,204.6,52.1,2026-06-24 14:51,2026-06-25 08:33,2026-07-16 18:30:24
SEM/MO/00668,[MPI001] DURAZNO ENTERO PELADO ,kg,L1752699,300.0,280.0,100.0,Terminada,2026-06-24,2026-06-25 08:38,2026-06-26 05:09,Sí,Lavado y desinfección,LAVADO 1,Terminada,54.5,58.9,2026-06-24 14:53,2026-06-25 08:34,2026-07-16 18:30:24
SEM/MO/00668,[MPI001] DURAZNO ENTERO PELADO ,kg,L1752699,300.0,280.0,100.0,Terminada,2026-06-24,2026-06-25 08:38,2026-06-26 05:09,Sí,Despepado,DESPEPADO,Terminada,272.7,199.8,2026-06-24 15:06,2026-06-25 08:34,2026-07-16 18:30:24
SEM/MO/00668,[MPI001] DURAZNO ENTERO PELADO ,kg,L1752699,300.0,280.0,100.0,Terminada,2026-06-24,2026-06-25 08:38,2026-06-26 05:09,Sí,Pelado químico,PELADO QUÍMICO,Terminada,95.7,162.8,2026-06-24 15:55,2026-06-25 08:34,2026-07-16 18:30:24
SEM/MO/00668,[MPI001] DURAZNO ENTERO PELADO ,kg,L1752699,300.0,280.0,100.0,Terminada,2026-06-24,2026-06-25 08:38,2026-06-26 05:09,Sí,Inspección ,REVISIÓN VISUAL/ MANUAL,Terminada,450.0,260.9,2026-06-24 16:51,2026-06-25 08:34,2026-07-16 18:30:24
SEM/MO/00676,[REP-PTEC020] (Reproceso) PULPA DE TAMARINDO MERICA UNIDAD 250 g,,,1197.0,1197.0,100.0,Terminada,2026-06-23,2026-06-25 08:43,2026-06-25 19:17,No,,,,,,,,2026-07-16 18:30:24
SEM/MO/00677,[PTEC020] PULPA DE TAMARINDO MERICA UNIDAD 250 g,,,1197.0,1197.0,100.0,Terminada,2026-06-23,2026-06-25 08:44,2026-06-29 12:28,Sí,,,,,,,,2026-07-16 18:30:24
SEM/MO/00656,[SALS006] SALSA DE FRESA EDULCORADA 15 KG,kg,L1752607,855.0,975.0,100.0,Terminada,2026-06-24,2026-06-25 13:00,2026-06-25 16:20,Sí,Lavado y desinfección,LAVADO 2,Terminada,22.3,90.5,2026-06-24 07:34,2026-06-24 11:38,2026-07-16 18:30:24
SEM/MO/00656,[SALS006] SALSA DE FRESA EDULCORADA 15 KG,kg,L1752607,855.0,975.0,100.0,Terminada,2026-06-24,2026-06-25 13:00,2026-06-25 16:20,Sí,Picado,RALLADO,Terminada,160.5,95.0,2026-06-24 21:12,2026-06-25 12:14,2026-07-16 18:30:24
SEM/MO/00656,[SALS006] SALSA DE FRESA EDULCORADA 15 KG,kg,L1752607,855.0,975.0,100.0,Terminada,2026-06-24,2026-06-25 13:00,2026-06-25 16:20,Sí,Pasteurizado,PASTEURIZACIÓN,Terminada,110.7,83.1,2026-06-24 08:41,2026-06-25 09:04,2026-07-16 18:30:24
SEM/MO/00656,[SALS006] SALSA DE FRESA EDULCORADA 15 KG,kg,L1752607,855.0,975.0,100.0,Terminada,2026-06-24,2026-06-25 13:00,2026-06-25 16:20,Sí,Envasado Manual,ENVASADO MANUAL,Terminada,54.9,147.4,2026-06-24 09:38,2026-06-25 09:04,2026-07-16 18:30:24
SEM/MO/00656,[SALS006] SALSA DE FRESA EDULCORADA 15 KG,kg,L1752607,855.0,975.0,100.0,Terminada,2026-06-24,2026-06-25 13:00,2026-06-25 16:20,Sí,Limpieza,TACHOS,Terminada,0.0,50.0,2026-06-25 12:30,2026-06-25 12:30,2026-07-16 18:30:24
SEM/MO/00667,[SALS005] SALSA DE DURAZNO EDULCORADA 15 KG,kg,L1752607,300.0,330.0,100.0,Terminada,2026-06-24,2026-06-25 13:00,2026-06-26 05:28,Sí,Picado,RALLADO,Terminada,57.9,68.8,2026-06-24 18:38,2026-06-25 08:56,2026-07-16 18:30:24
SEM/MO/00667,[SALS005] SALSA DE DURAZNO EDULCORADA 15 KG,kg,L1752607,300.0,330.0,100.0,Terminada,2026-06-24,2026-06-25 13:00,2026-06-26 05:28,Sí,Pasteurizado,PASTEURIZACIÓN,Terminada,39.9,36.3,2026-06-24 21:43,2026-06-25 08:56,2026-07-16 18:30:24
SEM/MO/00667,[SALS005] SALSA DE DURAZNO EDULCORADA 15 KG,kg,L1752607,300.0,330.0,100.0,Terminada,2026-06-24,2026-06-25 13:00,2026-06-26 05:28,Sí,Envasado Manual,ENVASADO MANUAL,Terminada,19.8,24.9,2026-06-24 23:14,2026-06-25 08:56,2026-07-16 18:30:24
SEM/MO/00667,[SALS005] SALSA DE DURAZNO EDULCORADA 15 KG,kg,L1752607,300.0,330.0,100.0,Terminada,2026-06-24,2026-06-25 13:00,2026-06-26 05:28,Sí,Limpieza,TACHOS,Terminada,0.0,55.0,2026-06-25 12:31,2026-06-25 12:31,2026-07-16 18:30:24
SEM/MO/00641,[PTEC004] PULPA DE GUAYABA GOYA USA UNIDAD 397 g,Units,HF PB 174 26,10200.0,18612.0,100.0,Terminada,2026-06-24,2026-06-25 13:45,2026-06-25 17:16,Sí,Liberación ,LIMPIEZA,Terminada,1330.0,35.0,2026-06-25 13:45,2026-06-25 13:45,2026-07-16 18:30:24
SEM/MO/00641,[PTEC004] PULPA DE GUAYABA GOYA USA UNIDAD 397 g,Units,HF PB 174 26,10200.0,18612.0,100.0,Terminada,2026-06-24,2026-06-25 13:45,2026-06-25 17:16,Sí,Lavado y desinfección,LAVADO 2,Terminada,814.5,389.6,2026-06-23 08:50,2026-06-25 12:17,2026-07-16 18:30:24
SEM/MO/00641,[PTEC004] PULPA DE GUAYABA GOYA USA UNIDAD 397 g,Units,HF PB 174 26,10200.0,18612.0,100.0,Terminada,2026-06-24,2026-06-25 13:45,2026-06-25 17:16,Sí,Despulpado y refinado,PULPEADO,Terminada,1231.5,564.5,2026-06-24 11:38,2026-06-25 12:17,2026-07-16 18:30:24
SEM/MO/00641,[PTEC004] PULPA DE GUAYABA GOYA USA UNIDAD 397 g,Units,HF PB 174 26,10200.0,18612.0,100.0,Terminada,2026-06-24,2026-06-25 13:45,2026-06-25 17:16,Sí,Pasteurizado,PASTEURIZACIÓN,Terminada,895.6,791.6,2026-06-24 11:38,2026-06-25 12:17,2026-07-16 18:30:24
SEM/MO/00641,[PTEC004] PULPA DE GUAYABA GOYA USA UNIDAD 397 g,Units,HF PB 174 26,10200.0,18612.0,100.0,Terminada,2026-06-24,2026-06-25 13:45,2026-06-25 17:16,Sí,Dosificado Automático,DOSIFICADO AUTOMÁTICO,Terminada,930.6,620.5,2026-06-24 14:29,2026-06-25 12:18,2026-07-16 18:30:24
SEM/MO/00641,[PTEC004] PULPA DE GUAYABA GOYA USA UNIDAD 397 g,Units,HF PB 174 26,10200.0,18612.0,100.0,Terminada,2026-06-24,2026-06-25 13:45,2026-06-25 17:16,Sí,Dosificado manual ,DOSIFICADO MANUAL,Terminada,985.2,388.9,2026-06-24 13:03,2026-06-25 12:18,2026-07-16 18:30:24
SEM/MO/00641,[PTEC004] PULPA DE GUAYABA GOYA USA UNIDAD 397 g,Units,HF PB 174 26,10200.0,18612.0,100.0,Terminada,2026-06-24,2026-06-25 13:45,2026-06-25 17:16,Sí,Etiquetado manual,ETIQUETADO,Terminada,558.4,243.7,2026-06-23 11:33,2026-06-25 12:18,2026-07-16 18:30:24
SEM/MO/00675,[PULP005] PULPA DE NARANJILLA 16 KG,kg,L1762603,1520.0,1520.0,100.0,Terminada,2026-06-25,2026-06-25 15:18,2026-06-29 11:16,Sí,Liberación ,LIMPIEZA,Terminada,91.2,131.1,2026-06-25 15:18,2026-06-28 18:28,2026-07-16 18:30:24
SEM/MO/00675,[PULP005] PULPA DE NARANJILLA 16 KG,kg,L1762603,1520.0,1520.0,100.0,Terminada,2026-06-25,2026-06-25 15:18,2026-06-29 11:16,Sí,Proceso Manual ,DESPITONADO,Terminada,904.8,455.9,2026-06-25 06:21,2026-06-28 18:29,2026-07-16 18:30:24
SEM/MO/00675,[PULP005] PULPA DE NARANJILLA 16 KG,kg,L1762603,1520.0,1520.0,100.0,Terminada,2026-06-25,2026-06-25 15:18,2026-06-29 11:16,Sí,Lavado y desinfección,LAVADO 2,Terminada,161.6,207.5,2026-06-25 16:06,2026-06-28 18:29,2026-07-16 18:30:24
SEM/MO/00675,[PULP005] PULPA DE NARANJILLA 16 KG,kg,L1762603,1520.0,1520.0,100.0,Terminada,2026-06-25,2026-06-25 15:18,2026-06-29 11:16,Sí,Escaldado/descongelado,ESCALDADO,Terminada,304.1,294.3,2026-06-25 16:51,2026-06-28 18:29,2026-07-16 18:30:24
SEM/MO/00675,[PULP005] PULPA DE NARANJILLA 16 KG,kg,L1762603,1520.0,1520.0,100.0,Terminada,2026-06-25,2026-06-25 15:18,2026-06-29 11:16,Sí,Despulpado y refinado,PULPEADO,Terminada,253.3,294.0,2026-06-25 16:51,2026-06-28 18:29,2026-07-16 18:30:24
SEM/MO/00675,[PULP005] PULPA DE NARANJILLA 16 KG,kg,L1762603,1520.0,1520.0,100.0,Terminada,2026-06-25,2026-06-25 15:18,2026-06-29 11:16,Sí,Pasteurizado,PASTEURIZACIÓN,Terminada,183.9,98.0,2026-06-25 18:16,2026-06-28 18:29,2026-07-16 18:30:24
SEM/MO/00675,[PULP005] PULPA DE NARANJILLA 16 KG,kg,L1762603,1520.0,1520.0,100.0,Terminada,2026-06-25,2026-06-25 15:18,2026-06-29 11:16,Sí,Envasado Manual,ENVASADO MANUAL,Terminada,91.2,118.6,2026-06-25 18:41,2026-06-28 18:29,2026-07-16 18:30:24
SEM/MO/00682,[REP-PTEC004] (Reproceso) PULPA DE GUAYABA GOYA USA UNIDAD 397 g ,,,248.0,248.0,100.0,Terminada,2026-06-24,2026-06-25 17:17,2026-06-25 19:18,No,,,,,,,,2026-07-16 18:30:24
SEM/MO/00683,[PTEC004] PULPA DE GUAYABA GOYA USA UNIDAD 397 g,,,248.0,248.0,100.0,Terminada,2026-06-24,2026-06-25 17:18,2026-06-29 12:28,Sí,,,,,,,,2026-07-16 18:30:24
SEM/MO/00673,[PTEC002] PULPA DE GUANABANA GOYA USA UNIDAD 397 g,Units,HF PB 176 26,4000.0,4962.0,100.0,Terminada,2026-06-25,2026-06-25 18:41,2026-06-29 11:59,Sí,Liberación ,LIMPIEZA,Terminada,354.6,42.3,2026-06-25 06:21,2026-06-26 14:29,2026-07-16 18:30:24
SEM/MO/00673,[PTEC002] PULPA DE GUANABANA GOYA USA UNIDAD 397 g,Units,HF PB 176 26,4000.0,4962.0,100.0,Terminada,2026-06-25,2026-06-25 18:41,2026-06-29 11:59,Sí,Escaldado/descongelado,ESCALDADO,Terminada,429.2,48.9,2026-06-25 12:54,2026-06-26 14:29,2026-07-16 18:30:24
SEM/MO/00673,[PTEC002] PULPA DE GUANABANA GOYA USA UNIDAD 397 g,Units,HF PB 176 26,4000.0,4962.0,100.0,Terminada,2026-06-25,2026-06-25 18:41,2026-06-29 11:59,Sí,Despulpado y refinado,PULPEADO,Terminada,328.3,48.7,2026-06-25 12:54,2026-06-26 14:29,2026-07-16 18:30:24
SEM/MO/00673,[PTEC002] PULPA DE GUANABANA GOYA USA UNIDAD 397 g,Units,HF PB 176 26,4000.0,4962.0,100.0,Terminada,2026-06-25,2026-06-25 18:41,2026-06-29 11:59,Sí,Homogenizado,HOMOGENIZACIÓN,Terminada,49.2,100.0,2026-06-25 13:59,2026-06-26 14:29,2026-07-16 18:30:24
SEM/MO/00673,[PTEC002] PULPA DE GUANABANA GOYA USA UNIDAD 397 g,Units,HF PB 176 26,4000.0,4962.0,100.0,Terminada,2026-06-25,2026-06-25 18:41,2026-06-29 11:59,Sí,Pasteurizado,PASTEURIZACIÓN,Terminada,238.8,100.2,2026-06-25 13:59,2026-06-26 14:29,2026-07-16 18:30:24
SEM/MO/00673,[PTEC002] PULPA DE GUANABANA GOYA USA UNIDAD 397 g,Units,HF PB 176 26,4000.0,4962.0,100.0,Terminada,2026-06-25,2026-06-25 18:41,2026-06-29 11:59,Sí,Dosificado manual ,DOSIFICADO MANUAL,Terminada,262.7,245.0,2026-06-25 18:41,2026-06-28 18:34,2026-07-16 18:30:24
SEM/MO/00673,[PTEC002] PULPA DE GUANABANA GOYA USA UNIDAD 397 g,Units,HF PB 176 26,4000.0,4962.0,100.0,Terminada,2026-06-25,2026-06-25 18:41,2026-06-29 11:59,Sí,Etiquetado manual,ETIQUETADO,Terminada,148.9,100.3,2026-06-25 10:08,2026-06-26 14:30,2026-07-16 18:30:24
SEM/MO/00685,[REP-PTEC001] (Reproceso) PULPA DE MANGO GOYA USA UNIDAD 397 g ,,,844.0,844.0,100.0,Terminada,2026-06-23,2026-06-26 00:52,2026-06-26 04:43,No,,,,,,,,2026-07-16 18:30:24
SEM/MO/00686,[PTEC001] PULPA DE MANGO GOYA USA UNIDAD 397 g,,,844.0,844.0,100.0,Terminada,2026-06-23,2026-06-26 00:53,2026-06-26 04:47,Sí,,,,,,,,2026-07-16 18:30:24
SEM/MO/00692,[PTEXP008] PAPAYA PULP 12 X 14 OZ,Caja de 12,HF PB 140 26,190.0,190.0,100.0,Terminada,2026-06-25,2026-06-26 03:57,2026-06-26 03:57,Sí,Encartonado,ENCARTONADO,Terminada,285.0,120.0,2026-06-26 03:57,2026-06-26 03:57,2026-07-16 18:30:24
SEM/MO/00690,[PTEXP009] PINEAPPLE PULP 12 X 14 OZ,Caja de 12,HF PB 153 26,180.0,180.0,100.0,Terminada,2026-06-25,2026-06-26 04:05,2026-06-26 04:05,Sí,Encartonado,ENCARTONADO,Terminada,270.0,115.0,2026-06-26 04:05,2026-06-26 04:05,2026-07-16 18:30:24
SEM/MO/00693,[PTEXP009] PINEAPPLE PULP 12 X 14 OZ,Caja de 12,HF PB 168 26,170.0,170.0,100.0,Terminada,2026-06-25,2026-06-26 04:11,2026-06-26 04:11,Sí,Encartonado,ENCARTONADO,Terminada,255.0,60.0,2026-06-26 04:11,2026-06-26 04:11,2026-07-16 18:30:24
SEM/MO/00691,[PTEXP004] GUAVA PULP 12 X 14 OZ,Caja de 12,HF PB 163 26,420.0,480.0,100.0,Terminada,2026-06-25,2026-06-26 04:27,2026-06-26 04:27,Sí,Encartonado,ENCARTONADO,Terminada,720.0,120.0,2026-06-26 04:27,2026-06-26 04:27,2026-07-16 18:30:24
SEM/MO/00684,[PTEXP001] MANGO PULP 12 X 14 OZ,Caja de 12,HF PB 173 26,420.0,420.0,100.0,Terminada,2026-06-25,2026-06-26 04:28,2026-06-26 04:28,Sí,Encartonado,ENCARTONADO,Terminada,630.0,160.0,2026-06-26 04:28,2026-06-26 04:28,2026-07-16 18:30:24
SEM/MO/00687,[PTEXP004] GUAVA PULP 12 X 14 OZ,Caja de 12,HF PB 153 26,150.0,150.0,100.0,Terminada,2026-06-23,2026-06-26 04:38,2026-06-26 04:38,Sí,Encartonado,ENCARTONADO,Terminada,225.0,60.0,2026-06-26 04:38,2026-06-26 04:38,2026-07-16 18:30:24
SEM/MO/00694,[PTEXP001] MANGO PULP 12 X 14 OZ,Caja de 12,HF PB 173 26,210.0,210.0,100.0,Terminada,2026-06-25,2026-06-26 04:41,2026-06-26 04:41,Sí,Encartonado,ENCARTONADO,Terminada,315.0,60.0,2026-06-26 04:41,2026-06-26 04:41,2026-07-16 18:30:24
SEM/MO/00688,[PTEXP001] MANGO PULP 12 X 14 OZ,Caja de 12,HF PB 168 26,90.0,30.0,100.0,Terminada,2026-06-25,2026-06-26 04:52,2026-06-26 04:52,Sí,Encartonado,ENCARTONADO,Terminada,45.0,15.0,2026-06-26 04:52,2026-06-26 04:52,2026-07-16 18:30:24
SEM/MO/00695,[PTEXP001] MANGO PULP 12 X 14 OZ,Caja de 12,HF PB 173 26,60.0,60.0,100.0,Terminada,2026-06-25,2026-06-26 04:59,2026-06-26 04:59,Sí,Encartonado,ENCARTONADO,Terminada,90.0,60.0,2026-06-26 04:59,2026-06-26 04:59,2026-07-16 18:30:24
SEM/MO/00680,[PTEC019] PULPA DE LULO MERICA UNIDAD 250 g,Units,L1772615,14000.0,15035.0,100.0,Terminada,2026-06-26,2026-06-26 06:33,2026-06-29 11:23,Sí,Liberación ,LIMPIEZA,Terminada,630.0,122.8,2026-06-26 06:33,2026-06-28 18:34,2026-07-16 18:30:24
SEM/MO/00680,[PTEC019] PULPA DE LULO MERICA UNIDAD 250 g,Units,L1772615,14000.0,15035.0,100.0,Terminada,2026-06-26,2026-06-26 06:33,2026-06-29 11:23,Sí,Proceso Manual ,DESPITONADO,Terminada,3308.3,980.5,2026-06-26 06:29,2026-06-28 18:34,2026-07-16 18:30:24
SEM/MO/00680,[PTEC019] PULPA DE LULO MERICA UNIDAD 250 g,Units,L1772615,14000.0,15035.0,100.0,Terminada,2026-06-26,2026-06-26 06:33,2026-06-29 11:23,Sí,Lavado y desinfección,LAVADO 2,Terminada,372.0,346.9,2026-06-26 08:59,2026-06-28 18:34,2026-07-16 18:30:24
SEM/MO/00680,[PTEC019] PULPA DE LULO MERICA UNIDAD 250 g,Units,L1772615,14000.0,15035.0,100.0,Terminada,2026-06-26,2026-06-26 06:33,2026-06-29 11:23,Sí,Escaldado/descongelado,ESCALDADO,Terminada,700.3,575.9,2026-06-26 09:21,2026-06-28 18:34,2026-07-16 18:30:24
SEM/MO/00680,[PTEC019] PULPA DE LULO MERICA UNIDAD 250 g,Units,L1772615,14000.0,15035.0,100.0,Terminada,2026-06-26,2026-06-26 06:33,2026-06-29 11:23,Sí,Despulpado y refinado,PULPEADO,Terminada,583.3,566.9,2026-06-26 10:09,2026-06-28 18:34,2026-07-16 18:30:24
SEM/MO/00680,[PTEC019] PULPA DE LULO MERICA UNIDAD 250 g,Units,L1772615,14000.0,15035.0,100.0,Terminada,2026-06-26,2026-06-26 06:33,2026-06-29 11:23,Sí,Calentamiento,CALENTAMIENTO,Terminada,424.2,511.6,2026-06-26 11:23,2026-06-28 18:35,2026-07-16 18:30:24
SEM/MO/00680,[PTEC019] PULPA DE LULO MERICA UNIDAD 250 g,Units,L1772615,14000.0,15035.0,100.0,Terminada,2026-06-26,2026-06-26 06:33,2026-06-29 11:23,Sí,Dosificado manual ,DOSIFICADO MANUAL,Terminada,293.9,597.3,2026-06-26 11:46,2026-06-28 18:35,2026-07-16 18:30:24
SEM/MO/00680,[PTEC019] PULPA DE LULO MERICA UNIDAD 250 g,Units,L1772615,14000.0,15035.0,100.0,Terminada,2026-06-26,2026-06-26 06:33,2026-06-29 11:23,Sí,Etiquetado manual,ETIQUETADO,Terminada,420.0,169.7,2026-06-26 08:17,2026-06-28 18:35,2026-07-16 18:30:24
SEM/MO/00679,[PTEC012] PULPA DE MANGO MERICA UNIDAD 250 g,Units,L1662615,14000.0,3694.0,100.0,Terminada,2026-06-26,2026-06-26 19:55,2026-06-29 13:22,Sí,Liberación ,LIMPIEZA,Terminada,630.0,65.3,2026-06-26 19:55,2026-06-28 18:37,2026-07-16 18:30:24
SEM/MO/00679,[PTEC012] PULPA DE MANGO MERICA UNIDAD 250 g,Units,L1662615,14000.0,3694.0,100.0,Terminada,2026-06-26,2026-06-26 19:55,2026-06-29 13:22,Sí,Homogenizado,HOMOGENIZACIÓN,Terminada,87.5,40.0,2026-06-28 18:40,2026-06-28 18:40,2026-07-16 18:30:24
SEM/MO/00679,[PTEC012] PULPA DE MANGO MERICA UNIDAD 250 g,Units,L1662615,14000.0,3694.0,100.0,Terminada,2026-06-26,2026-06-26 19:55,2026-06-29 13:22,Sí,Calentamiento,CALENTAMIENTO,Terminada,424.2,99.3,2026-06-26 21:00,2026-06-28 19:07,2026-07-16 18:30:24
SEM/MO/00679,[PTEC012] PULPA DE MANGO MERICA UNIDAD 250 g,Units,L1662615,14000.0,3694.0,100.0,Terminada,2026-06-26,2026-06-26 19:55,2026-06-29 13:22,Sí,Dosificado manual ,DOSIFICADO MANUAL,Terminada,293.9,87.3,2026-06-26 22:01,2026-06-28 18:38,2026-07-16 18:30:24
SEM/MO/00679,[PTEC012] PULPA DE MANGO MERICA UNIDAD 250 g,Units,L1662615,14000.0,3694.0,100.0,Terminada,2026-06-26,2026-06-26 19:55,2026-06-29 13:22,Sí,Etiquetado manual,ETIQUETADO,Terminada,420.0,108.8,2026-06-26 19:55,2026-06-28 18:38,2026-07-16 18:30:24
SEM/MO/00699,[PTEC014] MARACUYA CON PEPAS MERICA UNIDAD 500 g,Units,L1802615,600.0,1258.0,100.0,Terminada,2026-06-29,2026-06-29 06:13,2026-06-30 18:05,Sí,Liberación ,LIMPIEZA,Terminada,113.2,86.0,2026-06-29 06:13,2026-06-30 14:55,2026-07-16 18:30:24
SEM/MO/00699,[PTEC014] MARACUYA CON PEPAS MERICA UNIDAD 500 g,Units,L1802615,600.0,1258.0,100.0,Terminada,2026-06-29,2026-06-29 06:13,2026-06-30 18:05,Sí,Lavado y desinfección,LAVADO 2,Terminada,144.6,104.3,2026-06-29 07:39,2026-06-30 14:56,2026-07-16 18:30:24
SEM/MO/00699,[PTEC014] MARACUYA CON PEPAS MERICA UNIDAD 500 g,Units,L1802615,600.0,1258.0,100.0,Terminada,2026-06-29,2026-06-29 06:13,2026-06-30 18:05,Sí,Despulpado manual,DESPULPADO MANUAL,Terminada,2220.0,538.3,2026-06-29 08:39,2026-06-30 14:56,2026-07-16 18:30:24
SEM/MO/00699,[PTEC014] MARACUYA CON PEPAS MERICA UNIDAD 500 g,Units,L1802615,600.0,1258.0,100.0,Terminada,2026-06-29,2026-06-29 06:13,2026-06-30 18:05,Sí,Dosificado manual ,DOSIFICADO MANUAL,Terminada,52.8,202.2,2026-06-29 15:05,2026-06-30 14:57,2026-07-16 18:30:24
SEM/MO/00699,[PTEC014] MARACUYA CON PEPAS MERICA UNIDAD 500 g,Units,L1802615,600.0,1258.0,100.0,Terminada,2026-06-29,2026-06-29 06:13,2026-06-30 18:05,Sí,Etiquetado manual,ETIQUETADO,Terminada,37.7,47.6,2026-06-29 14:42,2026-06-30 14:57,2026-07-16 18:30:24
SEM/MO/00700,[REP-PTEC019] (Reproceso) PULPA DE LULO MERICA UNIDAD 250 g ,,,3291.0,3291.0,100.0,Terminada,2026-06-26,2026-06-29 11:23,2026-06-29 13:09,No,,,,,,,,2026-07-16 18:30:24
SEM/MO/00701,[PTEC019] PULPA DE LULO MERICA UNIDAD 250 g,,,3291.0,3291.0,100.0,Terminada,2026-06-26,2026-06-29 11:25,2026-06-30 09:17,Sí,,,,,,,,2026-07-16 18:30:24
SEM/MO/00702,[REP-PTEC018] (Reproceso) PULPA DE GUANABANA MERICA UNIDAD 250 g,,,2727.0,2727.0,100.0,Terminada,2026-06-25,2026-06-29 12:01,2026-06-29 13:11,Sí,,,,,,,,2026-07-16 18:30:24
SEM/MO/00703,[PTEC018] PULPA DE GUANABANA MERICA UNIDAD 250 g,,,2727.0,2727.0,100.0,Terminada,2026-06-25,2026-06-29 12:01,2026-06-30 18:31,Sí,,,,,,,,2026-07-16 18:30:24
SEM/MO/00681,[PULP024] PULPA DE LIMON 150 g,Units,L1772614,1000.0,1368.0,100.0,Terminada,2026-06-26,2026-06-29 13:00,2026-06-29 13:01,Sí,Liberación ,LIMPIEZA,Terminada,60.0,60.0,2026-06-26 06:33,2026-06-28 18:36,2026-07-16 18:30:24
SEM/MO/00681,[PULP024] PULPA DE LIMON 150 g,Units,L1772614,1000.0,1368.0,100.0,Terminada,2026-06-26,2026-06-29 13:00,2026-06-29 13:01,Sí,Lavado y desinfección,LAVADO 1,Terminada,40.5,54.2,2026-06-26 08:26,2026-06-28 18:36,2026-07-16 18:30:24
SEM/MO/00681,[PULP024] PULPA DE LIMON 150 g,Units,L1772614,1000.0,1368.0,100.0,Terminada,2026-06-26,2026-06-29 13:00,2026-06-29 13:01,Sí,Exprimido,EXPRIMIDO,Terminada,37.5,346.0,2026-06-26 08:59,2026-06-28 18:36,2026-07-16 18:30:24
SEM/MO/00681,[PULP024] PULPA DE LIMON 150 g,Units,L1772614,1000.0,1368.0,100.0,Terminada,2026-06-26,2026-06-29 13:00,2026-06-29 13:01,Sí,Pasteurizado,PASTEURIZACIÓN,Terminada,25.0,25.5,2026-06-26 15:24,2026-06-28 18:36,2026-07-16 18:30:24
SEM/MO/00681,[PULP024] PULPA DE LIMON 150 g,Units,L1772614,1000.0,1368.0,100.0,Terminada,2026-06-26,2026-06-29 13:00,2026-06-29 13:01,Sí,Dosificado Automático,DOSIFICADO AUTOMÁTICO,Terminada,40.0,94.2,2026-06-26 17:56,2026-06-28 18:36,2026-07-16 18:30:24
SEM/MO/00681,[PULP024] PULPA DE LIMON 150 g,Units,L1772614,1000.0,1368.0,100.0,Terminada,2026-06-26,2026-06-29 13:00,2026-06-29 13:01,Sí,Cernido,DESPEPADO,Terminada,0.0,126.0,2026-06-29 12:47,2026-06-29 12:47,2026-07-16 18:30:24
SEM/MO/00681,[PULP024] PULPA DE LIMON 150 g,Units,L1772614,1000.0,1368.0,100.0,Terminada,2026-06-26,2026-06-29 13:00,2026-06-29 13:01,Sí,Etiquetadi,ETIQUETADO,Terminada,0.0,60.0,2026-06-29 12:51,2026-06-29 12:51,2026-07-16 18:30:24
SEM/MO/00704,[PTEC012] PULPA DE MANGO MERICA UNIDAD 250 g,Units,L1802615,14000.0,4158.0,100.0,Terminada,2026-06-29,2026-06-29 16:53,2026-06-30 17:52,Sí,Liberación ,LIMPIEZA,Terminada,187.1,145.4,2026-06-29 18:28,2026-06-30 17:11,2026-07-16 18:30:24
SEM/MO/00704,[PTEC012] PULPA DE MANGO MERICA UNIDAD 250 g,Units,L1802615,14000.0,4158.0,100.0,Terminada,2026-06-29,2026-06-29 16:53,2026-06-30 17:52,Sí,Homogenizado,HOMOGENIZACIÓN,Terminada,26.0,87.5,2026-06-29 16:53,2026-06-30 17:12,2026-07-16 18:30:24
SEM/MO/00704,[PTEC012] PULPA DE MANGO MERICA UNIDAD 250 g,Units,L1802615,14000.0,4158.0,100.0,Terminada,2026-06-29,2026-06-29 16:53,2026-06-30 17:52,Sí,Calentamiento,CALENTAMIENTO,Terminada,126.0,58.0,2026-06-29 22:05,2026-06-30 17:12,2026-07-16 18:30:24
SEM/MO/00704,[PTEC012] PULPA DE MANGO MERICA UNIDAD 250 g,Units,L1802615,14000.0,4158.0,100.0,Terminada,2026-06-29,2026-06-29 16:53,2026-06-30 17:52,Sí,Dosificado manual ,DOSIFICADO MANUAL,Terminada,87.3,122.6,2026-06-29 22:05,2026-06-30 17:12,2026-07-16 18:30:24
SEM/MO/00704,[PTEC012] PULPA DE MANGO MERICA UNIDAD 250 g,Units,L1802615,14000.0,4158.0,100.0,Terminada,2026-06-29,2026-06-29 16:53,2026-06-30 17:52,Sí,Etiquetado manual,ETIQUETADO,Terminada,124.7,98.8,2026-06-29 20:25,2026-06-30 17:12,2026-07-16 18:30:24
SEM/MO/00708,[PTEXP025] PULPA DE MORA 250 G X 12 U,Caja de 12,HF PB 119 26,1440.0,1080.0,100.0,Terminada,2026-06-29,2026-06-29 17:00,2026-06-30 09:03,Sí,Encartonado,ENCARTONADO,Terminada,2652.6,510.0,2026-06-29 17:00,2026-06-29 17:00,2026-07-16 18:30:24
SEM/MO/00709,[PTEXP025] PULPA DE MORA 250 G X 12 U,Caja de 12,HF PB 167 26,360.0,360.0,100.0,Terminada,2026-06-29,2026-06-29 17:01,2026-06-30 09:04,Sí,Encartonado,ENCARTONADO,Terminada,663.2,120.0,2026-06-29 17:01,2026-06-29 17:01,2026-07-16 18:30:24
SEM/MO/00710,[PTEXP028] PULPA DE PAPAYA 250 G X 12 U,Caja de 12,HF PB 112 26,360.0,360.0,100.0,Terminada,2026-06-29,2026-06-29 17:07,2026-06-30 09:18,Sí,Encartonado,ENCARTONADO,Terminada,663.2,95.0,2026-06-29 17:07,2026-06-29 17:07,2026-07-16 18:30:24
SEM/MO/00711,[PTEXP025] PULPA DE MORA 250 G X 12 U,Caja de 12,HF PB 167 26,360.0,360.0,100.0,Terminada,2026-06-30,2026-06-29 17:11,2026-06-30 19:22,Sí,Encartonado,ENCARTONADO,Terminada,663.2,130.0,2026-06-29 17:11,2026-06-29 17:11,2026-07-16 18:30:24
SEM/MO/00698,[PULP011] PULPA DE ARANDANO 8 KG,kg,L1802609,504.0,504.0,100.0,Terminada,2026-06-29,2026-06-29 18:03,2026-06-30 17:35,Sí,Liberación ,LIMPIEZA,Terminada,30.2,61.7,2026-06-29 18:03,2026-06-30 14:18,2026-07-16 18:30:24
SEM/MO/00698,[PULP011] PULPA DE ARANDANO 8 KG,kg,L1802609,504.0,504.0,100.0,Terminada,2026-06-29,2026-06-29 18:03,2026-06-30 17:35,Sí,Escaldado/descongelado,ESCALDADO,Terminada,86.6,66.2,2026-06-29 20:02,2026-06-30 14:18,2026-07-16 18:30:24
SEM/MO/00698,[PULP011] PULPA DE ARANDANO 8 KG,kg,L1802609,504.0,504.0,100.0,Terminada,2026-06-29,2026-06-29 18:03,2026-06-30 17:35,Sí,Despulpado y refinado,PULPEADO,Terminada,33.6,50.6,2026-06-29 20:51,2026-06-30 14:18,2026-07-16 18:30:24
SEM/MO/00698,[PULP011] PULPA DE ARANDANO 8 KG,kg,L1802609,504.0,504.0,100.0,Terminada,2026-06-29,2026-06-29 18:03,2026-06-30 17:35,Sí,Pasteurizado,PASTEURIZACIÓN,Terminada,61.0,16.3,2026-06-29 21:34,2026-06-30 14:18,2026-07-16 18:30:24
SEM/MO/00698,[PULP011] PULPA DE ARANDANO 8 KG,kg,L1802609,504.0,504.0,100.0,Terminada,2026-06-29,2026-06-29 18:03,2026-06-30 17:35,Sí,Envasado Manual,ENVASADO MANUAL,Terminada,30.2,112.7,2026-06-29 21:35,2026-06-30 14:19,2026-07-16 18:30:24
SEM/MO/00707,[PTEC017] PULPA DE GUAYABA MERICA UNIDAD 250 g,Units,L1812615,13600.0,17702.0,100.0,Terminada,2026-06-30,2026-06-30 06:27,2026-06-30 22:53,Sí,Liberación ,LIMPIEZA,Terminada,796.6,156.8,2026-06-30 06:27,2026-06-30 22:23,2026-07-16 18:30:24
SEM/MO/00707,[PTEC017] PULPA DE GUAYABA MERICA UNIDAD 250 g,Units,L1812615,13600.0,17702.0,100.0,Terminada,2026-06-30,2026-06-30 06:27,2026-06-30 22:53,Sí,Lavado y desinfección,LAVADO 2,Terminada,487.8,146.5,2026-06-30 10:00,2026-06-30 22:23,2026-07-16 18:30:24
SEM/MO/00707,[PTEC017] PULPA DE GUAYABA MERICA UNIDAD 250 g,Units,L1812615,13600.0,17702.0,100.0,Terminada,2026-06-30,2026-06-30 06:27,2026-06-30 22:53,Sí,Despulpado y refinado,PULPEADO,Terminada,737.6,153.1,2026-06-30 10:08,2026-06-30 22:23,2026-07-16 18:30:24
SEM/MO/00707,[PTEC017] PULPA DE GUAYABA MERICA UNIDAD 250 g,Units,L1812615,13600.0,17702.0,100.0,Terminada,2026-06-30,2026-06-30 06:27,2026-06-30 22:53,Sí,Calentamiento,CALENTAMIENTO,Terminada,536.4,444.3,2026-06-30 11:20,2026-06-30 22:23,2026-07-16 18:30:24
SEM/MO/00707,[PTEC017] PULPA DE GUAYABA MERICA UNIDAD 250 g,Units,L1812615,13600.0,17702.0,100.0,Terminada,2026-06-30,2026-06-30 06:27,2026-06-30 22:53,Sí,Dosificado manual ,DOSIFICADO MANUAL,Terminada,371.6,623.6,2026-06-30 11:39,2026-06-30 22:23,2026-07-16 18:30:24
SEM/MO/00707,[PTEC017] PULPA DE GUAYABA MERICA UNIDAD 250 g,Units,L1812615,13600.0,17702.0,100.0,Terminada,2026-06-30,2026-06-30 06:27,2026-06-30 22:53,Sí,Etiquetado manual,ETIQUETADO,Terminada,531.1,209.6,2026-06-30 07:48,2026-06-30 22:23,2026-07-16 18:30:24
SEM/MO/00712,[PTEC014] MARACUYA CON PEPAS MERICA UNIDAD 500 g,Units,L1802615,600.0,517.0,100.0,Terminada,2026-06-30,2026-06-30 06:38,2026-06-30 18:30,Sí,Liberación ,LIMPIEZA,Terminada,46.5,55.8,2026-06-30 06:38,2026-06-30 15:58,2026-07-16 18:30:24
SEM/MO/00712,[PTEC014] MARACUYA CON PEPAS MERICA UNIDAD 500 g,Units,L1802615,600.0,517.0,100.0,Terminada,2026-06-30,2026-06-30 06:38,2026-06-30 18:30,Sí,Lavado y desinfección,LAVADO 2,Terminada,59.4,117.6,2026-06-30 06:56,2026-06-30 15:23,2026-07-16 18:30:24
SEM/MO/00712,[PTEC014] MARACUYA CON PEPAS MERICA UNIDAD 500 g,Units,L1802615,600.0,517.0,100.0,Terminada,2026-06-30,2026-06-30 06:38,2026-06-30 18:30,Sí,Despulpado manual,DESPULPADO MANUAL,Terminada,912.4,114.1,2026-06-30 07:21,2026-06-30 15:23,2026-07-16 18:30:24
SEM/MO/00712,[PTEC014] MARACUYA CON PEPAS MERICA UNIDAD 500 g,Units,L1802615,600.0,517.0,100.0,Terminada,2026-06-30,2026-06-30 06:38,2026-06-30 18:30,Sí,Dosificado manual ,DOSIFICADO MANUAL,Terminada,21.7,38.4,2026-06-30 09:30,2026-06-30 15:24,2026-07-16 18:30:24
SEM/MO/00712,[PTEC014] MARACUYA CON PEPAS MERICA UNIDAD 500 g,Units,L1802615,600.0,517.0,100.0,Terminada,2026-06-30,2026-06-30 06:38,2026-06-30 18:30,Sí,Etiquetado manual,ETIQUETADO,Terminada,15.5,32.0,2026-06-30 08:08,2026-06-30 15:24,2026-07-16 18:30:24
SEM/MO/00705,[TOPP008] TOPPING DE FRUTILLA 12 BX,kg,L1812609,1400.0,1498.0,100.0,Terminada,2026-06-30,2026-06-30 14:20,2026-06-30 22:46,Sí,Liberación ,LIMPIEZA,Terminada,89.9,43.6,2026-06-30 14:20,2026-06-30 22:00,2026-07-16 18:30:24
SEM/MO/00705,[TOPP008] TOPPING DE FRUTILLA 12 BX,kg,L1812609,1400.0,1498.0,100.0,Terminada,2026-06-30,2026-06-30 14:20,2026-06-30 22:46,Sí,Lavado y desinfección,LAVADO 2,Terminada,39.1,129.6,2026-06-30 14:20,2026-06-30 22:00,2026-07-16 18:30:24
SEM/MO/00705,[TOPP008] TOPPING DE FRUTILLA 12 BX,kg,L1812609,1400.0,1498.0,100.0,Terminada,2026-06-30,2026-06-30 14:20,2026-06-30 22:46,Sí,Picado,RALLADO,Terminada,262.8,310.5,2026-06-30 14:40,2026-06-30 22:01,2026-07-16 18:30:24
SEM/MO/00705,[TOPP008] TOPPING DE FRUTILLA 12 BX,kg,L1812609,1400.0,1498.0,100.0,Terminada,2026-06-30,2026-06-30 14:20,2026-06-30 22:46,Sí,Pasteurizado,PASTEURIZACIÓN,Terminada,181.3,132.5,2026-06-30 15:52,2026-06-30 22:01,2026-07-16 18:30:24
SEM/MO/00705,[TOPP008] TOPPING DE FRUTILLA 12 BX,kg,L1812609,1400.0,1498.0,100.0,Terminada,2026-06-30,2026-06-30 14:20,2026-06-30 22:46,Sí,Envasado Manual,ENVASADO MANUAL,Terminada,89.9,146.6,2026-06-30 16:30,2026-06-30 22:02,2026-07-16 18:30:24
SEM/MO/00706,[SALS006] SALSA DE FRESA EDULCORADA 15 KG,kg,L1812607,810.0,855.0,100.0,Terminada,2026-06-30,2026-06-30 15:30,2026-06-30 18:56,Sí,Liberación,LIMPIEZA,Terminada,0.5,30.0,2026-06-30 15:30,2026-06-30 15:30,2026-07-16 18:30:24
SEM/MO/00706,[SALS006] SALSA DE FRESA EDULCORADA 15 KG,kg,L1812607,810.0,855.0,100.0,Terminada,2026-06-30,2026-06-30 15:30,2026-06-30 18:56,Sí,Lavado y desinfección,LAVADO 2,Terminada,22.3,50.4,2026-06-30 08:05,2026-06-30 15:20,2026-07-16 18:30:24
SEM/MO/00706,[SALS006] SALSA DE FRESA EDULCORADA 15 KG,kg,L1812607,810.0,855.0,100.0,Terminada,2026-06-30,2026-06-30 15:30,2026-06-30 18:56,Sí,Picado,RALLADO,Terminada,150.0,78.9,2026-06-30 08:26,2026-06-30 15:20,2026-07-16 18:30:24
SEM/MO/00706,[SALS006] SALSA DE FRESA EDULCORADA 15 KG,kg,L1812607,810.0,855.0,100.0,Terminada,2026-06-30,2026-06-30 15:30,2026-06-30 18:56,Sí,Pasteurizado,PASTEURIZACIÓN,Terminada,103.5,64.4,2026-06-30 09:17,2026-06-30 15:21,2026-07-16 18:30:24
SEM/MO/00706,[SALS006] SALSA DE FRESA EDULCORADA 15 KG,kg,L1812607,810.0,855.0,100.0,Terminada,2026-06-30,2026-06-30 15:30,2026-06-30 18:56,Sí,Envasado Manual,ENVASADO MANUAL,Terminada,51.3,101.0,2026-06-30 09:45,2026-06-30 15:22,2026-07-16 18:30:24
SEM/MO/00728,[PTEXP025] PULPA DE MORA 250 G X 12 U,Caja de 12,HF PB 173 26,1080.0,1080.0,100.0,Terminada,2026-06-30,2026-06-30 16:56,2026-06-30 19:02,Sí,Encartonado,ENCARTONADO,Terminada,1989.5,300.0,2026-06-30 16:56,2026-06-30 16:56,2026-07-16 18:30:24
SEM/MO/00729,[PTEXP030] PULPA DE PIÑA CONGELADA 250 G X 12 U,Caja de 12,HF PB 168 26,360.0,360.0,100.0,Terminada,2026-06-30,2026-06-30 17:30,2026-06-30 19:04,Sí,Encartonado,ENCARTONADO,Terminada,663.2,120.0,2026-06-30 17:30,2026-06-30 17:30,2026-07-16 18:30:24
SEM/MO/00730,[PTEXP032] MORA ENTERA 8 X 14 OZ,Caja de 8,HF PB 174 26,78.0,78.0,100.0,Terminada,2026-06-23,2026-06-30 17:50,2026-06-30 19:06,Sí,Encartonado,ENCARTONADO,Terminada,108.4,225.0,2026-06-30 17:50,2026-06-30 17:50,2026-07-16 18:30:24
SEM/MO/00732,[REP-PTEC012] (Reproceso) PULPA DE MANGO MERICA UNIDAD 250 g,,,3108.0,3108.0,100.0,Terminada,2026-06-29,2026-06-30 17:52,2026-06-30 18:42,No,,,,,,,,2026-07-16 18:30:24
SEM/MO/00733,[PTEC012] PULPA DE MANGO MERICA UNIDAD 250 g,,,3108.0,3108.0,100.0,Terminada,2026-06-29,2026-06-30 17:53,2026-06-30 18:47,Sí,,,,,,,,2026-07-16 18:30:24
SEM/MO/00734,[REP-PTEC014] (Reproceso) MARACUYA CON PEPAS MERICA UNIDAD 500 g,,,959.0,959.0,100.0,Terminada,2026-06-29,2026-06-30 18:05,2026-06-30 18:42,Sí,,,,,,,,2026-07-16 18:30:24
SEM/MO/00735,[PTEC014] MARACUYA CON PEPAS MERICA UNIDAD 500 g,,,959.0,959.0,100.0,Terminada,2026-06-29,2026-06-30 18:06,2026-06-30 18:48,Sí,,,,,,,,2026-07-16 18:30:24
SEM/MO/00737,[REP-PTEC015] (Reproceso) PULPA DE MARACUYA MERICA UNIDAD 250 g,,,914.0,914.0,100.0,Terminada,2026-06-29,2026-06-30 18:37,2026-06-30 18:42,No,,,,,,,,2026-07-16 18:30:24
SEM/MO/00738,[PTEC015] PULPA DE MARACUYA MERICA UNIDAD 250 g,,,147.0,147.0,100.0,Terminada,2026-06-29,2026-06-30 18:39,2026-06-30 18:49,Sí,,,,,,,,2026-07-16 18:30:24
SEM/MO/00739,[PTEC015] PULPA DE MARACUYA MERICA UNIDAD 250 g,,,258.0,258.0,100.0,Terminada,2026-06-29,2026-06-30 18:39,2026-06-30 18:51,Sí,,,,,,,,2026-07-16 18:30:24
SEM/MO/00740,[PTEC015] PULPA DE MARACUYA MERICA UNIDAD 250 g,,,509.0,509.0,100.0,Terminada,2026-06-29,2026-06-30 18:40,2026-06-30 19:23,Sí,,,,,,,,2026-07-16 18:30:24
SEM/MO/00741,[REP-PTEC017] (Reproceso) PULPA DE GUAYABA MERICA UNIDAD 250 g,,,3269.0,3269.0,100.0,Terminada,2026-06-30,2026-06-30 22:59,2026-06-30 23:13,Sí,,,,,,,,2026-07-16 18:30:24
SEM/MO/00742,[PTEC017] PULPA DE GUAYABA MERICA UNIDAD 250 g,,,3269.0,3269.0,100.0,Terminada,2026-06-30,2026-06-30 23:00,2026-06-30 23:16,Sí,,,,,,,,2026-07-16 18:30:24
SEM/MO/00716,[PTEC012] PULPA DE MANGO MERICA UNIDAD 250 g,Units,L1802615,11000.0,20817.0,100.0,Terminada,2026-07-01,2026-07-01 06:41,2026-07-03 17:18,Sí,Liberación ,LIMPIEZA,Terminada,495.0,53.8,2026-07-01 06:41,2026-07-01 17:23,2026-07-16 18:30:24
SEM/MO/00716,[PTEC012] PULPA DE MANGO MERICA UNIDAD 250 g,Units,L1802615,11000.0,20817.0,100.0,Terminada,2026-07-01,2026-07-01 06:41,2026-07-03 17:18,Sí,Homogenizado,HOMOGENIZACIÓN,Terminada,68.8,442.5,2026-07-01 06:41,2026-07-01 17:23,2026-07-16 18:30:24
SEM/MO/00716,[PTEC012] PULPA DE MANGO MERICA UNIDAD 250 g,Units,L1802615,11000.0,20817.0,100.0,Terminada,2026-07-01,2026-07-01 06:41,2026-07-03 17:18,Sí,Calentamiento,CALENTAMIENTO,Terminada,333.3,382.4,2026-07-01 07:25,2026-07-01 17:23,2026-07-16 18:30:24
SEM/MO/00716,[PTEC012] PULPA DE MANGO MERICA UNIDAD 250 g,Units,L1802615,11000.0,20817.0,100.0,Terminada,2026-07-01,2026-07-01 06:41,2026-07-03 17:18,Sí,Dosificado manual ,DOSIFICADO MANUAL,Terminada,230.9,497.9,2026-07-01 08:23,2026-07-01 17:24,2026-07-16 18:30:24
SEM/MO/00716,[PTEC012] PULPA DE MANGO MERICA UNIDAD 250 g,Units,L1802615,11000.0,20817.0,100.0,Terminada,2026-07-01,2026-07-01 06:41,2026-07-03 17:18,Sí,Etiquetado manual,ETIQUETADO,Terminada,330.0,251.0,2026-07-01 06:40,2026-07-01 17:24,2026-07-16 18:30:24
SEM/MO/00743,[MPI001] DURAZNO ENTERO PELADO ,kg,L1822607,400.0,560.0,100.0,Terminada,2026-07-01,2026-07-01 06:43,2026-07-02 16:38,Sí,Liberación ,LIMPIEZA,Terminada,24.0,44.7,2026-07-01 06:43,2026-07-02 10:12,2026-07-16 18:30:24
SEM/MO/00743,[MPI001] DURAZNO ENTERO PELADO ,kg,L1822607,400.0,560.0,100.0,Terminada,2026-07-01,2026-07-01 06:43,2026-07-02 16:38,Sí,Proceso Manual ,DESPITONADO,Terminada,272.7,168.2,2026-07-01 10:56,2026-07-02 10:12,2026-07-16 18:30:24
SEM/MO/00743,[MPI001] DURAZNO ENTERO PELADO ,kg,L1822607,400.0,560.0,100.0,Terminada,2026-07-01,2026-07-01 06:43,2026-07-02 16:38,Sí,Lavado y desinfección,LAVADO 1,Terminada,72.7,37.0,2026-07-01 13:29,2026-07-02 10:12,2026-07-16 18:30:24
SEM/MO/00743,[MPI001] DURAZNO ENTERO PELADO ,kg,L1822607,400.0,560.0,100.0,Terminada,2026-07-01,2026-07-01 06:43,2026-07-02 16:38,Sí,Despepado,DESPEPADO,Terminada,363.6,279.5,2026-07-01 13:31,2026-07-02 10:12,2026-07-16 18:30:24
SEM/MO/00743,[MPI001] DURAZNO ENTERO PELADO ,kg,L1822607,400.0,560.0,100.0,Terminada,2026-07-01,2026-07-01 06:43,2026-07-02 16:38,Sí,Pelado químico,PELADO QUÍMICO,Terminada,127.6,235.2,2026-07-01 13:30,2026-07-02 10:12,2026-07-16 18:30:24
SEM/MO/00743,[MPI001] DURAZNO ENTERO PELADO ,kg,L1822607,400.0,560.0,100.0,Terminada,2026-07-01,2026-07-01 06:43,2026-07-02 16:38,Sí,Inspección ,REVISIÓN VISUAL/ MANUAL,Terminada,600.0,352.2,2026-07-01 13:45,2026-07-02 10:13,2026-07-16 18:30:24
SEM/MO/00718,[PULP020] PULPA DE MORA 14KG,kg,L1822609,994.0,1330.0,100.0,Terminada,2026-07-01,2026-07-01 07:29,2026-07-03 17:54,Sí,Escaldado/descongelado,ESCALDADO,Terminada,234.3,245.0,2026-07-01 15:12,2026-07-02 10:04,2026-07-16 18:30:24
SEM/MO/00718,[PULP020] PULPA DE MORA 14KG,kg,L1822609,994.0,1330.0,100.0,Terminada,2026-07-01,2026-07-01 07:29,2026-07-03 17:54,Sí,Despulpado y refinado,PULPEADO,Terminada,221.7,188.0,2026-07-01 15:22,2026-07-02 10:04,2026-07-16 18:30:24
SEM/MO/00718,[PULP020] PULPA DE MORA 14KG,kg,L1822609,994.0,1330.0,100.0,Terminada,2026-07-01,2026-07-01 07:29,2026-07-03 17:54,Sí,Pasteurizado,PASTEURIZACIÓN,Terminada,160.9,66.2,2026-07-01 21:35,2026-07-02 10:04,2026-07-16 18:30:24
SEM/MO/00718,[PULP020] PULPA DE MORA 14KG,kg,L1822609,994.0,1330.0,100.0,Terminada,2026-07-01,2026-07-01 07:29,2026-07-03 17:54,Sí,Envasado Manual,ENVASADO MANUAL,Terminada,79.8,154.5,2026-07-01 20:20,2026-07-02 10:05,2026-07-16 18:30:24
SEM/MO/00696,[PTEC015] PULPA DE MARACUYA MERICA UNIDAD 250 g,Units,L1802615,7000.0,9812.0,100.0,Terminada,2026-06-29,2026-07-01 10:12,2026-06-30 18:36,Sí,Lavado y desinfección,LAVADO 2,Terminada,402.3,473.0,2026-06-29 09:52,2026-06-30 15:00,2026-07-16 18:30:24
SEM/MO/00696,[PTEC015] PULPA DE MARACUYA MERICA UNIDAD 250 g,Units,L1802615,7000.0,9812.0,100.0,Terminada,2026-06-29,2026-07-01 10:12,2026-06-30 18:36,Sí,Despulpado y refinado,PULPEADO,Terminada,291.7,438.1,2026-06-29 09:52,2026-06-30 15:01,2026-07-16 18:30:24
SEM/MO/00696,[PTEC015] PULPA DE MARACUYA MERICA UNIDAD 250 g,Units,L1802615,7000.0,9812.0,100.0,Terminada,2026-06-29,2026-07-01 10:12,2026-06-30 18:36,Sí,Calentamiento,CALENTAMIENTO,Terminada,212.1,197.1,2026-06-29 13:35,2026-06-30 15:01,2026-07-16 18:30:24
SEM/MO/00696,[PTEC015] PULPA DE MARACUYA MERICA UNIDAD 250 g,Units,L1802615,7000.0,9812.0,100.0,Terminada,2026-06-29,2026-07-01 10:12,2026-06-30 18:36,Sí,Dosificado manual ,DOSIFICADO MANUAL,Terminada,146.9,458.4,2026-06-29 14:25,2026-06-30 15:02,2026-07-16 18:30:24
SEM/MO/00696,[PTEC015] PULPA DE MARACUYA MERICA UNIDAD 250 g,Units,L1802615,7000.0,9812.0,100.0,Terminada,2026-06-29,2026-07-01 10:12,2026-06-30 18:36,Sí,Etiquetado manual,ETIQUETADO,Terminada,210.0,208.3,2026-06-29 07:39,2026-06-30 15:02,2026-07-16 18:30:24
SEM/MO/00696,[PTEC015] PULPA DE MARACUYA MERICA UNIDAD 250 g,Units,L1802615,7000.0,9812.0,100.0,Terminada,2026-06-29,2026-07-01 10:12,2026-06-30 18:36,Sí,Calentamiento,CALENTAMIENTO,Terminada,0.0,29.5,2026-06-29 14:45,2026-06-30 15:02,2026-07-16 18:30:24
SEM/MO/00696,[PTEC015] PULPA DE MARACUYA MERICA UNIDAD 250 g,Units,L1802615,7000.0,9812.0,100.0,Terminada,2026-06-29,2026-07-01 10:12,2026-06-30 18:36,Sí,Limpieza,LIMPIEZA,Terminada,0.0,90.4,2026-06-30 18:31,2026-06-30 18:31,2026-07-16 18:30:24
SEM/MO/00744,[PTEXP031] PULPA DE TOMATE DE ARBOL 250 G X 12 U,Caja de 12,HF PB 118 26,720.0,720.0,100.0,Terminada,2026-07-01,2026-07-01 15:20,2026-07-01 17:04,Sí,Encartonado,ENCARTONADO,Terminada,1326.3,300.0,2026-07-01 15:20,2026-07-01 15:20,2026-07-16 18:30:24
SEM/MO/00745,[PTEXP030] PULPA DE PIÑA CONGELADA 250 G X 12 U,Caja de 12,HF PB 128 26,360.0,360.0,100.0,Terminada,2026-07-01,2026-07-01 16:59,2026-07-01 16:59,Sí,Encartonado,ENCARTONADO,Terminada,663.2,90.0,2026-07-01 16:59,2026-07-01 16:59,2026-07-16 18:30:24
SEM/MO/00746,[PTEXP029] PULPA DE GUANABANA 250 G X 12 U,Caja de 12,HF PB 119 26,360.0,360.0,100.0,Terminada,2026-07-01,2026-07-01 17:27,2026-07-01 17:27,Sí,Encartonado,ENCARTONADO,Terminada,663.2,104.6,2026-07-01 17:27,2026-07-01 17:27,2026-07-16 18:30:24
SEM/MO/00736,"[DILUC001] DILUCIÓN DE SODA CAUSTICA 1,5%",,,240.0,300.0,125.0,Terminada,2026-07-01,2026-07-01 17:51,2026-07-02 16:24,Sí,,,,,,,,2026-07-16 18:30:24
SEM/MO/00717,[PULP002] PULPA DE MORA 41 BX 12 KG,kg,L1822609,504.0,552.0,100.0,Terminada,2026-07-01,2026-07-01 19:27,2026-07-03 17:55,Sí,Escaldado/descongelado,ESCALDADO,Terminada,97.2,30.0,2026-07-02 11:17,2026-07-02 11:17,2026-07-16 18:30:24
SEM/MO/00717,[PULP002] PULPA DE MORA 41 BX 12 KG,kg,L1822609,504.0,552.0,100.0,Terminada,2026-07-01,2026-07-01 19:27,2026-07-03 17:55,Sí,Despulpado y refinado,PULPEADO,Terminada,92.0,25.0,2026-07-02 11:17,2026-07-02 11:17,2026-07-16 18:30:24
SEM/MO/00717,[PULP002] PULPA DE MORA 41 BX 12 KG,kg,L1822609,504.0,552.0,100.0,Terminada,2026-07-01,2026-07-01 19:27,2026-07-03 17:55,Sí,Pasteurizado,PASTEURIZACIÓN,Terminada,66.8,30.0,2026-07-01 19:27,2026-07-02 11:17,2026-07-16 18:30:24
SEM/MO/00717,[PULP002] PULPA DE MORA 41 BX 12 KG,kg,L1822609,504.0,552.0,100.0,Terminada,2026-07-01,2026-07-01 19:27,2026-07-03 17:55,Sí,En,ENVASADO MANUAL,Terminada,0.0,40.0,2026-07-02 09:38,2026-07-02 11:17,2026-07-16 18:30:24
SEM/MO/00723,[PULP016] PULPA DE FRESA 16 KG,kg,L1832603,1008.0,1328.0,100.0,Terminada,2026-07-02,2026-07-02 06:23,2026-07-06 08:42,Sí,Liberación ,LIMPIEZA,Terminada,79.7,82.1,2026-07-02 06:23,2026-07-03 09:49,2026-07-16 18:30:24
SEM/MO/00723,[PULP016] PULPA DE FRESA 16 KG,kg,L1832603,1008.0,1328.0,100.0,Terminada,2026-07-02,2026-07-02 06:23,2026-07-06 08:42,Sí,Tachos,TACHOS,Terminada,0.0,335.7,2026-07-02 06:25,2026-07-03 09:49,2026-07-16 18:30:24
SEM/MO/00723,[PULP016] PULPA DE FRESA 16 KG,kg,L1832603,1008.0,1328.0,100.0,Terminada,2026-07-02,2026-07-02 06:23,2026-07-06 08:42,Sí,Lavado y desinfección,LAVADO 2,Terminada,117.2,59.6,2026-07-02 07:14,2026-07-03 09:49,2026-07-16 18:30:24
SEM/MO/00723,[PULP016] PULPA DE FRESA 16 KG,kg,L1832603,1008.0,1328.0,100.0,Terminada,2026-07-02,2026-07-02 06:23,2026-07-06 08:42,Sí,Despulpado y refinado,PULPEADO,Terminada,221.3,50.8,2026-07-02 07:23,2026-07-03 09:49,2026-07-16 18:30:24
SEM/MO/00723,[PULP016] PULPA DE FRESA 16 KG,kg,L1832603,1008.0,1328.0,100.0,Terminada,2026-07-02,2026-07-02 06:23,2026-07-06 08:42,Sí,Pasteurizado,PASTEURIZACIÓN,Terminada,122.0,122.0,2026-07-02 12:51,2026-07-02 12:51,2026-07-16 18:30:24
SEM/MO/00723,[PULP016] PULPA DE FRESA 16 KG,kg,L1832603,1008.0,1328.0,100.0,Terminada,2026-07-02,2026-07-02 06:23,2026-07-06 08:42,Sí,Envasado Manual,ENVASADO MANUAL,Terminada,60.5,151.2,2026-07-02 08:42,2026-07-02 13:08,2026-07-16 18:30:24
SEM/MO/00779,[REP-PTEC002] (Reproceso) PULPA DE GUANABANA GOYA USA UNIDAD 397 g,,,2224.0,2224.0,100.0,Terminada,2026-07-02,2026-07-02 09:18,2026-07-07 11:38,No,,,,,,,,2026-07-16 18:30:24
SEM/MO/00780,[PTEC002] PULPA DE GUANABANA GOYA USA UNIDAD 397 g,,,2224.0,2224.0,100.0,Terminada,2026-07-02,2026-07-02 09:19,2026-07-08 08:34,Sí,,,,,,,,2026-07-16 18:30:24
SEM/MO/00722,[SALS008] SALSA LISA DE FRESA ,kg,L1832607,510.0,480.0,100.0,Terminada,2026-07-02,2026-07-02 09:36,2026-07-06 08:44,Sí,Liberación,LIMPIEZA,Terminada,30.6,46.8,2026-07-02 09:36,2026-07-03 09:51,2026-07-16 18:30:24
SEM/MO/00722,[SALS008] SALSA LISA DE FRESA ,kg,L1832607,510.0,480.0,100.0,Terminada,2026-07-02,2026-07-02 09:36,2026-07-06 08:44,Sí,Lavado y desinfección,LAVADO 2,Terminada,45.0,16.7,2026-07-02 08:14,2026-07-03 09:51,2026-07-16 18:30:24
SEM/MO/00722,[SALS008] SALSA LISA DE FRESA ,kg,L1832607,510.0,480.0,100.0,Terminada,2026-07-02,2026-07-02 09:36,2026-07-06 08:44,Sí,Despulpado y refinado,PULPEADO,Terminada,85.0,52.3,2026-07-02 08:13,2026-07-03 09:51,2026-07-16 18:30:24
SEM/MO/00722,[SALS008] SALSA LISA DE FRESA ,kg,L1832607,510.0,480.0,100.0,Terminada,2026-07-02,2026-07-02 09:36,2026-07-06 08:44,Sí,Pasteurizado,PASTEURIZACIÓN,Terminada,61.7,162.3,2026-07-02 11:09,2026-07-03 09:51,2026-07-16 18:30:24
SEM/MO/00722,[SALS008] SALSA LISA DE FRESA ,kg,L1832607,510.0,480.0,100.0,Terminada,2026-07-02,2026-07-02 09:36,2026-07-06 08:44,Sí,Envasado manual,ENVASADO MANUAL,Terminada,30.6,57.6,2026-07-02 13:06,2026-07-03 09:51,2026-07-16 18:30:24
SEM/MO/00726,[PTEC018] PULPA DE GUANABANA MERICA UNIDAD 250 g,Units,L1832615,13000.0,12980.0,100.0,Terminada,2026-07-02,2026-07-02 09:36,2026-07-06 09:03,Sí,Liberación ,LIMPIEZA,Terminada,585.0,144.5,2026-07-02 09:36,2026-07-03 09:52,2026-07-16 18:30:24
SEM/MO/00726,[PTEC018] PULPA DE GUANABANA MERICA UNIDAD 250 g,Units,L1832615,13000.0,12980.0,100.0,Terminada,2026-07-02,2026-07-02 09:36,2026-07-06 09:03,Sí,Escaldado/descongelado,ESCALDADO,Terminada,708.1,450.1,2026-07-02 12:32,2026-07-03 09:53,2026-07-16 18:30:24
SEM/MO/00726,[PTEC018] PULPA DE GUANABANA MERICA UNIDAD 250 g,Units,L1832615,13000.0,12980.0,100.0,Terminada,2026-07-02,2026-07-02 09:36,2026-07-06 09:03,Sí,Despulpado y refinado,PULPEADO,Terminada,541.7,423.3,2026-07-02 12:58,2026-07-03 09:53,2026-07-16 18:30:24
SEM/MO/00726,[PTEC018] PULPA DE GUANABANA MERICA UNIDAD 250 g,Units,L1832615,13000.0,12980.0,100.0,Terminada,2026-07-02,2026-07-02 09:36,2026-07-06 09:03,Sí,Calentamiento,CALENTAMIENTO,Terminada,393.9,287.6,2026-07-02 16:02,2026-07-03 09:54,2026-07-16 18:30:24
SEM/MO/00726,[PTEC018] PULPA DE GUANABANA MERICA UNIDAD 250 g,Units,L1832615,13000.0,12980.0,100.0,Terminada,2026-07-02,2026-07-02 09:36,2026-07-06 09:03,Sí,Dosificado manual ,DOSIFICADO MANUAL,Terminada,272.9,347.0,2026-07-02 16:21,2026-07-03 09:54,2026-07-16 18:30:24
SEM/MO/00726,[PTEC018] PULPA DE GUANABANA MERICA UNIDAD 250 g,Units,L1832615,13000.0,12980.0,100.0,Terminada,2026-07-02,2026-07-02 09:36,2026-07-06 09:03,Sí,Etiquetado manual,ETIQUETADO,Terminada,390.0,294.7,2026-07-02 08:42,2026-07-03 09:55,2026-07-16 18:30:24
SEM/MO/00715,[SALS005] SALSA DE DURAZNO EDULCORADA 15 KG,kg,L1822607,375.0,630.0,100.0,Terminada,2026-06-01,2026-07-02 10:13,2026-07-02 17:35,Sí,Picado,RALLADO,Terminada,110.5,125.0,2026-07-02 10:13,2026-07-02 10:13,2026-07-16 18:30:24
SEM/MO/00715,[SALS005] SALSA DE DURAZNO EDULCORADA 15 KG,kg,L1822607,375.0,630.0,100.0,Terminada,2026-06-01,2026-07-02 10:13,2026-07-02 17:35,Sí,Pasteurizado,PASTEURIZACIÓN,Terminada,76.2,25.0,2026-07-02 10:13,2026-07-02 10:13,2026-07-16 18:30:24
SEM/MO/00715,[SALS005] SALSA DE DURAZNO EDULCORADA 15 KG,kg,L1822607,375.0,630.0,100.0,Terminada,2026-06-01,2026-07-02 10:13,2026-07-02 17:35,Sí,Envasado Manual,ENVASADO MANUAL,Terminada,37.8,100.2,2026-07-02 10:13,2026-07-02 10:13,2026-07-16 18:30:24
SEM/MO/00715,[SALS005] SALSA DE DURAZNO EDULCORADA 15 KG,kg,L1822607,375.0,630.0,100.0,Terminada,2026-06-01,2026-07-02 10:13,2026-07-02 17:35,Sí,Lavado,TACHOS,Terminada,0.0,20.0,2026-07-02 10:13,2026-07-02 10:13,2026-07-16 18:30:24
SEM/MO/00714,[PULP017] PULPA DE MORA 16 KG,kg,L1822603,1696.0,1696.0,100.0,Terminada,2026-07-01,2026-07-02 11:13,2026-07-03 17:51,Sí,Liberación ,LIMPIEZA,Terminada,101.8,30.0,2026-07-02 11:13,2026-07-02 11:13,2026-07-16 18:30:24
SEM/MO/00714,[PULP017] PULPA DE MORA 16 KG,kg,L1822603,1696.0,1696.0,100.0,Terminada,2026-07-01,2026-07-02 11:13,2026-07-03 17:51,Sí,Escaldado/descongelado,ESCALDADO,Terminada,298.8,124.4,2026-07-01 19:30,2026-07-02 10:03,2026-07-16 18:30:24
SEM/MO/00714,[PULP017] PULPA DE MORA 16 KG,kg,L1822603,1696.0,1696.0,100.0,Terminada,2026-07-01,2026-07-02 11:13,2026-07-03 17:51,Sí,Despulpado y refinado,PULPEADO,Terminada,282.7,184.0,2026-07-01 16:26,2026-07-02 10:03,2026-07-16 18:30:24
SEM/MO/00714,[PULP017] PULPA DE MORA 16 KG,kg,L1822603,1696.0,1696.0,100.0,Terminada,2026-07-01,2026-07-02 11:13,2026-07-03 17:51,Sí,Pasteurizado,PASTEURIZACIÓN,Terminada,205.2,98.0,2026-07-01 16:12,2026-07-02 10:03,2026-07-16 18:30:24
SEM/MO/00714,[PULP017] PULPA DE MORA 16 KG,kg,L1822603,1696.0,1696.0,100.0,Terminada,2026-07-01,2026-07-02 11:13,2026-07-03 17:51,Sí,Envasado Manual,ENVASADO MANUAL,Terminada,101.8,117.6,2026-07-01 16:57,2026-07-02 10:04,2026-07-16 18:30:24
SEM/MO/00747,[PTEXP015] Pulpa Maracuyá America x 250 gr (CAJAS 10 UDS),Units,L1102615,10260.0,10260.0,100.0,Terminada,2026-07-02,2026-07-02 17:38,2026-07-06 12:33,Sí,Encartonado,ENCARTONADO,Terminada,1575.0,275.0,2026-07-02 17:38,2026-07-02 17:38,2026-07-16 18:30:24
SEM/MO/00748,[PTEXP013] Pulpa Tomate de Árbol America x 250 gr (CAJAS 10 UDS),Units,L0902615,3420.0,3420.0,100.0,Terminada,2026-07-02,2026-07-02 17:41,2026-07-06 09:16,Sí,Encartonado,ENCARTONADO,Terminada,525.0,135.0,2026-07-02 17:41,2026-07-02 17:41,2026-07-16 18:30:24
SEM/MO/00749,[PTEXP014] Maracuyá C/ Pepas x 500 gr (CAJAS 10 UDS),Units,L1242615,1980.0,1980.0,100.0,Terminada,2026-07-02,2026-07-02 18:08,2026-07-06 09:15,Sí,Encartonado,ENCARTONADO,Terminada,607.9,50.0,2026-07-02 18:08,2026-07-02 18:08,2026-07-16 18:30:24
SEM/MO/00727,[PTEC019] PULPA DE LULO MERICA UNIDAD 250 g,Units,L1842615,13000.0,13600.0,100.0,Terminada,2026-07-03,2026-07-03 06:50,2026-07-07 12:26,Sí,Liberación ,LIMPIEZA,Terminada,585.0,74.1,2026-07-03 06:50,2026-07-05 19:00,2026-07-16 18:30:24
SEM/MO/00727,[PTEC019] PULPA DE LULO MERICA UNIDAD 250 g,Units,L1842615,13000.0,13600.0,100.0,Terminada,2026-07-03,2026-07-03 06:50,2026-07-07 12:26,Sí,Proceso Manual ,DESPITONADO,Terminada,3072.0,780.4,2026-07-03 11:57,2026-07-05 19:00,2026-07-16 18:30:24
SEM/MO/00727,[PTEC019] PULPA DE LULO MERICA UNIDAD 250 g,Units,L1842615,13000.0,13600.0,100.0,Terminada,2026-07-03,2026-07-03 06:50,2026-07-07 12:26,Sí,Lavado y desinfección,LAVADO 2,Terminada,345.4,259.1,2026-07-03 08:49,2026-07-05 19:00,2026-07-16 18:30:24
SEM/MO/00727,[PTEC019] PULPA DE LULO MERICA UNIDAD 250 g,Units,L1842615,13000.0,13600.0,100.0,Terminada,2026-07-03,2026-07-03 06:50,2026-07-07 12:26,Sí,Escaldado/descongelado,ESCALDADO,Terminada,650.3,435.6,2026-07-03 10:36,2026-07-05 19:01,2026-07-16 18:30:24
SEM/MO/00727,[PTEC019] PULPA DE LULO MERICA UNIDAD 250 g,Units,L1842615,13000.0,13600.0,100.0,Terminada,2026-07-03,2026-07-03 06:50,2026-07-07 12:26,Sí,Despulpado y refinado,PULPEADO,Terminada,541.7,407.8,2026-07-03 11:11,2026-07-05 19:01,2026-07-16 18:30:24
SEM/MO/00727,[PTEC019] PULPA DE LULO MERICA UNIDAD 250 g,Units,L1842615,13000.0,13600.0,100.0,Terminada,2026-07-03,2026-07-03 06:50,2026-07-07 12:26,Sí,Calentamiento,CALENTAMIENTO,Terminada,393.9,248.2,2026-07-03 14:04,2026-07-05 19:01,2026-07-16 18:30:24
SEM/MO/00727,[PTEC019] PULPA DE LULO MERICA UNIDAD 250 g,Units,L1842615,13000.0,13600.0,100.0,Terminada,2026-07-03,2026-07-03 06:50,2026-07-07 12:26,Sí,Dosificado manual ,DOSIFICADO MANUAL,Terminada,272.9,349.8,2026-07-03 15:09,2026-07-05 19:01,2026-07-16 18:30:24
SEM/MO/00727,[PTEC019] PULPA DE LULO MERICA UNIDAD 250 g,Units,L1842615,13000.0,13600.0,100.0,Terminada,2026-07-03,2026-07-03 06:50,2026-07-07 12:26,Sí,Etiquetado manual,ETIQUETADO,Terminada,390.0,172.4,2026-07-03 08:14,2026-07-05 19:01,2026-07-16 18:30:24
SEM/MO/00725,[PULP005] PULPA DE NARANJILLA 16 KG,kg,L1842603,1520.0,1552.0,100.0,Terminada,2026-07-03,2026-07-03 09:48,2026-07-07 12:27,Sí,Liberación ,LIMPIEZA,Terminada,91.2,30.9,2026-07-03 06:19,2026-07-05 18:57,2026-07-16 18:30:24
SEM/MO/00725,[PULP005] PULPA DE NARANJILLA 16 KG,kg,L1842603,1520.0,1552.0,100.0,Terminada,2026-07-03,2026-07-03 09:48,2026-07-07 12:27,Sí,Proceso Manual ,DESPITONADO,Terminada,904.8,247.7,2026-07-03 06:20,2026-07-03 11:57,2026-07-16 18:30:24
SEM/MO/00725,[PULP005] PULPA DE NARANJILLA 16 KG,kg,L1842603,1520.0,1552.0,100.0,Terminada,2026-07-03,2026-07-03 09:48,2026-07-07 12:27,Sí,Lavado y desinfección,LAVADO 2,Terminada,161.6,47.6,2026-07-03 08:01,2026-07-03 11:12,2026-07-16 18:30:24
SEM/MO/00725,[PULP005] PULPA DE NARANJILLA 16 KG,kg,L1842603,1520.0,1552.0,100.0,Terminada,2026-07-03,2026-07-03 09:48,2026-07-07 12:27,Sí,Escaldado/descongelado,ESCALDADO,Terminada,304.1,151.1,2026-07-03 08:04,2026-07-03 11:12,2026-07-16 18:30:24
SEM/MO/00725,[PULP005] PULPA DE NARANJILLA 16 KG,kg,L1842603,1520.0,1552.0,100.0,Terminada,2026-07-03,2026-07-03 09:48,2026-07-07 12:27,Sí,Despulpado y refinado,PULPEADO,Terminada,253.3,114.1,2026-07-03 08:41,2026-07-03 11:11,2026-07-16 18:30:24
SEM/MO/00725,[PULP005] PULPA DE NARANJILLA 16 KG,kg,L1842603,1520.0,1552.0,100.0,Terminada,2026-07-03,2026-07-03 09:48,2026-07-07 12:27,Sí,Pasteurizado,PASTEURIZACIÓN,Terminada,183.9,73.7,2026-07-03 09:48,2026-07-03 14:51,2026-07-16 18:30:24
SEM/MO/00725,[PULP005] PULPA DE NARANJILLA 16 KG,kg,L1842603,1520.0,1552.0,100.0,Terminada,2026-07-03,2026-07-03 09:48,2026-07-07 12:27,Sí,Envasado Manual,ENVASADO MANUAL,Terminada,91.2,78.6,2026-07-03 12:13,2026-07-03 14:03,2026-07-16 18:30:24
SEM/MO/00725,[PULP005] PULPA DE NARANJILLA 16 KG,kg,L1842603,1520.0,1552.0,100.0,Terminada,2026-07-03,2026-07-03 09:48,2026-07-07 12:27,Sí,Tachos,TACHOS,Terminada,0.0,38.8,2026-07-03 09:48,2026-07-05 19:26,2026-07-16 18:30:24
SEM/MO/00720,[PTEC002] PULPA DE GUANABANA GOYA USA UNIDAD 397 g,Units,HF PB 183 26,4000.0,4707.0,100.0,Terminada,2026-07-02,2026-07-03 10:45,2026-07-06 09:04,Sí,Liberación ,LIMPIEZA,Terminada,285.8,41.2,2026-07-02 18:58,2026-07-03 09:55,2026-07-16 18:30:24
SEM/MO/00720,[PTEC002] PULPA DE GUANABANA GOYA USA UNIDAD 397 g,Units,HF PB 183 26,4000.0,4707.0,100.0,Terminada,2026-07-02,2026-07-03 10:45,2026-07-06 09:04,Sí,Escaldado/descongelado,ESCALDADO,Terminada,346.0,118.4,2026-07-02 20:09,2026-07-03 09:55,2026-07-16 18:30:24
SEM/MO/00720,[PTEC002] PULPA DE GUANABANA GOYA USA UNIDAD 397 g,Units,HF PB 183 26,4000.0,4707.0,100.0,Terminada,2026-07-02,2026-07-03 10:45,2026-07-06 09:04,Sí,Despulpado y refinado,PULPEADO,Terminada,311.4,250.0,2026-07-03 11:21,2026-07-03 11:21,2026-07-16 18:30:24
SEM/MO/00720,[PTEC002] PULPA DE GUANABANA GOYA USA UNIDAD 397 g,Units,HF PB 183 26,4000.0,4707.0,100.0,Terminada,2026-07-02,2026-07-03 10:45,2026-07-06 09:04,Sí,Homogenizado,HOMOGENIZACIÓN,Terminada,39.7,12.6,2026-07-02 21:44,2026-07-03 10:03,2026-07-16 18:30:24
SEM/MO/00720,[PTEC002] PULPA DE GUANABANA GOYA USA UNIDAD 397 g,Units,HF PB 183 26,4000.0,4707.0,100.0,Terminada,2026-07-02,2026-07-03 10:45,2026-07-06 09:04,Sí,Pasteurizado,PASTEURIZACIÓN,Terminada,192.5,115.5,2026-07-02 20:49,2026-07-03 10:03,2026-07-16 18:30:24
SEM/MO/00720,[PTEC002] PULPA DE GUANABANA GOYA USA UNIDAD 397 g,Units,HF PB 183 26,4000.0,4707.0,100.0,Terminada,2026-07-02,2026-07-03 10:45,2026-07-06 09:04,Sí,Dosificado manual ,DOSIFICADO MANUAL,Terminada,211.7,113.9,2026-07-02 22:08,2026-07-03 10:04,2026-07-16 18:30:24
SEM/MO/00720,[PTEC002] PULPA DE GUANABANA GOYA USA UNIDAD 397 g,Units,HF PB 183 26,4000.0,4707.0,100.0,Terminada,2026-07-02,2026-07-03 10:45,2026-07-06 09:04,Sí,Etiquetado manual,ETIQUETADO,Terminada,120.0,112.5,2026-07-02 14:20,2026-07-03 10:04,2026-07-16 18:30:24
SEM/MO/00721,[PULP006] PULPA DE FRESA 12 KG,kg,L1832609,504.0,648.0,100.0,Terminada,2026-07-02,2026-07-03 14:01,2026-07-06 08:46,Sí,Liberación ,LIMPIEZA,Terminada,38.9,30.0,2026-07-03 11:22,2026-07-03 11:22,2026-07-16 18:30:24
SEM/MO/00721,[PULP006] PULPA DE FRESA 12 KG,kg,L1832609,504.0,648.0,100.0,Terminada,2026-07-02,2026-07-03 14:01,2026-07-06 08:46,Sí,Lavado y desinfección,LAVADO 2,Terminada,57.2,29.9,2026-07-02 08:30,2026-07-03 09:49,2026-07-16 18:30:24
SEM/MO/00721,[PULP006] PULPA DE FRESA 12 KG,kg,L1832609,504.0,648.0,100.0,Terminada,2026-07-02,2026-07-03 14:01,2026-07-06 08:46,Sí,Despulpado y refinado,PULPEADO,Terminada,108.0,88.0,2026-07-03 12:27,2026-07-03 12:27,2026-07-16 18:30:24
SEM/MO/00721,[PULP006] PULPA DE FRESA 12 KG,kg,L1832609,504.0,648.0,100.0,Terminada,2026-07-02,2026-07-03 14:01,2026-07-06 08:46,Sí,Pasteurizado,PASTEURIZACIÓN,Terminada,78.4,46.2,2026-07-02 12:51,2026-07-03 09:50,2026-07-16 18:30:24
SEM/MO/00721,[PULP006] PULPA DE FRESA 12 KG,kg,L1832609,504.0,648.0,100.0,Terminada,2026-07-02,2026-07-03 14:01,2026-07-06 08:46,Sí,Envasado Manual,ENVASADO MANUAL,Terminada,38.9,76.6,2026-07-02 13:37,2026-07-03 09:50,2026-07-16 18:30:24
SEM/MO/00751,[PULP021] PULPA DE MORA 150 g,Units,L1842614,1000.0,770.0,100.0,Terminada,2026-07-03,2026-07-05 19:30,2026-07-06 16:00,Sí,Liberación ,LIMPIEZA,Terminada,46.2,60.0,2026-07-05 19:30,2026-07-05 19:30,2026-07-16 18:30:24
SEM/MO/00751,[PULP021] PULPA DE MORA 150 g,Units,L1842614,1000.0,770.0,100.0,Terminada,2026-07-03,2026-07-05 19:30,2026-07-06 16:00,Sí,Escaldado/descongelado,ESCALDADO,Terminada,26.4,30.0,2026-07-05 18:59,2026-07-05 18:59,2026-07-16 18:30:24
SEM/MO/00751,[PULP021] PULPA DE MORA 150 g,Units,L1842614,1000.0,770.0,100.0,Terminada,2026-07-03,2026-07-05 19:30,2026-07-06 16:00,Sí,Despulpado y refinado,PULPEADO,Terminada,14.6,15.0,2026-07-05 19:29,2026-07-05 19:29,2026-07-16 18:30:24
SEM/MO/00751,[PULP021] PULPA DE MORA 150 g,Units,L1842614,1000.0,770.0,100.0,Terminada,2026-07-03,2026-07-05 19:30,2026-07-06 16:00,Sí,Pasteurizado,PASTEURIZACIÓN,Terminada,19.2,20.0,2026-07-05 19:30,2026-07-05 19:30,2026-07-16 18:30:24
SEM/MO/00751,[PULP021] PULPA DE MORA 150 g,Units,L1842614,1000.0,770.0,100.0,Terminada,2026-07-03,2026-07-05 19:30,2026-07-06 16:00,Sí,Dosificado Automático,DOSIFICADO AUTOMÁTICO,Terminada,40.0,242.4,2026-07-03 15:09,2026-07-05 19:00,2026-07-16 18:30:24
SEM/MO/00761,[PTEC007] PULPA DE MARACUYA GOYA USA UNIDAD 397 g,Units,HF PB 187 26,3000.0,3316.0,100.0,Terminada,2026-07-06,2026-07-06 06:27,2026-07-08 15:59,Sí,Liberación ,LIMPIEZA,Terminada,214.4,163.0,2026-07-06 06:27,2026-07-07 11:10,2026-07-16 18:30:24
SEM/MO/00761,[PTEC007] PULPA DE MARACUYA GOYA USA UNIDAD 397 g,Units,HF PB 187 26,3000.0,3316.0,100.0,Terminada,2026-07-06,2026-07-06 06:27,2026-07-08 15:59,Sí,Lavado y desinfección,LAVADO 2,Terminada,273.8,250.2,2026-07-06 13:41,2026-07-07 11:10,2026-07-16 18:30:24
SEM/MO/00761,[PTEC007] PULPA DE MARACUYA GOYA USA UNIDAD 397 g,Units,HF PB 187 26,3000.0,3316.0,100.0,Terminada,2026-07-06,2026-07-06 06:27,2026-07-08 15:59,Sí,Despulpado y refinado,PULPEADO,Terminada,198.5,223.4,2026-07-06 13:41,2026-07-07 11:10,2026-07-16 18:30:24
SEM/MO/00761,[PTEC007] PULPA DE MARACUYA GOYA USA UNIDAD 397 g,Units,HF PB 187 26,3000.0,3316.0,100.0,Terminada,2026-07-06,2026-07-06 06:27,2026-07-08 15:59,Sí,Pasteurizado,PASTEURIZACIÓN,Terminada,144.4,176.5,2026-07-06 15:51,2026-07-07 11:10,2026-07-16 18:30:24
SEM/MO/00761,[PTEC007] PULPA DE MARACUYA GOYA USA UNIDAD 397 g,Units,HF PB 187 26,3000.0,3316.0,100.0,Terminada,2026-07-06,2026-07-06 06:27,2026-07-08 15:59,Sí,Dosificado Automático,DOSIFICADO AUTOMÁTICO,Terminada,150.0,38.1,2026-07-06 18:33,2026-07-07 11:10,2026-07-16 18:30:24
SEM/MO/00761,[PTEC007] PULPA DE MARACUYA GOYA USA UNIDAD 397 g,Units,HF PB 187 26,3000.0,3316.0,100.0,Terminada,2026-07-06,2026-07-06 06:27,2026-07-08 15:59,Sí,Dosificado manual ,DOSIFICADO MANUAL,Terminada,158.8,146.3,2026-07-06 16:32,2026-07-07 11:10,2026-07-16 18:30:24
SEM/MO/00761,[PTEC007] PULPA DE MARACUYA GOYA USA UNIDAD 397 g,Units,HF PB 187 26,3000.0,3316.0,100.0,Terminada,2026-07-06,2026-07-06 06:27,2026-07-08 15:59,Sí,Etiquetado manual,ETIQUETADO,Terminada,90.0,90.0,2026-07-06 14:32,2026-07-07 11:11,2026-07-16 18:30:24
SEM/MO/00758,[TOPP002] TOPPING DE PIÑA 20BX 2 KG,kg,L1872609,200.0,88.0,100.0,Terminada,2026-07-06,2026-07-06 07:24,2026-07-08 15:38,Sí,Lavado y desinfección,LAVADO 2,Terminada,4.4,9.9,2026-07-06 07:24,2026-07-07 10:40,2026-07-16 18:30:24
SEM/MO/00758,[TOPP002] TOPPING DE PIÑA 20BX 2 KG,kg,L1872609,200.0,88.0,100.0,Terminada,2026-07-06,2026-07-06 07:24,2026-07-08 15:38,Sí,Pelado manual,PELADO MANUAL,Terminada,88.0,149.9,2026-07-06 07:53,2026-07-07 10:40,2026-07-16 18:30:24
SEM/MO/00758,[TOPP002] TOPPING DE PIÑA 20BX 2 KG,kg,L1872609,200.0,88.0,100.0,Terminada,2026-07-06,2026-07-06 07:24,2026-07-08 15:38,Sí,Picado,RALLADO,Terminada,15.4,107.2,2026-07-06 08:44,2026-07-07 10:41,2026-07-16 18:30:24
SEM/MO/00758,[TOPP002] TOPPING DE PIÑA 20BX 2 KG,kg,L1872609,200.0,88.0,100.0,Terminada,2026-07-06,2026-07-06 07:24,2026-07-08 15:38,Sí,Pasteurizado,PASTEURIZACIÓN,Terminada,10.7,12.7,2026-07-06 13:17,2026-07-07 10:41,2026-07-16 18:30:24
SEM/MO/00758,[TOPP002] TOPPING DE PIÑA 20BX 2 KG,kg,L1872609,200.0,88.0,100.0,Terminada,2026-07-06,2026-07-06 07:24,2026-07-08 15:38,Sí,Envasado Manual,ENFUNDADO 2,Terminada,10.6,28.8,2026-07-06 13:30,2026-07-07 10:41,2026-07-16 18:30:24
SEM/MO/00724,[SALS004] SALSA DE MORA EDULCORADA 15 KG,kg,L1842607,750.0,780.0,100.0,Terminada,2026-07-03,2026-07-06 08:00,2026-07-07 11:50,Sí,Liberación ,LIMPIEZA,Terminada,45.0,41.9,2026-07-03 17:52,2026-07-05 19:02,2026-07-16 18:30:24
SEM/MO/00724,[SALS004] SALSA DE MORA EDULCORADA 15 KG,kg,L1842607,750.0,780.0,100.0,Terminada,2026-07-03,2026-07-06 08:00,2026-07-07 11:50,Sí,Picado,RALLADO,Terminada,131.6,120.0,2026-07-03 18:25,2026-07-05 19:02,2026-07-16 18:30:24
SEM/MO/00724,[SALS004] SALSA DE MORA EDULCORADA 15 KG,kg,L1842607,750.0,780.0,100.0,Terminada,2026-07-03,2026-07-06 08:00,2026-07-07 11:50,Sí,Pasteurizado,PASTEURIZACIÓN,Terminada,90.8,90.8,2026-07-03 20:17,2026-07-05 19:03,2026-07-16 18:30:24
SEM/MO/00724,[SALS004] SALSA DE MORA EDULCORADA 15 KG,kg,L1842607,750.0,780.0,100.0,Terminada,2026-07-03,2026-07-06 08:00,2026-07-07 11:50,Sí,Envasado Manual,ENVASADO MANUAL,Terminada,45.0,84.9,2026-07-03 21:12,2026-07-05 19:04,2026-07-16 18:30:24
SEM/MO/00724,[SALS004] SALSA DE MORA EDULCORADA 15 KG,kg,L1842607,750.0,780.0,100.0,Terminada,2026-07-03,2026-07-06 08:00,2026-07-07 11:50,Sí,Limpieza,TACHOS,Terminada,0.0,40.0,2026-07-05 19:25,2026-07-05 19:25,2026-07-16 18:30:24
SEM/MO/00757,[PTEC009] PULPA DE PIÑA GOYA USA UNIDAD 397 g,Units,HF PB 187 26,5000.0,4052.0,100.0,Terminada,2026-07-06,2026-07-06 08:07,2026-07-08 15:39,Sí,Liberación ,LIMPIEZA,Terminada,357.3,100.8,2026-07-06 06:26,2026-07-06 12:26,2026-07-16 18:30:24
SEM/MO/00757,[PTEC009] PULPA DE PIÑA GOYA USA UNIDAD 397 g,Units,HF PB 187 26,5000.0,4052.0,100.0,Terminada,2026-07-06,2026-07-06 08:07,2026-07-08 15:39,Sí,Lavado y desinfección,LAVADO 2,Terminada,203.6,133.0,2026-07-06 08:07,2026-07-07 10:44,2026-07-16 18:30:24
SEM/MO/00757,[PTEC009] PULPA DE PIÑA GOYA USA UNIDAD 397 g,Units,HF PB 187 26,5000.0,4052.0,100.0,Terminada,2026-07-06,2026-07-06 08:07,2026-07-08 15:39,Sí,Despulpado y refinado,PULPEADO,Terminada,330.8,125.0,2026-07-06 08:07,2026-07-06 13:31,2026-07-16 18:30:24
SEM/MO/00757,[PTEC009] PULPA DE PIÑA GOYA USA UNIDAD 397 g,Units,HF PB 187 26,5000.0,4052.0,100.0,Terminada,2026-07-06,2026-07-06 08:07,2026-07-08 15:39,Sí,Pasteurizado,PASTEURIZACIÓN,Terminada,195.0,60.6,2026-07-06 09:45,2026-07-07 10:44,2026-07-16 18:30:24
SEM/MO/00757,[PTEC009] PULPA DE PIÑA GOYA USA UNIDAD 397 g,Units,HF PB 187 26,5000.0,4052.0,100.0,Terminada,2026-07-06,2026-07-06 08:07,2026-07-08 15:39,Sí,Dosificado manual ,DOSIFICADO MANUAL,Terminada,214.5,209.9,2026-07-06 11:06,2026-07-07 10:44,2026-07-16 18:30:24
SEM/MO/00757,[PTEC009] PULPA DE PIÑA GOYA USA UNIDAD 397 g,Units,HF PB 187 26,5000.0,4052.0,100.0,Terminada,2026-07-06,2026-07-06 08:07,2026-07-08 15:39,Sí,Etiquetado manual,ETIQUETADO,Terminada,121.6,180.5,2026-07-06 08:44,2026-07-07 10:44,2026-07-16 18:30:24
SEM/MO/00781,[PTEXP018] Pulpa Guanabana America x 250 gr (CAJAS 10 UDS),Units,L1762615-PTEXP018,3420.0,3420.0,100.0,Terminada,2026-07-03,2026-07-06 12:40,2026-07-06 13:00,Sí,Encartonado,ENCARTONADO,Terminada,525.0,120.0,2026-07-06 12:40,2026-07-06 12:40,2026-07-16 18:30:24
SEM/MO/00782,[PTEXP018] Pulpa Guanabana America x 250 gr (CAJAS 10 UDS),Units,L1612615,3420.0,3420.0,100.0,Terminada,2026-07-03,2026-07-06 12:48,2026-07-06 13:02,Sí,Encartonado,ENCARTONADO,Terminada,525.0,85.0,2026-07-06 12:48,2026-07-06 12:48,2026-07-16 18:30:24
SEM/MO/00783,[PTEXP020] Pulpa Tamarindo America x 250 gr (CAJAS 10 UDS),Units,L1742615,3420.0,3420.0,100.0,Terminada,2026-07-03,2026-07-06 12:50,2026-07-06 13:03,Sí,Encartonado,ENCARTONADO,Terminada,525.0,100.0,2026-07-06 12:50,2026-07-06 12:50,2026-07-16 18:30:24
SEM/MO/00784,[PTEXP015] Pulpa Maracuyá America x 250 gr (CAJAS 10 UDS),Units,L1102615,3420.0,3420.0,100.0,Terminada,2026-07-03,2026-07-06 12:53,2026-07-06 13:03,Sí,Encartonado,ENCARTONADO,Terminada,525.0,70.0,2026-07-06 12:53,2026-07-06 12:53,2026-07-16 18:30:24
SEM/MO/00785,[PTEXP020] Pulpa Tamarindo America x 250 gr (CAJAS 10 UDS),Units,L1592615,3420.0,3420.0,100.0,Terminada,2026-07-03,2026-07-06 12:57,2026-07-06 13:08,Sí,Encartonado,ENCARTONADO,Terminada,525.0,85.0,2026-07-06 12:57,2026-07-06 12:57,2026-07-16 18:30:24
SEM/MO/00786,[PTEXP019] Pulpa Lulo America x 250 gr (CAJAS 10 UDS),Units,L1662615,3420.0,3420.0,100.0,Terminada,2026-07-06,2026-07-06 13:23,2026-07-06 13:33,Sí,Encartonado,ENCARTONADO,Terminada,525.0,120.0,2026-07-06 13:23,2026-07-06 13:23,2026-07-16 18:30:24
SEM/MO/00787,[PTEXP019] Pulpa Lulo America x 250 gr (CAJAS 10 UDS),Units,L1772615,3420.0,3420.0,100.0,Terminada,2026-07-06,2026-07-06 13:25,2026-07-06 13:34,Sí,Encartonado,ENCARTONADO,Terminada,525.0,80.0,2026-07-06 13:25,2026-07-06 13:25,2026-07-16 18:30:24
SEM/MO/00797,[REP-PTEC009] (Reproceso) PULPA DE PIÑA GOYA USA UNIDAD 397 g ,,,1685.0,1685.0,100.0,Terminada,2026-07-06,2026-07-06 15:40,2026-07-12 09:00,No,,,,,,,,2026-07-16 18:30:24
SEM/MO/00798,[PTEC009] PULPA DE PIÑA GOYA USA UNIDAD 397 g,,,1685.0,1685.0,100.0,Terminada,2026-07-06,2026-07-06 15:41,2026-07-14 08:03,Sí,,,,,,,,2026-07-16 18:30:24
SEM/MO/00801,[REP-PTEC007] (Reproceso) PULPA DE MARACUYA GOYA USA UNIDAD 397 g,,,695.0,695.0,100.0,Terminada,2026-07-06,2026-07-06 16:03,2026-07-12 09:00,Sí,,,,,,,,2026-07-16 18:30:24
SEM/MO/00802,[PTEC007] PULPA DE MARACUYA GOYA USA UNIDAD 397 g,,,695.0,695.0,100.0,Terminada,2026-07-06,2026-07-06 16:04,2026-07-14 08:03,Sí,,,,,,,,2026-07-16 18:30:24
SEM/MO/00848,[REP-PTEC012] (Reproceso) PULPA DE MANGO MERICA UNIDAD 250 g,,,1342.0,2050.0,152.8,Terminada,2026-07-06,2026-07-06 22:58,2026-07-14 23:28,No,,,,,,,,2026-07-16 18:30:24
SEM/MO/00849,[PTEC012] PULPA DE MANGO MERICA UNIDAD 250 g,,,1342.0,2050.0,152.8,Terminada,2026-07-06,2026-07-06 22:59,2026-07-14 23:31,Sí,,,,,,,,2026-07-16 18:30:24
SEM/MO/00764,[PTEC014] MARACUYA CON PEPAS MERICA UNIDAD 500 g,Units,L1882615,600.0,1782.0,100.0,Terminada,2026-07-07,2026-07-07 06:29,2026-07-08 15:55,Sí,Liberación ,LIMPIEZA,Terminada,54.0,134.1,2026-07-07 06:29,2026-07-08 08:14,2026-07-16 18:30:24
SEM/MO/00764,[PTEC014] MARACUYA CON PEPAS MERICA UNIDAD 500 g,Units,L1882615,600.0,1782.0,100.0,Terminada,2026-07-07,2026-07-07 06:29,2026-07-08 15:55,Sí,Lavado y desinfección,LAVADO 2,Terminada,69.0,351.2,2026-07-07 07:37,2026-07-08 08:14,2026-07-16 18:30:24
SEM/MO/00764,[PTEC014] MARACUYA CON PEPAS MERICA UNIDAD 500 g,Units,L1882615,600.0,1782.0,100.0,Terminada,2026-07-07,2026-07-07 06:29,2026-07-08 15:55,Sí,Despulpado manual,DESPULPADO MANUAL,Terminada,1058.8,705.4,2026-07-07 07:37,2026-07-08 08:14,2026-07-16 18:30:24
SEM/MO/00764,[PTEC014] MARACUYA CON PEPAS MERICA UNIDAD 500 g,Units,L1882615,600.0,1782.0,100.0,Terminada,2026-07-07,2026-07-07 06:29,2026-07-08 15:55,Sí,Dosificado manual ,DOSIFICADO MANUAL,Terminada,25.2,73.0,2026-07-07 13:49,2026-07-08 06:03,2026-07-16 18:30:24
SEM/MO/00764,[PTEC014] MARACUYA CON PEPAS MERICA UNIDAD 500 g,Units,L1882615,600.0,1782.0,100.0,Terminada,2026-07-07,2026-07-07 06:29,2026-07-08 15:55,Sí,Etiquetado manual,ETIQUETADO,Terminada,18.0,18.0,2026-07-08 08:14,2026-07-08 08:14,2026-07-16 18:30:24
SEM/MO/00765,[PTEC002] PULPA DE GUANABANA GOYA USA UNIDAD 397 g,Units,HF PB 188 26,12000.0,11568.0,100.0,Terminada,2026-07-07,2026-07-07 06:29,2026-07-08 16:42,Sí,Liberación ,LIMPIEZA,Terminada,857.5,83.4,2026-07-07 06:29,2026-07-08 08:14,2026-07-16 18:30:24
SEM/MO/00765,[PTEC002] PULPA DE GUANABANA GOYA USA UNIDAD 397 g,Units,HF PB 188 26,12000.0,11568.0,100.0,Terminada,2026-07-07,2026-07-07 06:29,2026-07-08 16:42,Sí,Escaldado/descongelado,ESCALDADO,Terminada,1037.9,394.4,2026-07-07 06:53,2026-07-08 08:14,2026-07-16 18:30:24
SEM/MO/00765,[PTEC002] PULPA DE GUANABANA GOYA USA UNIDAD 397 g,Units,HF PB 188 26,12000.0,11568.0,100.0,Terminada,2026-07-07,2026-07-07 06:29,2026-07-08 16:42,Sí,Despulpado y refinado,PULPEADO,Terminada,794.0,382.3,2026-07-07 07:23,2026-07-08 08:14,2026-07-16 18:30:24
SEM/MO/00765,[PTEC002] PULPA DE GUANABANA GOYA USA UNIDAD 397 g,Units,HF PB 188 26,12000.0,11568.0,100.0,Terminada,2026-07-07,2026-07-07 06:29,2026-07-08 16:42,Sí,Homogenizado,HOMOGENIZACIÓN,Terminada,119.1,340.4,2026-07-07 08:16,2026-07-08 08:14,2026-07-16 18:30:24
SEM/MO/00765,[PTEC002] PULPA DE GUANABANA GOYA USA UNIDAD 397 g,Units,HF PB 188 26,12000.0,11568.0,100.0,Terminada,2026-07-07,2026-07-07 06:29,2026-07-08 16:42,Sí,Pasteurizado,PASTEURIZACIÓN,Terminada,577.5,271.4,2026-07-07 08:35,2026-07-08 08:14,2026-07-16 18:30:24
SEM/MO/00765,[PTEC002] PULPA DE GUANABANA GOYA USA UNIDAD 397 g,Units,HF PB 188 26,12000.0,11568.0,100.0,Terminada,2026-07-07,2026-07-07 06:29,2026-07-08 16:42,Sí,Dosificado Automático,DOSIFICADO AUTOMÁTICO,Terminada,600.0,616.1,2026-07-07 09:23,2026-07-08 08:14,2026-07-16 18:30:24
SEM/MO/00765,[PTEC002] PULPA DE GUANABANA GOYA USA UNIDAD 397 g,Units,HF PB 188 26,12000.0,11568.0,100.0,Terminada,2026-07-07,2026-07-07 06:29,2026-07-08 16:42,Sí,Dosificado manual ,DOSIFICADO MANUAL,Terminada,635.2,160.8,2026-07-07 15:01,2026-07-08 06:03,2026-07-16 18:30:24
SEM/MO/00765,[PTEC002] PULPA DE GUANABANA GOYA USA UNIDAD 397 g,Units,HF PB 188 26,12000.0,11568.0,100.0,Terminada,2026-07-07,2026-07-07 06:29,2026-07-08 16:42,Sí,Etiquetado manual,ETIQUETADO,Terminada,360.0,140.6,2026-07-07 11:17,2026-07-08 08:14,2026-07-16 18:30:24
SEM/MO/00817,[REP-PTEC014] (Reproceso) MARACUYA CON PEPAS MERICA UNIDAD 500 g,,,1137.0,1137.0,100.0,Terminada,2026-07-07,2026-07-07 11:34,2026-07-14 08:04,Sí,,,,,,,,2026-07-16 18:30:24
SEM/MO/00818,[PTEC014] MARACUYA CON PEPAS MERICA UNIDAD 500 g,,,1137.0,1137.0,100.0,Terminada,2026-07-07,2026-07-07 11:34,2026-07-14 23:29,Sí,,,,,,,,2026-07-16 18:30:24
SEM/MO/00788,[PTEXP019] Pulpa Lulo America x 250 gr (CAJAS 10 UDS),Units,L1772615,6840.0,6840.0,100.0,Terminada,2026-07-06,2026-07-07 11:43,2026-07-08 16:22,Sí,Encartonado,ENCARTONADO,Terminada,1050.0,300.0,2026-07-07 11:43,2026-07-07 11:43,2026-07-16 18:30:24
SEM/MO/00789,[REP-PTEC019] (Reproceso) PULPA DE LULO MERICA UNIDAD 250 g ,,,1945.0,1945.0,100.0,Terminada,2026-07-03,2026-07-07 12:29,2026-07-08 16:23,No,,,,,,,,2026-07-16 18:30:24
SEM/MO/00790,[PTEC019] PULPA DE LULO MERICA UNIDAD 250 g,,,1945.0,1945.0,100.0,Terminada,2026-07-03,2026-07-07 12:30,2026-07-14 08:04,Sí,,,,,,,,2026-07-16 18:30:24
SEM/MO/00763,[PTEC020] PULPA DE TAMARINDO MERICA UNIDAD 250 g,Units,L1882615,13000.0,10621.0,100.0,Terminada,2026-07-07,2026-07-07 15:00,2026-07-08 17:00,Sí,Liberación ,LIMPIEZA,Terminada,585.0,219.7,2026-07-07 15:00,2026-07-08 08:14,2026-07-16 18:30:24
SEM/MO/00763,[PTEC020] PULPA DE TAMARINDO MERICA UNIDAD 250 g,Units,L1882615,13000.0,10621.0,100.0,Terminada,2026-07-07,2026-07-07 15:00,2026-07-08 17:00,Sí,Escaldado/descongelado,ESCALDADO,Terminada,894.6,324.0,2026-07-07 16:57,2026-07-08 08:14,2026-07-16 18:30:24
SEM/MO/00763,[PTEC020] PULPA DE TAMARINDO MERICA UNIDAD 250 g,Units,L1882615,13000.0,10621.0,100.0,Terminada,2026-07-07,2026-07-07 15:00,2026-07-08 17:00,Sí,Despulpado y refinado,PULPEADO,Terminada,541.7,324.2,2026-07-07 16:56,2026-07-08 08:15,2026-07-16 18:30:24
SEM/MO/00763,[PTEC020] PULPA DE TAMARINDO MERICA UNIDAD 250 g,Units,L1882615,13000.0,10621.0,100.0,Terminada,2026-07-07,2026-07-07 15:00,2026-07-08 17:00,Sí,Dosificado manual ,DOSIFICADO MANUAL,Terminada,272.9,261.3,2026-07-07 20:01,2026-07-08 06:03,2026-07-16 18:30:24
SEM/MO/00763,[PTEC020] PULPA DE TAMARINDO MERICA UNIDAD 250 g,Units,L1882615,13000.0,10621.0,100.0,Terminada,2026-07-07,2026-07-07 15:00,2026-07-08 17:00,Sí,Etiquetado manual,ETIQUETADO,Terminada,390.0,299.6,2026-07-07 15:02,2026-07-08 08:15,2026-07-16 18:30:24
SEM/MO/00763,[PTEC020] PULPA DE TAMARINDO MERICA UNIDAD 250 g,Units,L1882615,13000.0,10621.0,100.0,Terminada,2026-07-07,2026-07-07 15:00,2026-07-08 17:00,Sí,Calentamiento,CALENTAMIENTO,Terminada,0.0,200.5,2026-07-07 19:42,2026-07-08 08:15,2026-07-16 18:30:24
SEM/MO/00759,[PTEC012] PULPA DE MANGO MERICA UNIDAD 250 g,Units,L1802615,8000.0,3392.0,100.0,Terminada,2026-07-06,2026-07-07 16:16,2026-07-14 23:24,Sí,Liberación ,LIMPIEZA,Terminada,152.6,175.8,2026-07-06 16:02,2026-07-07 16:17,2026-07-16 18:30:24
SEM/MO/00759,[PTEC012] PULPA DE MANGO MERICA UNIDAD 250 g,Units,L1802615,8000.0,3392.0,100.0,Terminada,2026-07-06,2026-07-07 16:16,2026-07-14 23:24,Sí,Calentamiento,CALENTAMIENTO,Terminada,102.8,46.6,2026-07-06 20:44,2026-07-07 16:17,2026-07-16 18:30:24
SEM/MO/00759,[PTEC012] PULPA DE MANGO MERICA UNIDAD 250 g,Units,L1802615,8000.0,3392.0,100.0,Terminada,2026-07-06,2026-07-07 16:16,2026-07-14 23:24,Sí,Dosificado manual ,DOSIFICADO MANUAL,Terminada,71.2,66.4,2026-07-06 21:30,2026-07-07 16:17,2026-07-16 18:30:24
SEM/MO/00759,[PTEC012] PULPA DE MANGO MERICA UNIDAD 250 g,Units,L1802615,8000.0,3392.0,100.0,Terminada,2026-07-06,2026-07-07 16:16,2026-07-14 23:24,Sí,Etiquetado manual,ETIQUETADO,Terminada,101.8,136.9,2026-07-06 16:03,2026-07-07 16:17,2026-07-16 18:30:24
SEM/MO/00792,[PTEXP012] Pulpa Mango America x 250 gr (CAJAS 10 UDS),Units,L1802615,10260.0,10260.0,100.0,Terminada,2026-07-07,2026-07-07 16:33,2026-07-08 15:20,Sí,Encartonado,ENCARTONADO,Terminada,1575.0,100.0,2026-07-07 16:33,2026-07-07 16:33,2026-07-16 18:30:24
SEM/MO/00803,[REP-PTEC020] (Reproceso) PULPA DE TAMARINDO MERICA UNIDAD 250 g,,,1745.0,1745.0,100.0,Terminada,2026-07-07,2026-07-07 17:01,2026-07-12 09:03,No,,,,,,,,2026-07-16 18:30:24
SEM/MO/00804,[PTEC020] PULPA DE TAMARINDO MERICA UNIDAD 250 g,,,1745.0,1745.0,100.0,Terminada,2026-07-07,2026-07-07 17:02,2026-07-16 09:32,Sí,,,,,,,,2026-07-16 18:30:24
SEM/MO/00791,[PTEXP012] Pulpa Mango America x 250 gr (CAJAS 10 UDS),Units,L1662615,6840.0,6840.0,100.0,Terminada,2026-07-07,2026-07-08 08:14,2026-07-08 15:43,Sí,Encartonado,ENCARTONADO,Terminada,1050.0,180.0,2026-07-08 08:14,2026-07-08 08:14,2026-07-16 18:30:24
SEM/MO/00770,[PULP001] COCO RALLADO 20 KG,kg,L1892601,2100.0,2240.0,100.0,Terminada,2026-07-08,2026-07-08 08:23,2026-07-14 08:12,Sí,Liberación ,LIMPIEZA,Terminada,126.0,80.0,2026-07-08 08:18,2026-07-08 12:03,2026-07-16 18:30:24
SEM/MO/00770,[PULP001] COCO RALLADO 20 KG,kg,L1892601,2100.0,2240.0,100.0,Terminada,2026-07-08,2026-07-08 08:23,2026-07-14 08:12,Sí,Lavado y desinfección,LAVADO 4,Terminada,85.0,83.4,2026-07-08 08:26,2026-07-08 12:05,2026-07-16 18:30:24
SEM/MO/00770,[PULP001] COCO RALLADO 20 KG,kg,L1892601,2100.0,2240.0,100.0,Terminada,2026-07-08,2026-07-08 08:23,2026-07-14 08:12,Sí,Rallado,RALLADO COCO,Terminada,420.0,269.8,2026-07-08 08:23,2026-07-08 11:58,2026-07-16 18:30:24
SEM/MO/00770,[PULP001] COCO RALLADO 20 KG,kg,L1892601,2100.0,2240.0,100.0,Terminada,2026-07-08,2026-07-08 08:23,2026-07-14 08:12,Sí,Pasteurizado,PASTEURIZACIÓN,Terminada,254.1,325.8,2026-07-08 08:19,2026-07-08 16:21,2026-07-16 18:30:24
SEM/MO/00770,[PULP001] COCO RALLADO 20 KG,kg,L1892601,2100.0,2240.0,100.0,Terminada,2026-07-08,2026-07-08 08:23,2026-07-14 08:12,Sí,Envasado Manual,ENVASADO MANUAL,Terminada,126.0,319.5,2026-07-08 09:00,2026-07-08 16:33,2026-07-16 18:30:24
SEM/MO/00770,[PULP001] COCO RALLADO 20 KG,kg,L1892601,2100.0,2240.0,100.0,Terminada,2026-07-08,2026-07-08 08:23,2026-07-14 08:12,Sí,Revisión,REVISIÓN VISUAL/ MANUAL,Terminada,0.0,237.1,2026-07-08 08:23,2026-07-13 08:37,2026-07-16 18:30:24
SEM/MO/00770,[PULP001] COCO RALLADO 20 KG,kg,L1892601,2100.0,2240.0,100.0,Terminada,2026-07-08,2026-07-08 08:23,2026-07-14 08:12,Sí,Lavado de tachos,TACHOS,Terminada,0.0,145.0,2026-07-08 08:25,2026-07-08 12:03,2026-07-16 18:30:24
SEM/MO/00806,"[DILUC001] DILUCIÓN DE SODA CAUSTICA 1,5%",,,240.0,240.0,100.0,Terminada,2026-07-08,2026-07-08 09:38,2026-07-16 08:46,Sí,,,,,,,,2026-07-16 18:30:24
SEM/MO/00796,[PTEXP017] Pulpa Guayaba America x 250 gr (CAJAS 10 UDS),Units,L1752615,3420.0,3420.0,100.0,Terminada,2026-07-08,2026-07-08 15:37,2026-07-08 15:37,Sí,Encartonado,ENCARTONADO,Terminada,525.0,105.0,2026-07-08 15:37,2026-07-08 15:37,2026-07-16 18:30:24
SEM/MO/00766,[SALS005] SALSA DE DURAZNO EDULCORADA 15 KG,kg,L1892607,375.0,0.0,100.0,Por cerrar,2026-07-08,2026-07-08 15:44,2026-07-10 08:46,Sí,Picado,RALLADO,Terminada,65.8,26.1,2026-07-08 15:44,2026-07-10 08:46,2026-07-16 18:30:24
SEM/MO/00766,[SALS005] SALSA DE DURAZNO EDULCORADA 15 KG,kg,L1892607,375.0,0.0,100.0,Por cerrar,2026-07-08,2026-07-08 15:44,2026-07-10 08:46,Sí,Pasteurizado,PASTEURIZACIÓN,Terminada,45.4,44.0,2026-07-08 18:11,2026-07-10 08:46,2026-07-16 18:30:24
SEM/MO/00766,[SALS005] SALSA DE DURAZNO EDULCORADA 15 KG,kg,L1892607,375.0,0.0,100.0,Por cerrar,2026-07-08,2026-07-08 15:44,2026-07-10 08:46,Sí,Envasado Manual,ENVASADO MANUAL,Terminada,22.5,64.3,2026-07-08 18:10,2026-07-10 08:46,2026-07-16 18:30:24
SEM/MO/00793,[PTEXP012] Pulpa Mango America x 250 gr (CAJAS 10 UDS),Units,L1802615,10260.0,10260.0,100.0,Terminada,2026-07-08,2026-07-08 16:17,2026-07-08 16:17,Sí,Encartonado,ENCARTONADO,Terminada,1575.0,240.0,2026-07-08 16:17,2026-07-08 16:17,2026-07-16 18:30:24
SEM/MO/00805,[REP-PULP001] (Reproceso) COCO RALLADO 20 KG ,,,20.0,20.0,100.0,Terminada,2026-07-08,2026-07-08 17:42,2026-07-12 09:04,No,,,,,,,,2026-07-16 18:30:24
SEM/MO/00769,[PTEC002] PULPA DE GUANABANA GOYA USA UNIDAD 397 g,Units,HF PB 188 26,8700.0,7904.0,100.0,Terminada,2026-07-08,2026-07-08 20:50,2026-07-16 11:59,Sí,Liberación ,LIMPIEZA,Terminada,826.6,100.0,2026-07-08 16:28,2026-07-10 08:52,2026-07-16 18:30:24
SEM/MO/00769,[PTEC002] PULPA DE GUANABANA GOYA USA UNIDAD 397 g,Units,HF PB 188 26,8700.0,7904.0,100.0,Terminada,2026-07-08,2026-07-08 20:50,2026-07-16 11:59,Sí,Escaldado/descongelado,ESCALDADO,Terminada,1000.5,423.2,2026-07-08 14:23,2026-07-10 08:52,2026-07-16 18:30:24
SEM/MO/00769,[PTEC002] PULPA DE GUANABANA GOYA USA UNIDAD 397 g,Units,HF PB 188 26,8700.0,7904.0,100.0,Terminada,2026-07-08,2026-07-08 20:50,2026-07-16 11:59,Sí,Despulpado y refinado,PULPEADO,Terminada,765.4,455.3,2026-07-08 14:23,2026-07-10 08:52,2026-07-16 18:30:24
SEM/MO/00769,[PTEC002] PULPA DE GUANABANA GOYA USA UNIDAD 397 g,Units,HF PB 188 26,8700.0,7904.0,100.0,Terminada,2026-07-08,2026-07-08 20:50,2026-07-16 11:59,Sí,Homogenizado,HOMOGENIZACIÓN,Terminada,114.8,308.2,2026-07-08 15:50,2026-07-10 08:52,2026-07-16 18:30:24
SEM/MO/00769,[PTEC002] PULPA DE GUANABANA GOYA USA UNIDAD 397 g,Units,HF PB 188 26,8700.0,7904.0,100.0,Terminada,2026-07-08,2026-07-08 20:50,2026-07-16 11:59,Sí,Pasteurizado,PASTEURIZACIÓN,Terminada,556.7,307.9,2026-07-08 15:50,2026-07-10 08:52,2026-07-16 18:30:24
SEM/MO/00769,[PTEC002] PULPA DE GUANABANA GOYA USA UNIDAD 397 g,Units,HF PB 188 26,8700.0,7904.0,100.0,Terminada,2026-07-08,2026-07-08 20:50,2026-07-16 11:59,Sí,Dosificado Automático,DOSIFICADO AUTOMÁTICO,Terminada,578.4,428.8,2026-07-08 16:27,2026-07-10 08:52,2026-07-16 18:30:24
SEM/MO/00769,[PTEC002] PULPA DE GUANABANA GOYA USA UNIDAD 397 g,Units,HF PB 188 26,8700.0,7904.0,100.0,Terminada,2026-07-08,2026-07-08 20:50,2026-07-16 11:59,Sí,Dosificado manual ,DOSIFICADO MANUAL,Terminada,460.5,209.0,2026-07-07 20:01,2026-07-08 06:03,2026-07-16 18:30:24
SEM/MO/00777,[PTEC019] PULPA DE LULO MERICA UNIDAD 250 g,Units,L1812615,13000.0,11736.0,100.0,Terminada,2026-07-10,2026-07-08 21:09,2026-07-16 09:23,Sí,Liberación ,LIMPIEZA,Terminada,585.0,30.0,2026-07-10 06:15,2026-07-10 06:15,2026-07-16 18:30:24
SEM/MO/00777,[PTEC019] PULPA DE LULO MERICA UNIDAD 250 g,Units,L1812615,13000.0,11736.0,100.0,Terminada,2026-07-10,2026-07-08 21:09,2026-07-16 09:23,Sí,Proceso Manual ,DESPITONADO,Terminada,2773.3,839.0,2026-07-10 06:15,2026-07-13 08:48,2026-07-16 18:30:24
SEM/MO/00777,[PTEC019] PULPA DE LULO MERICA UNIDAD 250 g,Units,L1812615,13000.0,11736.0,100.0,Terminada,2026-07-10,2026-07-08 21:09,2026-07-16 09:23,Sí,Lavado y desinfección,LAVADO 2,Terminada,311.9,152.2,2026-07-10 13:35,2026-07-13 08:48,2026-07-16 18:30:24
SEM/MO/00777,[PTEC019] PULPA DE LULO MERICA UNIDAD 250 g,Units,L1812615,13000.0,11736.0,100.0,Terminada,2026-07-10,2026-07-08 21:09,2026-07-16 09:23,Sí,Escaldado/descongelado,ESCALDADO,Terminada,587.0,510.1,2026-07-10 13:46,2026-07-13 08:49,2026-07-16 18:30:24
SEM/MO/00777,[PTEC019] PULPA DE LULO MERICA UNIDAD 250 g,Units,L1812615,13000.0,11736.0,100.0,Terminada,2026-07-10,2026-07-08 21:09,2026-07-16 09:23,Sí,Despulpado y refinado,PULPEADO,Terminada,489.0,443.3,2026-07-10 15:00,2026-07-13 08:49,2026-07-16 18:30:24
SEM/MO/00777,[PTEC019] PULPA DE LULO MERICA UNIDAD 250 g,Units,L1812615,13000.0,11736.0,100.0,Terminada,2026-07-10,2026-07-08 21:09,2026-07-16 09:23,Sí,Calentamiento,CALENTAMIENTO,Terminada,355.6,180.6,2026-07-10 15:57,2026-07-13 08:49,2026-07-16 18:30:24
SEM/MO/00777,[PTEC019] PULPA DE LULO MERICA UNIDAD 250 g,Units,L1812615,13000.0,11736.0,100.0,Terminada,2026-07-10,2026-07-08 21:09,2026-07-16 09:23,Sí,Dosificado manual ,DOSIFICADO MANUAL,Terminada,246.3,467.3,2026-07-08 21:09,2026-07-13 08:49,2026-07-16 18:30:24
SEM/MO/00777,[PTEC019] PULPA DE LULO MERICA UNIDAD 250 g,Units,L1812615,13000.0,11736.0,100.0,Terminada,2026-07-10,2026-07-08 21:09,2026-07-16 09:23,Sí,Etiquetado manual,ETIQUETADO,Terminada,352.1,127.2,2026-07-10 14:17,2026-07-13 08:49,2026-07-16 18:30:24
SEM/MO/00775,[PULP012] PULPA DE TOMATE DE ARBOL 16 KG,kg,L1902608,1504.0,1744.0,100.0,Terminada,2026-07-09,2026-07-09 06:24,2026-07-16 09:00,Sí,Tachos,TACHOS,Terminada,0.0,147.5,2026-07-09 06:28,2026-07-13 08:42,2026-07-16 18:30:24
SEM/MO/00775,[PULP012] PULPA DE TOMATE DE ARBOL 16 KG,kg,L1902608,1504.0,1744.0,100.0,Terminada,2026-07-09,2026-07-09 06:24,2026-07-16 09:00,Sí,Liberación ,LIMPIEZA,Terminada,104.6,81.7,2026-07-09 06:24,2026-07-13 08:42,2026-07-16 18:30:24
SEM/MO/00775,[PULP012] PULPA DE TOMATE DE ARBOL 16 KG,kg,L1902608,1504.0,1744.0,100.0,Terminada,2026-07-09,2026-07-09 06:24,2026-07-16 09:00,Sí,Lavado y desinfección,LAVADO 2,Terminada,220.8,154.6,2026-07-09 06:55,2026-07-13 08:42,2026-07-16 18:30:24
SEM/MO/00775,[PULP012] PULPA DE TOMATE DE ARBOL 16 KG,kg,L1902608,1504.0,1744.0,100.0,Terminada,2026-07-09,2026-07-09 06:24,2026-07-16 09:00,Sí,Escaldado/descongelado,ESCALDADO,Terminada,415.2,244.3,2026-07-09 07:46,2026-07-13 08:42,2026-07-16 18:30:24
SEM/MO/00775,[PULP012] PULPA DE TOMATE DE ARBOL 16 KG,kg,L1902608,1504.0,1744.0,100.0,Terminada,2026-07-09,2026-07-09 06:24,2026-07-16 09:00,Sí,Despulpado y refinado,PULPEADO,Terminada,290.7,222.9,2026-07-09 08:20,2026-07-13 08:42,2026-07-16 18:30:24
SEM/MO/00775,[PULP012] PULPA DE TOMATE DE ARBOL 16 KG,kg,L1902608,1504.0,1744.0,100.0,Terminada,2026-07-09,2026-07-09 06:24,2026-07-16 09:00,Sí,Pasteurizado,PASTEURIZACIÓN,Terminada,211.0,105.2,2026-07-09 09:30,2026-07-13 08:42,2026-07-16 18:30:24
SEM/MO/00775,[PULP012] PULPA DE TOMATE DE ARBOL 16 KG,kg,L1902608,1504.0,1744.0,100.0,Terminada,2026-07-09,2026-07-09 06:24,2026-07-16 09:00,Sí,Envasado Manual,ENVASADO MANUAL,Terminada,104.6,202.8,2026-07-09 09:21,2026-07-13 08:43,2026-07-16 18:30:24
SEM/MO/00772,[PTEC012] PULPA DE MANGO MERICA UNIDAD 250 g,Units,L1872615,8000.0,13863.0,100.0,Terminada,2026-07-09,2026-07-09 06:25,2026-07-14 23:14,Sí,Liberación ,LIMPIEZA,Terminada,360.0,51.2,2026-07-09 06:25,2026-07-13 08:39,2026-07-16 18:30:24
SEM/MO/00772,[PTEC012] PULPA DE MANGO MERICA UNIDAD 250 g,Units,L1872615,8000.0,13863.0,100.0,Terminada,2026-07-09,2026-07-09 06:25,2026-07-14 23:14,Sí,Homogenizado,HOMOGENIZACIÓN,Terminada,50.0,332.5,2026-07-09 09:36,2026-07-13 08:39,2026-07-16 18:30:24
SEM/MO/00772,[PTEC012] PULPA DE MANGO MERICA UNIDAD 250 g,Units,L1872615,8000.0,13863.0,100.0,Terminada,2026-07-09,2026-07-09 06:25,2026-07-14 23:14,Sí,Calentamiento,CALENTAMIENTO,Terminada,242.4,438.9,2026-07-09 11:09,2026-07-13 08:39,2026-07-16 18:30:24
SEM/MO/00772,[PTEC012] PULPA DE MANGO MERICA UNIDAD 250 g,Units,L1872615,8000.0,13863.0,100.0,Terminada,2026-07-09,2026-07-09 06:25,2026-07-14 23:14,Sí,Dosificado manual ,DOSIFICADO MANUAL,Terminada,167.9,506.7,2026-07-09 12:22,2026-07-13 08:40,2026-07-16 18:30:24
SEM/MO/00772,[PTEC012] PULPA DE MANGO MERICA UNIDAD 250 g,Units,L1872615,8000.0,13863.0,100.0,Terminada,2026-07-09,2026-07-09 06:25,2026-07-14 23:14,Sí,Etiquetado manual,ETIQUETADO,Terminada,240.0,292.9,2026-07-09 06:56,2026-07-13 08:40,2026-07-16 18:30:24
SEM/MO/00850,[REP-PTEC012] (Reproceso) PULPA DE MANGO MERICA UNIDAD 250 g,,,783.0,783.0,100.0,Terminada,2026-07-09,2026-07-09 23:16,2026-07-14 23:36,No,,,,,,,,2026-07-16 18:30:24
SEM/MO/00851,[PTEC012] PULPA DE MANGO MERICA UNIDAD 250 g,,,783.0,783.0,100.0,Terminada,2026-07-09,2026-07-09 23:17,2026-07-14 23:39,Sí,,,,,,,,2026-07-16 18:30:24
SEM/MO/00776,[PTEC006] PULPA DE TOMATE DE ARBOL GOYA USA UNIDAD 397 g,Units,HF PB 191 26,5000.0,6998.0,100.0,Terminada,2026-07-10,2026-07-10 07:02,2026-07-16 12:22,Sí,Liberación ,LIMPIEZA,Terminada,357.3,60.2,2026-07-10 06:28,2026-07-10 10:19,2026-07-16 18:30:24
SEM/MO/00776,[PTEC006] PULPA DE TOMATE DE ARBOL GOYA USA UNIDAD 397 g,Units,HF PB 191 26,5000.0,6998.0,100.0,Terminada,2026-07-10,2026-07-10 07:02,2026-07-16 12:22,Sí,Proceso Manual ,DESPITONADO,Terminada,942.2,172.8,2026-07-10 07:07,2026-07-10 10:19,2026-07-16 18:30:24
SEM/MO/00776,[PTEC006] PULPA DE TOMATE DE ARBOL GOYA USA UNIDAD 397 g,Units,HF PB 191 26,5000.0,6998.0,100.0,Terminada,2026-07-10,2026-07-10 07:02,2026-07-16 12:22,Sí,Lavado y desinfección,LAVADO 2,Terminada,251.3,187.3,2026-07-10 07:00,2026-07-10 10:19,2026-07-16 18:30:24
SEM/MO/00776,[PTEC006] PULPA DE TOMATE DE ARBOL GOYA USA UNIDAD 397 g,Units,HF PB 191 26,5000.0,6998.0,100.0,Terminada,2026-07-10,2026-07-10 07:02,2026-07-16 12:22,Sí,Escaldado/descongelado,ESCALDADO,Terminada,661.5,661.5,2026-07-11 00:17,2026-07-13 08:50,2026-07-16 18:30:24
SEM/MO/00776,[PTEC006] PULPA DE TOMATE DE ARBOL GOYA USA UNIDAD 397 g,Units,HF PB 191 26,5000.0,6998.0,100.0,Terminada,2026-07-10,2026-07-10 07:02,2026-07-16 12:22,Sí,Despulpado y refinado,PULPEADO,Terminada,330.8,174.1,2026-07-10 07:25,2026-07-10 11:19,2026-07-16 18:30:24
SEM/MO/00776,[PTEC006] PULPA DE TOMATE DE ARBOL GOYA USA UNIDAD 397 g,Units,HF PB 191 26,5000.0,6998.0,100.0,Terminada,2026-07-10,2026-07-10 07:02,2026-07-16 12:22,Sí,Pasteurizado,PASTEURIZACIÓN,Terminada,240.6,245.1,2026-07-10 07:52,2026-07-10 13:00,2026-07-16 18:30:24
SEM/MO/00776,[PTEC006] PULPA DE TOMATE DE ARBOL GOYA USA UNIDAD 397 g,Units,HF PB 191 26,5000.0,6998.0,100.0,Terminada,2026-07-10,2026-07-10 07:02,2026-07-16 12:22,Sí,Dosificado manual ,DOSIFICADO MANUAL,Terminada,370.4,343.8,2026-07-10 09:10,2026-07-13 08:50,2026-07-16 18:30:24
SEM/MO/00776,[PTEC006] PULPA DE TOMATE DE ARBOL GOYA USA UNIDAD 397 g,Units,HF PB 191 26,5000.0,6998.0,100.0,Terminada,2026-07-10,2026-07-10 07:02,2026-07-16 12:22,Sí,Etiquetado manual,ETIQUETADO,Terminada,209.9,168.9,2026-07-10 07:02,2026-07-13 08:50,2026-07-16 18:30:24
SEM/MO/00814,[PTEXP018] Pulpa Guanabana America x 250 gr (CAJAS 10 UDS),Units,L1762615,6840.0,6840.0,100.0,Terminada,2026-07-10,2026-07-10 08:00,2026-07-12 08:50,Sí,Encartonado,ENCARTONADO,Terminada,1050.0,190.0,2026-07-10 08:00,2026-07-12 08:48,2026-07-16 18:30:24
SEM/MO/00815,[PTEXP002] SOURSOP PULP 12 X 14 OZ,Caja de 12,HF PB 188 26,200.0,200.0,100.0,Terminada,2026-07-10,2026-07-10 08:00,2026-07-12 08:58,Sí,Encartonado,ENCARTONADO,Terminada,300.0,75.0,2026-07-10 08:00,2026-07-12 08:58,2026-07-16 18:30:24
SEM/MO/00816,[PTEXP004] GUAVA PULP 12 X 14 OZ,Caja de 12,HF PB 170 26,570.0,570.0,100.0,Terminada,2026-07-10,2026-07-10 08:00,2026-07-12 08:58,Sí,Encartonado,ENCARTONADO,Terminada,855.0,235.0,2026-07-10 08:00,2026-07-12 08:58,2026-07-16 18:30:24
SEM/MO/00767,[MPI001] DURAZNO ENTERO PELADO ,kg,L1892699,250.0,464.0,100.0,Terminada,2026-07-08,2026-07-10 08:44,2026-07-16 12:31,Sí,Liberación ,LIMPIEZA,Terminada,15.0,20.0,2026-07-08 11:57,2026-07-08 11:57,2026-07-16 18:30:24
SEM/MO/00767,[MPI001] DURAZNO ENTERO PELADO ,kg,L1892699,250.0,464.0,100.0,Terminada,2026-07-08,2026-07-10 08:44,2026-07-16 12:31,Sí,Proceso Manual ,DESPITONADO,Terminada,170.4,150.7,2026-07-08 08:59,2026-07-08 11:57,2026-07-16 18:30:24
SEM/MO/00767,[MPI001] DURAZNO ENTERO PELADO ,kg,L1892699,250.0,464.0,100.0,Terminada,2026-07-08,2026-07-10 08:44,2026-07-16 12:31,Sí,Lavado y desinfección,LAVADO 1,Terminada,84.4,62.0,2026-07-10 08:44,2026-07-10 08:45,2026-07-16 18:30:24
SEM/MO/00767,[MPI001] DURAZNO ENTERO PELADO ,kg,L1892699,250.0,464.0,100.0,Terminada,2026-07-08,2026-07-10 08:44,2026-07-16 12:31,Sí,Despepado,DESPEPADO,Terminada,227.3,231.6,2026-07-08 14:24,2026-07-08 17:27,2026-07-16 18:30:24
SEM/MO/00767,[MPI001] DURAZNO ENTERO PELADO ,kg,L1892699,250.0,464.0,100.0,Terminada,2026-07-08,2026-07-10 08:44,2026-07-16 12:31,Sí,Pelado químico,PELADO QUÍMICO,Terminada,79.7,210.3,2026-07-08 14:23,2026-07-08 17:27,2026-07-16 18:30:24
SEM/MO/00767,[MPI001] DURAZNO ENTERO PELADO ,kg,L1892699,250.0,464.0,100.0,Terminada,2026-07-08,2026-07-10 08:44,2026-07-16 12:31,Sí,Inspección ,REVISIÓN VISUAL/ MANUAL,Terminada,375.0,201.5,2026-07-08 14:24,2026-07-08 17:28,2026-07-16 18:30:24
SEM/MO/00854,[REP-PTEC019] (Reproceso) PULPA DE LULO MERICA UNIDAD 250 g ,,,2016.0,0.0,0.0,Por cerrar,2026-07-10,2026-07-10 09:20,2026-07-10 10:20,No,,,,,,,,2026-07-16 18:30:24
SEM/MO/00856,[REP-PTEC003] (Reproceso) PULPA DE NARANJILLA GOYA USA UNIDAD 397 g ,,,297.0,297.0,100.0,Terminada,2026-07-10,2026-07-10 09:25,2026-07-16 12:44,No,,,,,,,,2026-07-16 18:30:24
SEM/MO/00857,[PTEC003] PULPA DE NARANJILLA GOYA USA UNIDAD 397 g,,,297.0,0.0,0.0,Por cerrar,2026-07-10,2026-07-10 09:26,2026-07-10 10:26,Sí,,,,,,,,2026-07-16 18:30:24
SEM/MO/00840,[REP-PULP012] (Reproceso) PULPA DE TOMATE DE ARBOL 16 KG,,,144.0,144.0,100.0,Terminada,2026-07-10,2026-07-10 10:38,2026-07-14 10:41,No,,,,,,,,2026-07-16 18:30:24
SEM/MO/00813,[MPI003] PULPA DE GUAYABA MATERIA PRIMA,kg,L1902699,1980.0,1980.0,100.0,Terminada,2026-07-09,2026-07-10 11:28,2026-07-14 08:25,Sí,Liberación ,LIMPIEZA,Terminada,118.8,20.0,2026-07-10 11:28,2026-07-10 11:28,2026-07-16 18:30:24
SEM/MO/00813,[MPI003] PULPA DE GUAYABA MATERIA PRIMA,kg,L1902699,1980.0,1980.0,100.0,Terminada,2026-07-09,2026-07-10 11:28,2026-07-14 08:25,Sí,Lavado y desinfección,LAVADO 2,Terminada,208.0,60.0,2026-07-10 11:32,2026-07-10 11:32,2026-07-16 18:30:24
SEM/MO/00813,[MPI003] PULPA DE GUAYABA MATERIA PRIMA,kg,L1902699,1980.0,1980.0,100.0,Terminada,2026-07-09,2026-07-10 11:28,2026-07-14 08:25,Sí,Despulpado y refinado,PULPEADO,Terminada,330.0,65.0,2026-07-10 11:33,2026-07-10 11:33,2026-07-16 18:30:24
SEM/MO/00813,[MPI003] PULPA DE GUAYABA MATERIA PRIMA,kg,L1902699,1980.0,1980.0,100.0,Terminada,2026-07-09,2026-07-10 11:28,2026-07-14 08:25,Sí,Pasteurizado,PASTEURIZACIÓN,Terminada,239.6,120.0,2026-07-10 11:29,2026-07-10 11:29,2026-07-16 18:30:24
SEM/MO/00813,[MPI003] PULPA DE GUAYABA MATERIA PRIMA,kg,L1902699,1980.0,1980.0,100.0,Terminada,2026-07-09,2026-07-10 11:28,2026-07-14 08:25,Sí,Envasado Manual,ENVASADO MANUAL,Terminada,118.8,105.0,2026-07-10 11:30,2026-07-10 11:30,2026-07-16 18:30:24
SEM/MO/00869,[REP-PTEC006] (Reproceso) PULPA DE TOMATE DE ARBOL GOYA USA UNIDAD 397 g,,,647.0,0.0,0.0,Por cerrar,2026-07-10,2026-07-10 12:22,2026-07-10 13:22,No,,,,,,,,2026-07-16 18:30:24
SEM/MO/00875,[PTEC006] PULPA DE TOMATE DE ARBOL GOYA USA UNIDAD 397 g,,,647.0,0.0,0.0,Por cerrar,2026-07-10,2026-07-10 12:40,2026-07-10 13:40,Sí,,,,,,,,2026-07-16 18:30:24
SEM/MO/00812,[PTEXP015] Pulpa Maracuyá America x 250 gr (CAJAS 10 UDS),Units,L1472615,6840.0,6840.0,100.0,Terminada,2026-07-09,2026-07-10 13:02,2026-07-12 12:30,Sí,Encartonado,ENCARTONADO,Terminada,1050.0,185.0,2026-07-10 13:02,2026-07-10 13:02,2026-07-16 18:30:24
SEM/MO/00808,[PTEXP015] Pulpa Maracuyá America x 250 gr (CAJAS 10 UDS),Units,L1522615,3420.0,3420.0,100.0,Terminada,2026-07-09,2026-07-10 13:02,2026-07-12 11:48,Sí,Encartonado,ENCARTONADO,Terminada,525.0,50.0,2026-07-10 13:02,2026-07-10 13:02,2026-07-16 18:30:24
SEM/MO/00811,[PTEXP020] Pulpa Tamarindo America x 250 gr (CAJAS 10 UDS),Units,L1742615,3420.0,3420.0,100.0,Terminada,2026-07-09,2026-07-10 13:03,2026-07-12 11:43,Sí,Encartonado,ENCARTONADO,Terminada,525.0,60.0,2026-07-10 13:03,2026-07-10 13:03,2026-07-16 18:30:24
SEM/MO/00810,[PTEXP017] Pulpa Guayaba America x 250 gr (CAJAS 10 UDS),Units,L1752615,3420.0,3420.0,100.0,Terminada,2026-07-09,2026-07-10 13:03,2026-07-12 11:46,Sí,Encartonado,ENCARTONADO,Terminada,525.0,115.0,2026-07-10 13:03,2026-07-10 13:03,2026-07-16 18:30:24
SEM/MO/00774,[PTEC021] TOMATE DE ARBOL ENTERO MERICA UNIDAD 500 g,Units,L1892615,2000.0,3395.0,100.0,Terminada,2026-07-09,2026-07-10 14:57,2026-07-14 08:16,Sí,Liberación ,LIMPIEZA,Terminada,305.6,35.0,2026-07-10 14:57,2026-07-13 09:07,2026-07-16 18:30:24
SEM/MO/00774,[PTEC021] TOMATE DE ARBOL ENTERO MERICA UNIDAD 500 g,Units,L1892615,2000.0,3395.0,100.0,Terminada,2026-07-09,2026-07-10 14:57,2026-07-14 08:16,Sí,Lavado y desinfección,LAVADO 2,Terminada,126.6,120.4,2026-07-08 19:09,2026-07-10 11:51,2026-07-16 18:30:24
SEM/MO/00774,[PTEC021] TOMATE DE ARBOL ENTERO MERICA UNIDAD 500 g,Units,L1892615,2000.0,3395.0,100.0,Terminada,2026-07-09,2026-07-10 14:57,2026-07-14 08:16,Sí,Enfundado 1,ENFUNDADO 1,Terminada,500.0,500.7,2026-07-08 18:09,2026-07-10 12:01,2026-07-16 18:30:24
SEM/MO/00774,[PTEC021] TOMATE DE ARBOL ENTERO MERICA UNIDAD 500 g,Units,L1892615,2000.0,3395.0,100.0,Terminada,2026-07-09,2026-07-10 14:57,2026-07-14 08:16,Sí,Etiquetado manual,ETIQUETADO,Terminada,60.0,24.6,2026-07-08 20:06,2026-07-10 12:01,2026-07-16 18:30:24
SEM/MO/00778,[PTEC003] PULPA DE NARANJILLA GOYA USA UNIDAD 397 g,Units,HF PB 191 26,3000.0,2945.0,100.0,Terminada,2026-07-10,2026-07-11 00:17,2026-07-16 09:25,Sí,Liberación ,LIMPIEZA,Terminada,210.4,255.2,2026-07-10 10:38,2026-07-13 08:52,2026-07-16 18:30:24
SEM/MO/00778,[PTEC003] PULPA DE NARANJILLA GOYA USA UNIDAD 397 g,Units,HF PB 191 26,3000.0,2945.0,100.0,Terminada,2026-07-10,2026-07-11 00:17,2026-07-16 09:25,Sí,Proceso Manual ,DESPITONADO,Terminada,695.9,780.0,2026-07-13 08:51,2026-07-13 09:09,2026-07-16 18:30:24
SEM/MO/00778,[PTEC003] PULPA DE NARANJILLA GOYA USA UNIDAD 397 g,Units,HF PB 191 26,3000.0,2945.0,100.0,Terminada,2026-07-10,2026-07-11 00:17,2026-07-16 09:25,Sí,Lavado y desinfección,LAVADO 2,Terminada,124.3,45.0,2026-07-13 09:09,2026-07-13 09:09,2026-07-16 18:30:24
SEM/MO/00778,[PTEC003] PULPA DE NARANJILLA GOYA USA UNIDAD 397 g,Units,HF PB 191 26,3000.0,2945.0,100.0,Terminada,2026-07-10,2026-07-11 00:17,2026-07-16 09:25,Sí,Escaldado/descongelado,ESCALDADO,Terminada,233.9,114.0,2026-07-10 22:23,2026-07-13 09:09,2026-07-16 18:30:24
SEM/MO/00778,[PTEC003] PULPA DE NARANJILLA GOYA USA UNIDAD 397 g,Units,HF PB 191 26,3000.0,2945.0,100.0,Terminada,2026-07-10,2026-07-11 00:17,2026-07-16 09:25,Sí,Despulpado y refinado,PULPEADO,Terminada,194.9,113.8,2026-07-10 22:23,2026-07-13 09:09,2026-07-16 18:30:24
SEM/MO/00778,[PTEC003] PULPA DE NARANJILLA GOYA USA UNIDAD 397 g,Units,HF PB 191 26,3000.0,2945.0,100.0,Terminada,2026-07-10,2026-07-11 00:17,2026-07-16 09:25,Sí,Pasteurizado,PASTEURIZACIÓN,Terminada,141.7,63.4,2026-07-10 22:23,2026-07-13 09:09,2026-07-16 18:30:24
SEM/MO/00778,[PTEC003] PULPA DE NARANJILLA GOYA USA UNIDAD 397 g,Units,HF PB 191 26,3000.0,2945.0,100.0,Terminada,2026-07-10,2026-07-11 00:17,2026-07-16 09:25,Sí,Dosificado manual ,DOSIFICADO MANUAL,Terminada,155.9,105.0,2026-07-11 00:17,2026-07-15 08:59,2026-07-16 18:30:24
SEM/MO/00778,[PTEC003] PULPA DE NARANJILLA GOYA USA UNIDAD 397 g,Units,HF PB 191 26,3000.0,2945.0,100.0,Terminada,2026-07-10,2026-07-11 00:17,2026-07-16 09:25,Sí,Etiquetado manual,ETIQUETADO,Terminada,88.3,30.0,2026-07-13 09:13,2026-07-13 09:13,2026-07-16 18:30:24
SEM/MO/00795,[PTEXP015] Pulpa Maracuyá America x 250 gr (CAJAS 10 UDS),Units,L1472615,3420.0,3420.0,100.0,Terminada,2026-07-08,2026-07-12 08:21,2026-07-12 08:21,Sí,Encartonado,ENCARTONADO,Terminada,525.0,60.0,2026-07-12 08:21,2026-07-12 08:21,2026-07-16 18:30:24
SEM/MO/00773,[PULP025] PULPA DE MANGO 16 KG,kg,L1902602,512.0,512.0,100.0,Terminada,2026-07-09,2026-07-13 08:00,2026-07-14 23:15,Sí,Pasteurizado,PASTEURIZACIÓN,Terminada,62.0,52.9,2026-07-09 08:28,2026-07-13 08:38,2026-07-16 18:30:24
SEM/MO/00820,[PTEC012] PULPA DE MANGO MERICA UNIDAD 250 g,Units,L1942615,9720.0,0.0,100.0,Por cerrar,2026-07-13,2026-07-13 09:56,2026-07-15 09:27,Sí,Liberación ,LIMPIEZA,Terminada,437.4,274.7,2026-07-13 15:57,2026-07-13 19:40,2026-07-16 18:30:24
SEM/MO/00820,[PTEC012] PULPA DE MANGO MERICA UNIDAD 250 g,Units,L1942615,9720.0,0.0,100.0,Por cerrar,2026-07-13,2026-07-13 09:56,2026-07-15 09:27,Sí,Homogenizado,HOMOGENIZACIÓN,Terminada,108.4,385.8,2026-07-13 18:52,2026-07-15 09:26,2026-07-16 18:30:24
SEM/MO/00820,[PTEC012] PULPA DE MANGO MERICA UNIDAD 250 g,Units,L1942615,9720.0,0.0,100.0,Por cerrar,2026-07-13,2026-07-13 09:56,2026-07-15 09:27,Sí,Calentamiento,CALENTAMIENTO,Terminada,525.6,568.5,2026-07-13 20:49,2026-07-15 09:26,2026-07-16 18:30:24
SEM/MO/00820,[PTEC012] PULPA DE MANGO MERICA UNIDAD 250 g,Units,L1942615,9720.0,0.0,100.0,Por cerrar,2026-07-13,2026-07-13 09:56,2026-07-15 09:27,Sí,Dosificado manual ,DOSIFICADO MANUAL,Terminada,364.1,350.5,2026-07-13 22:16,2026-07-15 09:27,2026-07-16 18:30:24
SEM/MO/00820,[PTEC012] PULPA DE MANGO MERICA UNIDAD 250 g,Units,L1942615,9720.0,0.0,100.0,Por cerrar,2026-07-13,2026-07-13 09:56,2026-07-15 09:27,Sí,Etiquetado manual,ETIQUETADO,Terminada,520.4,56.0,2026-07-13 09:56,2026-07-15 09:27,2026-07-16 18:30:24
SEM/MO/00865,[REP-PTEC002] (Reproceso) PULPA DE GUANABANA GOYA USA UNIDAD 397 g,,,2385.0,0.0,0.0,Por cerrar,2026-07-13,2026-07-13 12:10,2026-07-13 13:10,No,,,,,,,,2026-07-16 18:30:24
SEM/MO/00866,[PTEC002] PULPA DE GUANABANA GOYA USA UNIDAD 397 g,,,2385.0,0.0,0.0,Por cerrar,2026-07-13,2026-07-13 12:10,2026-07-13 13:10,Sí,,,,,,,,2026-07-16 18:30:24
SEM/MO/00867,[REP-PTEC018] (Reproceso) PULPA DE GUANABANA MERICA UNIDAD 250 g,,,717.0,0.0,0.0,Por cerrar,2026-07-13,2026-07-13 12:13,2026-07-13 13:13,Sí,,,,,,,,2026-07-16 18:30:24
SEM/MO/00868,[PTEC018] PULPA DE GUANABANA MERICA UNIDAD 250 g,Units,L1832615,717.0,0.0,0.0,En progreso,2026-07-13,2026-07-13 12:14,2026-07-16 16:46,Sí,Liberación ,LIMPIEZA,waiting,32.3,0.0,,,2026-07-16 18:30:24
SEM/MO/00868,[PTEC018] PULPA DE GUANABANA MERICA UNIDAD 250 g,Units,L1832615,717.0,0.0,0.0,En progreso,2026-07-13,2026-07-13 12:14,2026-07-16 16:46,Sí,Escaldado/descongelado,ESCALDADO,Pendiente,39.0,0.0,,,2026-07-16 18:30:24
SEM/MO/00868,[PTEC018] PULPA DE GUANABANA MERICA UNIDAD 250 g,Units,L1832615,717.0,0.0,0.0,En progreso,2026-07-13,2026-07-13 12:14,2026-07-16 16:46,Sí,Despulpado y refinado,PULPEADO,Pendiente,29.9,0.0,,,2026-07-16 18:30:24
SEM/MO/00868,[PTEC018] PULPA DE GUANABANA MERICA UNIDAD 250 g,Units,L1832615,717.0,0.0,0.0,En progreso,2026-07-13,2026-07-13 12:14,2026-07-16 16:46,Sí,Calentamiento,CALENTAMIENTO,Pendiente,21.7,0.0,,,2026-07-16 18:30:24
SEM/MO/00868,[PTEC018] PULPA DE GUANABANA MERICA UNIDAD 250 g,Units,L1832615,717.0,0.0,0.0,En progreso,2026-07-13,2026-07-13 12:14,2026-07-16 16:46,Sí,Dosificado manual ,DOSIFICADO MANUAL,Pendiente,15.1,0.0,,,2026-07-16 18:30:24
SEM/MO/00868,[PTEC018] PULPA DE GUANABANA MERICA UNIDAD 250 g,Units,L1832615,717.0,0.0,0.0,En progreso,2026-07-13,2026-07-13 12:14,2026-07-16 16:46,Sí,Etiquetado manual,ETIQUETADO,Pendiente,21.5,0.0,,,2026-07-16 18:30:24
SEM/MO/00819,[PULP004] PULPA DE MORA CON PEPAS 18 KG,kg,L1932601,2016.0,2070.0,100.0,Terminada,2026-07-13,2026-07-13 15:43,2026-07-16 10:41,Sí,Tachos,TACHOS,Terminada,0.0,222.4,2026-07-13 16:41,2026-07-14 12:08,2026-07-16 18:30:24
SEM/MO/00819,[PULP004] PULPA DE MORA CON PEPAS 18 KG,kg,L1932601,2016.0,2070.0,100.0,Terminada,2026-07-13,2026-07-13 15:43,2026-07-16 10:41,Sí,Liberación ,LIMPIEZA,Terminada,124.2,135.0,2026-07-13 15:43,2026-07-14 12:37,2026-07-16 18:30:24
SEM/MO/00819,[PULP004] PULPA DE MORA CON PEPAS 18 KG,kg,L1932601,2016.0,2070.0,100.0,Terminada,2026-07-13,2026-07-13 15:43,2026-07-16 10:41,Sí,Escaldado/descongelado,ESCALDADO,Terminada,355.2,143.3,2026-07-13 17:05,2026-07-13 19:28,2026-07-16 18:30:24
SEM/MO/00819,[PULP004] PULPA DE MORA CON PEPAS 18 KG,kg,L1932601,2016.0,2070.0,100.0,Terminada,2026-07-13,2026-07-13 15:43,2026-07-16 10:41,Sí,Despulpado y refinado,PULPEADO,Terminada,336.0,133.1,2026-07-13 17:58,2026-07-13 20:49,2026-07-16 18:30:24
SEM/MO/00819,[PULP004] PULPA DE MORA CON PEPAS 18 KG,kg,L1932601,2016.0,2070.0,100.0,Terminada,2026-07-13,2026-07-13 15:43,2026-07-16 10:41,Sí,Pasteurizado,PASTEURIZACIÓN,Terminada,250.5,133.9,2026-07-13 20:07,2026-07-14 12:37,2026-07-16 18:30:24
SEM/MO/00819,[PULP004] PULPA DE MORA CON PEPAS 18 KG,kg,L1932601,2016.0,2070.0,100.0,Terminada,2026-07-13,2026-07-13 15:43,2026-07-16 10:41,Sí,Envasado Manual,ENVASADO MANUAL,Terminada,124.2,142.8,2026-07-13 21:01,2026-07-14 12:38,2026-07-16 18:30:24
SEM/MO/00828,[PTEC007] PULPA DE MARACUYA GOYA USA UNIDAD 397 g,Units,HF PB 195 26,5000.0,7728.0,100.0,Terminada,2026-07-14,2026-07-14 06:10,2026-07-16 11:26,Sí,Liberación ,LIMPIEZA,Terminada,552.2,161.5,2026-07-14 06:10,2026-07-15 09:14,2026-07-16 18:30:24
SEM/MO/00828,[PTEC007] PULPA DE MARACUYA GOYA USA UNIDAD 397 g,Units,HF PB 195 26,5000.0,7728.0,100.0,Terminada,2026-07-14,2026-07-14 06:10,2026-07-16 11:26,Sí,Lavado y desinfección,LAVADO 2,Terminada,705.3,320.2,2026-07-14 15:19,2026-07-15 09:14,2026-07-16 18:30:24
SEM/MO/00828,[PTEC007] PULPA DE MARACUYA GOYA USA UNIDAD 397 g,Units,HF PB 195 26,5000.0,7728.0,100.0,Terminada,2026-07-14,2026-07-14 06:10,2026-07-16 11:26,Sí,Despulpado y refinado,PULPEADO,Terminada,511.3,355.1,2026-07-14 15:41,2026-07-15 09:14,2026-07-16 18:30:24
SEM/MO/00828,[PTEC007] PULPA DE MARACUYA GOYA USA UNIDAD 397 g,Units,HF PB 195 26,5000.0,7728.0,100.0,Terminada,2026-07-14,2026-07-14 06:10,2026-07-16 11:26,Sí,Pasteurizado,PASTEURIZACIÓN,Terminada,371.9,312.2,2026-07-14 18:19,2026-07-15 09:15,2026-07-16 18:30:24
SEM/MO/00828,[PTEC007] PULPA DE MARACUYA GOYA USA UNIDAD 397 g,Units,HF PB 195 26,5000.0,7728.0,100.0,Terminada,2026-07-14,2026-07-14 06:10,2026-07-16 11:26,Sí,Dosificado Automático,DOSIFICADO AUTOMÁTICO,Terminada,386.4,250.0,2026-07-14 19:40,2026-07-15 09:15,2026-07-16 18:30:24
SEM/MO/00828,[PTEC007] PULPA DE MARACUYA GOYA USA UNIDAD 397 g,Units,HF PB 195 26,5000.0,7728.0,100.0,Terminada,2026-07-14,2026-07-14 06:10,2026-07-16 11:26,Sí,Dosificado manual ,DOSIFICADO MANUAL,Terminada,409.1,226.4,2026-07-14 21:36,2026-07-15 09:15,2026-07-16 18:30:24
SEM/MO/00828,[PTEC007] PULPA DE MARACUYA GOYA USA UNIDAD 397 g,Units,HF PB 195 26,5000.0,7728.0,100.0,Terminada,2026-07-14,2026-07-14 06:10,2026-07-16 11:26,Sí,Etiquetado manual,ETIQUETADO,Terminada,231.8,180.4,2026-07-14 07:38,2026-07-15 09:15,2026-07-16 18:30:24
SEM/MO/00824,[PTEC014] MARACUYA CON PEPAS MERICA UNIDAD 500 g,Units,L1952615,720.0,1733.0,100.0,Terminada,2026-07-14,2026-07-14 08:33,2026-07-16 11:33,Sí,Liberación ,LIMPIEZA,Terminada,64.8,112.0,2026-07-14 06:09,2026-07-15 09:02,2026-07-16 18:30:24
SEM/MO/00824,[PTEC014] MARACUYA CON PEPAS MERICA UNIDAD 500 g,Units,L1952615,720.0,1733.0,100.0,Terminada,2026-07-14,2026-07-14 08:33,2026-07-16 11:33,Sí,Lavado y desinfección,LAVADO 2,Terminada,82.8,134.3,2026-07-14 06:48,2026-07-15 09:04,2026-07-16 18:30:24
SEM/MO/00824,[PTEC014] MARACUYA CON PEPAS MERICA UNIDAD 500 g,Units,L1952615,720.0,1733.0,100.0,Terminada,2026-07-14,2026-07-14 08:33,2026-07-16 11:33,Sí,Despulpado manual,DESPULPADO MANUAL,Terminada,1270.6,546.2,2026-07-14 07:38,2026-07-15 09:11,2026-07-16 18:30:24
SEM/MO/00824,[PTEC014] MARACUYA CON PEPAS MERICA UNIDAD 500 g,Units,L1952615,720.0,1733.0,100.0,Terminada,2026-07-14,2026-07-14 08:33,2026-07-16 11:33,Sí,Dosificado manual ,DOSIFICADO MANUAL,Terminada,72.8,150.2,2026-07-14 17:56,2026-07-15 09:12,2026-07-16 18:30:24
SEM/MO/00824,[PTEC014] MARACUYA CON PEPAS MERICA UNIDAD 500 g,Units,L1952615,720.0,1733.0,100.0,Terminada,2026-07-14,2026-07-14 08:33,2026-07-16 11:33,Sí,Etiquetado manual,ETIQUETADO,Terminada,52.0,99.8,2026-07-14 08:33,2026-07-15 09:12,2026-07-16 18:30:24
SEM/MO/00859,[REP-PTEC008] (Reproceso) PULPA DE PAPAYA GOYA USA UNIDAD 397 g,,,1.0,0.0,0.0,Por cerrar,2026-07-14,2026-07-14 11:02,2026-07-14 12:02,No,,,,,,,,2026-07-16 18:30:24
SEM/MO/00860,[PTEC008] PULPA DE PAPAYA GOYA USA UNIDAD 397 g,,,1534.0,0.0,0.0,Por cerrar,2026-07-14,2026-07-14 11:03,2026-07-14 12:03,Sí,,,,,,,,2026-07-16 18:30:24
SEM/MO/00823,[PTEC002] PULPA DE GUANABANA GOYA USA UNIDAD 397 g,Units,HF PB 194 26,3240.0,4860.0,100.0,Terminada,2026-07-13,2026-07-14 11:08,2026-07-16 12:09,Sí,Liberación ,LIMPIEZA,Terminada,347.3,55.0,2026-07-14 11:15,2026-07-14 11:15,2026-07-16 18:30:24
SEM/MO/00823,[PTEC002] PULPA DE GUANABANA GOYA USA UNIDAD 397 g,Units,HF PB 194 26,3240.0,4860.0,100.0,Terminada,2026-07-13,2026-07-14 11:08,2026-07-16 12:09,Sí,Escaldado/descongelado,ESCALDADO,Terminada,280.2,44.6,2026-07-13 14:43,2026-07-13 15:28,2026-07-16 18:30:24
SEM/MO/00823,[PTEC002] PULPA DE GUANABANA GOYA USA UNIDAD 397 g,Units,HF PB 194 26,3240.0,4860.0,100.0,Terminada,2026-07-13,2026-07-14 11:08,2026-07-16 12:09,Sí,Despulpado y refinado,PULPEADO,Terminada,214.4,59.0,2026-07-13 14:44,2026-07-13 15:43,2026-07-16 18:30:24
SEM/MO/00823,[PTEC002] PULPA DE GUANABANA GOYA USA UNIDAD 397 g,Units,HF PB 194 26,3240.0,4860.0,100.0,Terminada,2026-07-13,2026-07-14 11:08,2026-07-16 12:09,Sí,Homogenizado,HOMOGENIZACIÓN,Terminada,48.2,30.0,2026-07-14 11:08,2026-07-14 12:36,2026-07-16 18:30:24
SEM/MO/00823,[PTEC002] PULPA DE GUANABANA GOYA USA UNIDAD 397 g,Units,HF PB 194 26,3240.0,4860.0,100.0,Terminada,2026-07-13,2026-07-14 11:08,2026-07-16 12:09,Sí,Pasteurizado,PASTEURIZACIÓN,Terminada,233.9,96.9,2026-07-13 15:45,2026-07-14 11:15,2026-07-16 18:30:24
SEM/MO/00823,[PTEC002] PULPA DE GUANABANA GOYA USA UNIDAD 397 g,Units,HF PB 194 26,3240.0,4860.0,100.0,Terminada,2026-07-13,2026-07-14 11:08,2026-07-16 12:09,Sí,Dosificado Automático,DOSIFICADO AUTOMÁTICO,Terminada,243.0,169.3,2026-07-13 17:59,2026-07-14 11:16,2026-07-16 18:30:24
SEM/MO/00823,[PTEC002] PULPA DE GUANABANA GOYA USA UNIDAD 397 g,Units,HF PB 194 26,3240.0,4860.0,100.0,Terminada,2026-07-13,2026-07-14 11:08,2026-07-16 12:09,Sí,Dosificado manual ,DOSIFICADO MANUAL,Terminada,171.5,228.7,2026-07-13 15:45,2026-07-13 19:05,2026-07-16 18:30:24
SEM/MO/00823,[PTEC002] PULPA DE GUANABANA GOYA USA UNIDAD 397 g,Units,HF PB 194 26,3240.0,4860.0,100.0,Terminada,2026-07-13,2026-07-14 11:08,2026-07-16 12:09,Sí,Etiquetado manual,ETIQUETADO,Terminada,145.8,32.8,2026-07-13 17:40,2026-07-14 11:16,2026-07-16 18:30:24
SEM/MO/00861,[REP-PTEC007] (Reproceso) PULPA DE MARACUYA GOYA USA UNIDAD 397 g,,,2431.0,0.0,0.0,Por cerrar,2026-07-14,2026-07-14 11:26,2026-07-14 12:26,Sí,,,,,,,,2026-07-16 18:30:24
SEM/MO/00862,[PTEC007] PULPA DE MARACUYA GOYA USA UNIDAD 397 g,Units,HF PB 187 26,2431.0,0.0,0.0,En progreso,2026-07-14,2026-07-14 11:27,2026-07-17 13:38,Sí,Liberación ,LIMPIEZA,waiting,173.7,0.0,,,2026-07-16 18:30:24
SEM/MO/00862,[PTEC007] PULPA DE MARACUYA GOYA USA UNIDAD 397 g,Units,HF PB 187 26,2431.0,0.0,0.0,En progreso,2026-07-14,2026-07-14 11:27,2026-07-17 13:38,Sí,Lavado y desinfección,LAVADO 2,Pendiente,221.9,0.0,,,2026-07-16 18:30:24
SEM/MO/00862,[PTEC007] PULPA DE MARACUYA GOYA USA UNIDAD 397 g,Units,HF PB 187 26,2431.0,0.0,0.0,En progreso,2026-07-14,2026-07-14 11:27,2026-07-17 13:38,Sí,Despulpado y refinado,PULPEADO,Pendiente,160.8,0.0,,,2026-07-16 18:30:24
SEM/MO/00862,[PTEC007] PULPA DE MARACUYA GOYA USA UNIDAD 397 g,Units,HF PB 187 26,2431.0,0.0,0.0,En progreso,2026-07-14,2026-07-14 11:27,2026-07-17 13:38,Sí,Pasteurizado,PASTEURIZACIÓN,Pendiente,117.0,0.0,,,2026-07-16 18:30:24
SEM/MO/00862,[PTEC007] PULPA DE MARACUYA GOYA USA UNIDAD 397 g,Units,HF PB 187 26,2431.0,0.0,0.0,En progreso,2026-07-14,2026-07-14 11:27,2026-07-17 13:38,Sí,Dosificado Automático,DOSIFICADO AUTOMÁTICO,Pendiente,121.5,0.0,,,2026-07-16 18:30:24
SEM/MO/00862,[PTEC007] PULPA DE MARACUYA GOYA USA UNIDAD 397 g,Units,HF PB 187 26,2431.0,0.0,0.0,En progreso,2026-07-14,2026-07-14 11:27,2026-07-17 13:38,Sí,Dosificado manual ,DOSIFICADO MANUAL,Pendiente,128.7,0.0,,,2026-07-16 18:30:24
SEM/MO/00862,[PTEC007] PULPA DE MARACUYA GOYA USA UNIDAD 397 g,Units,HF PB 187 26,2431.0,0.0,0.0,En progreso,2026-07-14,2026-07-14 11:27,2026-07-17 13:38,Sí,Etiquetado manual,ETIQUETADO,Pendiente,72.9,0.0,,,2026-07-16 18:30:24
SEM/MO/00863,[REP-PTEC014] (Reproceso) MARACUYA CON PEPAS MERICA UNIDAD 500 g,,,1348.0,0.0,0.0,Por cerrar,2026-07-14,2026-07-14 11:33,2026-07-14 12:33,Sí,,,,,,,,2026-07-16 18:30:24
SEM/MO/00864,[PTEC014] MARACUYA CON PEPAS MERICA UNIDAD 500 g,,,1348.0,0.0,0.0,Por cerrar,2026-07-14,2026-07-14 11:33,2026-07-14 12:33,Sí,,,,,,,,2026-07-16 18:30:24
SEM/MO/00822,[PTEC018] PULPA DE GUANABANA MERICA UNIDAD 250 g,Units,L1942615,12960.0,12928.0,100.0,Terminada,2026-07-13,2026-07-14 12:34,2026-07-16 12:13,Sí,Liberación ,LIMPIEZA,Terminada,581.8,70.0,2026-07-14 12:34,2026-07-14 12:34,2026-07-16 18:30:24
SEM/MO/00822,[PTEC018] PULPA DE GUANABANA MERICA UNIDAD 250 g,Units,L1942615,12960.0,12928.0,100.0,Terminada,2026-07-13,2026-07-14 12:34,2026-07-16 12:13,Sí,Escaldado/descongelado,ESCALDADO,Terminada,705.9,262.5,2026-07-13 08:11,2026-07-13 17:05,2026-07-16 18:30:24
SEM/MO/00822,[PTEC018] PULPA DE GUANABANA MERICA UNIDAD 250 g,Units,L1942615,12960.0,12928.0,100.0,Terminada,2026-07-13,2026-07-14 12:34,2026-07-16 12:13,Sí,Despulpado y refinado,PULPEADO,Terminada,540.0,328.8,2026-07-13 08:49,2026-07-13 17:58,2026-07-16 18:30:24
SEM/MO/00822,[PTEC018] PULPA DE GUANABANA MERICA UNIDAD 250 g,Units,L1942615,12960.0,12928.0,100.0,Terminada,2026-07-13,2026-07-14 12:34,2026-07-16 12:13,Sí,Calentamiento,CALENTAMIENTO,Terminada,391.8,277.8,2026-07-13 09:41,2026-07-14 12:34,2026-07-16 18:30:24
SEM/MO/00822,[PTEC018] PULPA DE GUANABANA MERICA UNIDAD 250 g,Units,L1942615,12960.0,12928.0,100.0,Terminada,2026-07-13,2026-07-14 12:34,2026-07-16 12:13,Sí,Dosificado manual ,DOSIFICADO MANUAL,Terminada,272.0,275.7,2026-07-13 10:43,2026-07-13 19:05,2026-07-16 18:30:24
SEM/MO/00822,[PTEC018] PULPA DE GUANABANA MERICA UNIDAD 250 g,Units,L1942615,12960.0,12928.0,100.0,Terminada,2026-07-13,2026-07-14 12:34,2026-07-16 12:13,Sí,Etiquetado manual,ETIQUETADO,Terminada,387.8,105.5,2026-07-13 08:11,2026-07-14 12:34,2026-07-16 18:30:24
SEM/MO/00841,[PTEXP019] Pulpa Lulo America x 250 gr (CAJAS 10 UDS),Units,L1842615,6840.0,6840.0,100.0,Terminada,2026-07-13,2026-07-14 12:53,2026-07-14 17:18,Sí,Encartonado,ENCARTONADO,Terminada,1050.0,160.0,2026-07-14 12:53,2026-07-14 12:53,2026-07-16 18:30:24
SEM/MO/00842,[PTEXP019] Pulpa Lulo America x 250 gr (CAJAS 10 UDS),Units,L1772615,3420.0,3420.0,100.0,Terminada,2026-07-13,2026-07-14 16:02,2026-07-14 17:41,Sí,Encartonado,ENCARTONADO,Terminada,525.0,70.0,2026-07-14 16:02,2026-07-14 16:02,2026-07-16 18:30:24
SEM/MO/00843,[PTEXP020] Pulpa Tamarindo America x 250 gr (CAJAS 10 UDS),Units,L1882615,3420.0,3420.0,100.0,Terminada,2026-07-13,2026-07-14 16:04,2026-07-14 17:35,Sí,Encartonado,ENCARTONADO,Terminada,525.0,75.0,2026-07-14 16:04,2026-07-14 16:04,2026-07-16 18:30:24
SEM/MO/00844,[PTEXP017] Pulpa Guayaba America x 250 gr (CAJAS 10 UDS),Units,L1752615,3420.0,3420.0,100.0,Terminada,2026-07-13,2026-07-14 16:04,2026-07-14 17:39,Sí,Encartonado,ENCARTONADO,Terminada,525.0,60.0,2026-07-14 16:04,2026-07-14 16:04,2026-07-16 18:30:24
SEM/MO/00845,[PTEXP012] Pulpa Mango America x 250 gr (CAJAS 10 UDS),Units,L1872615,10260.0,10260.0,100.0,Terminada,2026-07-14,2026-07-14 16:18,2026-07-14 23:42,Sí,Encartonado,ENCARTONADO,Terminada,1575.0,255.0,2026-07-14 16:18,2026-07-14 16:18,2026-07-16 18:30:24
SEM/MO/00825,[PTEC008] PULPA DE PAPAYA GOYA USA UNIDAD 397 g,Units,HF PB 196 26,3000.0,3504.0,100.0,Terminada,2026-07-14,2026-07-14 17:56,2026-07-16 11:02,Sí,Liberación ,LIMPIEZA,Terminada,250.4,69.5,2026-07-14 17:56,2026-07-16 09:02,2026-07-16 18:30:24
SEM/MO/00825,[PTEC008] PULPA DE PAPAYA GOYA USA UNIDAD 397 g,Units,HF PB 196 26,3000.0,3504.0,100.0,Terminada,2026-07-14,2026-07-14 17:56,2026-07-16 11:02,Sí,Lavado y desinfección,LAVADO 2,Terminada,163.1,86.2,2026-07-15 06:12,2026-07-16 09:02,2026-07-16 18:30:24
SEM/MO/00825,[PTEC008] PULPA DE PAPAYA GOYA USA UNIDAD 397 g,Units,HF PB 196 26,3000.0,3504.0,100.0,Terminada,2026-07-14,2026-07-14 17:56,2026-07-16 11:02,Sí,Despulpado y refinado,PULPEADO,Terminada,231.8,100.4,2026-07-15 06:42,2026-07-16 09:02,2026-07-16 18:30:24
SEM/MO/00825,[PTEC008] PULPA DE PAPAYA GOYA USA UNIDAD 397 g,Units,HF PB 196 26,3000.0,3504.0,100.0,Terminada,2026-07-14,2026-07-14 17:56,2026-07-16 11:02,Sí,Homogenizado,HOMOGENIZACIÓN,Terminada,34.8,182.8,2026-07-15 07:26,2026-07-16 09:02,2026-07-16 18:30:24
SEM/MO/00825,[PTEC008] PULPA DE PAPAYA GOYA USA UNIDAD 397 g,Units,HF PB 196 26,3000.0,3504.0,100.0,Terminada,2026-07-14,2026-07-14 17:56,2026-07-16 11:02,Sí,Pasteurizado,PASTEURIZACIÓN,Terminada,168.6,103.6,2026-07-15 08:45,2026-07-16 09:02,2026-07-16 18:30:24
SEM/MO/00825,[PTEC008] PULPA DE PAPAYA GOYA USA UNIDAD 397 g,Units,HF PB 196 26,3000.0,3504.0,100.0,Terminada,2026-07-14,2026-07-14 17:56,2026-07-16 11:02,Sí,Dosificado manual ,DOSIFICADO MANUAL,Terminada,185.5,204.1,2026-07-15 08:23,2026-07-16 09:03,2026-07-16 18:30:24
SEM/MO/00825,[PTEC008] PULPA DE PAPAYA GOYA USA UNIDAD 397 g,Units,HF PB 196 26,3000.0,3504.0,100.0,Terminada,2026-07-14,2026-07-14 17:56,2026-07-16 11:02,Sí,Etiquetado manual,ETIQUETADO,Terminada,105.1,103.0,2026-07-15 06:12,2026-07-16 09:03,2026-07-16 18:30:24
SEM/MO/00825,[PTEC008] PULPA DE PAPAYA GOYA USA UNIDAD 397 g,Units,HF PB 196 26,3000.0,3504.0,100.0,Terminada,2026-07-14,2026-07-14 17:56,2026-07-16 11:02,Sí,Despepado,DESPEPADO,Terminada,0.0,144.5,2026-07-15 06:11,2026-07-16 09:03,2026-07-16 18:30:24
SEM/MO/00826,[PULP009] PULPA DE PAPAYA 16 KG,kg,L1962608,320.0,336.0,100.0,Terminada,2026-07-14,2026-07-14 21:57,2026-07-16 10:58,Sí,Liberación ,LIMPIEZA,Terminada,19.6,19.2,2026-07-14 21:57,2026-07-16 09:04,2026-07-16 18:30:24
SEM/MO/00826,[PULP009] PULPA DE PAPAYA 16 KG,kg,L1962608,320.0,336.0,100.0,Terminada,2026-07-14,2026-07-14 21:57,2026-07-16 10:58,Sí,Lavado y desinfección,LAVADO 2,Terminada,38.2,15.0,2026-07-16 09:02,2026-07-16 09:07,2026-07-16 18:30:24
SEM/MO/00826,[PULP009] PULPA DE PAPAYA 16 KG,kg,L1962608,320.0,336.0,100.0,Terminada,2026-07-14,2026-07-14 21:57,2026-07-16 10:58,Sí,Despulpado y refinado,PULPEADO,Terminada,54.3,53.3,2026-07-15 08:23,2026-07-16 09:05,2026-07-16 18:30:24
SEM/MO/00826,[PULP009] PULPA DE PAPAYA 16 KG,kg,L1962608,320.0,336.0,100.0,Terminada,2026-07-14,2026-07-14 21:57,2026-07-16 10:58,Sí,Pasteurizado,PASTEURIZACIÓN,Terminada,39.5,38.7,2026-07-15 11:02,2026-07-16 09:05,2026-07-16 18:30:24
SEM/MO/00826,[PULP009] PULPA DE PAPAYA 16 KG,kg,L1962608,320.0,336.0,100.0,Terminada,2026-07-14,2026-07-14 21:57,2026-07-16 10:58,Sí,Envasado Manual,ENVASADO MANUAL,Terminada,19.6,35.5,2026-07-15 11:44,2026-07-16 09:06,2026-07-16 18:30:24
SEM/MO/00846,[PTEXP018] Pulpa Guanabana America x 250 gr (CAJAS 10 UDS),Units,L1832615,6840.0,6840.0,100.0,Terminada,2026-07-14,2026-07-14 23:44,2026-07-14 23:44,Sí,Encartonado,ENCARTONADO,Terminada,1050.0,135.0,2026-07-14 23:44,2026-07-14 23:44,2026-07-16 18:30:24
SEM/MO/00794,[PTEXP014] Maracuyá C/ Pepas x 500 gr (CAJAS 10 UDS),Units,L1242615,1980.0,1980.0,100.0,Terminada,2026-07-14,2026-07-14 23:56,2026-07-14 23:56,Sí,Encartonado,ENCARTONADO,Terminada,607.9,100.0,2026-07-14 23:56,2026-07-14 23:56,2026-07-16 18:30:24
SEM/MO/00870,[SALS005] SALSA DE DURAZNO EDULCORADA 15 KG,kg,L1962607,465.0,0.0,0.0,En progreso,2026-07-15,2026-07-15 07:32,2026-07-16 15:09,Sí,Picado,RALLADO,waiting,81.6,0.0,,,2026-07-16 18:30:24
SEM/MO/00870,[SALS005] SALSA DE DURAZNO EDULCORADA 15 KG,kg,L1962607,465.0,0.0,0.0,En progreso,2026-07-15,2026-07-15 07:32,2026-07-16 15:09,Sí,Pasteurizado,PASTEURIZACIÓN,Pendiente,56.3,0.0,,,2026-07-16 18:30:24
SEM/MO/00870,[SALS005] SALSA DE DURAZNO EDULCORADA 15 KG,kg,L1962607,465.0,0.0,0.0,En progreso,2026-07-15,2026-07-15 07:32,2026-07-16 15:09,Sí,Envasado Manual,ENVASADO MANUAL,Pendiente,27.9,0.0,,,2026-07-16 18:30:24
SEM/MO/00829,[PTEC021] TOMATE DE ARBOL ENTERO MERICA UNIDAD 500 g,Units,,2000.0,0.0,0.0,Confirmada,2026-07-15,2026-07-15 07:32,2026-07-16 08:20,Sí,Liberación ,LIMPIEZA,waiting,180.0,0.0,,,2026-07-16 18:30:24
SEM/MO/00829,[PTEC021] TOMATE DE ARBOL ENTERO MERICA UNIDAD 500 g,Units,,2000.0,0.0,0.0,Confirmada,2026-07-15,2026-07-15 07:32,2026-07-16 08:20,Sí,Lavado y desinfección,LAVADO 2,Pendiente,126.6,0.0,,,2026-07-16 18:30:24
SEM/MO/00829,[PTEC021] TOMATE DE ARBOL ENTERO MERICA UNIDAD 500 g,Units,,2000.0,0.0,0.0,Confirmada,2026-07-15,2026-07-15 07:32,2026-07-16 08:20,Sí,Enfundado 1,ENFUNDADO 1,Pendiente,500.0,0.0,,,2026-07-16 18:30:24
SEM/MO/00829,[PTEC021] TOMATE DE ARBOL ENTERO MERICA UNIDAD 500 g,Units,,2000.0,0.0,0.0,Confirmada,2026-07-15,2026-07-15 07:32,2026-07-16 08:20,Sí,Etiquetado manual,ETIQUETADO,Pendiente,60.0,0.0,,,2026-07-16 18:30:24
SEM/MO/00831,[PTEC020] PULPA DE TAMARINDO MERICA UNIDAD 250 g,Units,L1962615,9720.0,0.0,100.0,Por cerrar,2026-07-15,2026-07-15 09:18,2026-07-16 09:19,Sí,Calentamiento,CALENTAMIENTO,Terminada,0.0,215.8,2026-07-15 15:55,2026-07-16 09:18,2026-07-16 18:30:24
SEM/MO/00831,[PTEC020] PULPA DE TAMARINDO MERICA UNIDAD 250 g,Units,L1962615,9720.0,0.0,100.0,Por cerrar,2026-07-15,2026-07-15 09:18,2026-07-16 09:19,Sí,Liberación ,LIMPIEZA,Terminada,508.4,176.8,2026-07-15 09:18,2026-07-16 09:19,2026-07-16 18:30:24
SEM/MO/00831,[PTEC020] PULPA DE TAMARINDO MERICA UNIDAD 250 g,Units,L1962615,9720.0,0.0,100.0,Por cerrar,2026-07-15,2026-07-15 09:18,2026-07-16 09:19,Sí,Escaldado/descongelado,ESCALDADO,Terminada,668.9,292.9,2026-07-15 14:50,2026-07-15 19:43,2026-07-16 18:30:24
SEM/MO/00831,[PTEC020] PULPA DE TAMARINDO MERICA UNIDAD 250 g,Units,L1962615,9720.0,0.0,100.0,Por cerrar,2026-07-15,2026-07-15 09:18,2026-07-16 09:19,Sí,Despulpado y refinado,PULPEADO,Terminada,405.0,219.5,2026-07-15 14:50,2026-07-15 19:43,2026-07-16 18:30:24
SEM/MO/00831,[PTEC020] PULPA DE TAMARINDO MERICA UNIDAD 250 g,Units,L1962615,9720.0,0.0,100.0,Por cerrar,2026-07-15,2026-07-15 09:18,2026-07-16 09:19,Sí,Dosificado manual ,DOSIFICADO MANUAL,Terminada,237.2,388.0,2026-07-15 17:26,2026-07-16 09:19,2026-07-16 18:30:24
SEM/MO/00831,[PTEC020] PULPA DE TAMARINDO MERICA UNIDAD 250 g,Units,L1962615,9720.0,0.0,100.0,Por cerrar,2026-07-15,2026-07-15 09:18,2026-07-16 09:19,Sí,Etiquetado manual,ETIQUETADO,Terminada,338.9,197.4,2026-07-15 12:37,2026-07-16 09:19,2026-07-16 18:30:24
SEM/MO/00832,[SALS007] SALSA DE CHOCOLATE 1 KG,kg,L1962604,1000.0,0.0,100.0,Por cerrar,2026-07-15,2026-07-15 10:07,2026-07-16 09:27,Sí,Liberación ,LIMPIEZA,Terminada,62.9,31.4,2026-07-15 11:31,2026-07-16 09:26,2026-07-16 18:30:24
SEM/MO/00832,[SALS007] SALSA DE CHOCOLATE 1 KG,kg,L1962604,1000.0,0.0,100.0,Por cerrar,2026-07-15,2026-07-15 10:07,2026-07-16 09:27,Sí,Mezclado,MEZCLADO,Terminada,132.4,55.0,2026-07-15 10:07,2026-07-16 09:26,2026-07-16 18:30:24
SEM/MO/00832,[SALS007] SALSA DE CHOCOLATE 1 KG,kg,L1962604,1000.0,0.0,100.0,Por cerrar,2026-07-15,2026-07-15 10:07,2026-07-16 09:27,Sí,Pasteurizado,PASTEURIZACIÓN,Terminada,126.8,181.4,2026-07-15 11:02,2026-07-16 09:26,2026-07-16 18:30:24
SEM/MO/00832,[SALS007] SALSA DE CHOCOLATE 1 KG,kg,L1962604,1000.0,0.0,100.0,Por cerrar,2026-07-15,2026-07-15 10:07,2026-07-16 09:27,Sí,Envasado Manual,ENVASADO MANUAL,Terminada,62.9,209.4,2026-07-15 12:19,2026-07-16 09:27,2026-07-16 18:30:24
SEM/MO/00858,"[DILUC001] DILUCIÓN DE SODA CAUSTICA 1,5%",,,240.0,0.0,0.0,Por cerrar,2026-07-15,2026-07-15 10:36,2026-07-15 11:36,Sí,,,,,,,,2026-07-16 18:30:24
SEM/MO/00852,[MPI001] DURAZNO ENTERO PELADO ,kg,L1962699,300.0,0.0,100.0,Por cerrar,2026-07-15,2026-07-15 11:02,2026-07-16 09:36,Sí,Rallado,RALLADO,Terminada,0.0,90.4,2026-07-15 16:32,2026-07-16 09:30,2026-07-16 18:30:24
SEM/MO/00852,[MPI001] DURAZNO ENTERO PELADO ,kg,L1962699,300.0,0.0,100.0,Por cerrar,2026-07-15,2026-07-15 11:02,2026-07-16 09:36,Sí,Liberación ,LIMPIEZA,Terminada,29.0,52.2,2026-07-15 22:01,2026-07-16 09:30,2026-07-16 18:30:24
SEM/MO/00852,[MPI001] DURAZNO ENTERO PELADO ,kg,L1962699,300.0,0.0,100.0,Por cerrar,2026-07-15,2026-07-15 11:02,2026-07-16 09:36,Sí,Proceso Manual ,DESPITONADO,Terminada,330.0,199.9,2026-07-15 11:02,2026-07-16 09:30,2026-07-16 18:30:24
SEM/MO/00852,[MPI001] DURAZNO ENTERO PELADO ,kg,L1962699,300.0,0.0,100.0,Por cerrar,2026-07-15,2026-07-15 11:02,2026-07-16 09:36,Sí,Lavado y desinfección,LAVADO 1,Terminada,88.0,44.0,2026-07-15 13:38,2026-07-16 09:30,2026-07-16 18:30:24
SEM/MO/00852,[MPI001] DURAZNO ENTERO PELADO ,kg,L1962699,300.0,0.0,100.0,Por cerrar,2026-07-15,2026-07-15 11:02,2026-07-16 09:36,Sí,Despepado,DESPEPADO,Terminada,440.0,183.9,2026-07-15 14:51,2026-07-16 09:32,2026-07-16 18:30:24
SEM/MO/00852,[MPI001] DURAZNO ENTERO PELADO ,kg,L1962699,300.0,0.0,100.0,Por cerrar,2026-07-15,2026-07-15 11:02,2026-07-16 09:36,Sí,Pelado químico,PELADO QUÍMICO,Terminada,154.4,112.1,2026-07-15 15:27,2026-07-16 09:32,2026-07-16 18:30:24
SEM/MO/00852,[MPI001] DURAZNO ENTERO PELADO ,kg,L1962699,300.0,0.0,100.0,Por cerrar,2026-07-15,2026-07-15 11:02,2026-07-16 09:36,Sí,Inspección ,REVISIÓN VISUAL/ MANUAL,Terminada,726.0,406.9,2026-07-15 14:51,2026-07-16 09:32,2026-07-16 18:30:24
SEM/MO/00852,[MPI001] DURAZNO ENTERO PELADO ,kg,L1962699,300.0,0.0,100.0,Por cerrar,2026-07-15,2026-07-15 11:02,2026-07-16 09:36,Sí,Envasado Manual,ENVASADO MANUAL,Terminada,29.0,0.0,2026-07-15 14:04,2026-07-16 09:36,2026-07-16 18:30:24
SEM/MO/00871,[PTEXP012] Pulpa Mango America x 250 gr (CAJAS 10 UDS),Units,,3420.0,0.0,0.0,Confirmada,2026-07-15,2026-07-15 12:38,2026-07-16 13:45,Sí,Encartonado,ENCARTONADO,waiting,525.0,0.0,,,2026-07-16 18:30:24
SEM/MO/00872,[PTEXP017] Pulpa Guayaba America x 250 gr (CAJAS 10 UDS),Units,,3420.0,0.0,0.0,Confirmada,2026-07-15,2026-07-15 12:39,2026-07-16 13:45,Sí,Encartonado,ENCARTONADO,waiting,525.0,0.0,,,2026-07-16 18:30:24
SEM/MO/00873,[PTEXP018] Pulpa Guanabana America x 250 gr (CAJAS 10 UDS),Units,,3420.0,0.0,0.0,Confirmada,2026-07-15,2026-07-15 12:39,2026-07-16 13:45,Sí,Encartonado,ENCARTONADO,waiting,525.0,0.0,,,2026-07-16 18:30:24
SEM/MO/00874,[PTEXP020] Pulpa Tamarindo America x 250 gr (CAJAS 10 UDS),Units,,3420.0,0.0,0.0,En progreso,2026-07-15,2026-07-15 12:40,2026-07-16 13:45,Sí,Encartonado,ENCARTONADO,waiting,525.0,0.0,,,2026-07-16 18:30:24
SEM/MO/00876,[PTEXP003] NARANJILLA PULP 12 X 14 OZ,Caja de 12,,200.0,0.0,0.0,En progreso,2026-07-15,2026-07-15 12:41,2026-07-16 09:00,Sí,Encartonado,ENCARTONADO,waiting,300.0,0.0,,,2026-07-16 18:30:24
SEM/MO/00877,[PTEXP009] PINEAPPLE PULP 12 X 14 OZ,Caja de 12,,200.0,0.0,0.0,Confirmada,2026-07-15,2026-07-15 12:43,2026-07-16 09:00,Sí,Encartonado,ENCARTONADO,waiting,300.0,0.0,,,2026-07-16 18:30:24
SEM/MO/00853,[PTEC018] PULPA DE GUANABANA MERICA UNIDAD 250 g,Units,,13000.0,0.0,0.0,En progreso,2026-07-16,2026-07-16 06:21,2026-07-16 15:30,Sí,Liberación ,LIMPIEZA,En progreso,585.0,54.4,2026-07-16 06:21,2026-07-17 09:45,2026-07-16 18:30:24
SEM/MO/00853,[PTEC018] PULPA DE GUANABANA MERICA UNIDAD 250 g,Units,,13000.0,0.0,0.0,En progreso,2026-07-16,2026-07-16 06:21,2026-07-16 15:30,Sí,Escaldado/descongelado,ESCALDADO,En progreso,708.1,0.0,2026-07-16 07:16,2026-07-17 11:48,2026-07-16 18:30:24
SEM/MO/00853,[PTEC018] PULPA DE GUANABANA MERICA UNIDAD 250 g,Units,,13000.0,0.0,0.0,En progreso,2026-07-16,2026-07-16 06:21,2026-07-16 15:30,Sí,Despulpado y refinado,PULPEADO,En progreso,541.7,0.0,2026-07-16 07:29,2026-07-17 09:01,2026-07-16 18:30:24
SEM/MO/00853,[PTEC018] PULPA DE GUANABANA MERICA UNIDAD 250 g,Units,,13000.0,0.0,0.0,En progreso,2026-07-16,2026-07-16 06:21,2026-07-16 15:30,Sí,Calentamiento,CALENTAMIENTO,En progreso,393.9,99.6,2026-07-16 08:21,2026-07-16 15:55,2026-07-16 18:30:24
SEM/MO/00853,[PTEC018] PULPA DE GUANABANA MERICA UNIDAD 250 g,Units,,13000.0,0.0,0.0,En progreso,2026-07-16,2026-07-16 06:21,2026-07-16 15:30,Sí,Dosificado manual ,DOSIFICADO MANUAL,En progreso,272.9,198.4,2026-07-16 08:55,2026-07-16 14:28,2026-07-16 18:30:24
SEM/MO/00853,[PTEC018] PULPA DE GUANABANA MERICA UNIDAD 250 g,Units,,13000.0,0.0,0.0,En progreso,2026-07-16,2026-07-16 06:21,2026-07-16 15:30,Sí,Etiquetado manual,ETIQUETADO,En progreso,390.0,153.7,2026-07-16 06:21,2026-07-16 15:30,2026-07-16 18:30:24
SEM/MO/00835,[PTEC002] PULPA DE GUANABANA GOYA USA UNIDAD 397 g,Units,,4000.0,0.0,0.0,En progreso,2026-07-16,2026-07-16 06:21,2026-07-16 15:00,Sí,Liberación ,LIMPIEZA,En progreso,285.8,45.7,2026-07-16 06:21,2026-07-16 13:45,2026-07-16 18:30:24
SEM/MO/00835,[PTEC002] PULPA DE GUANABANA GOYA USA UNIDAD 397 g,Units,,4000.0,0.0,0.0,En progreso,2026-07-16,2026-07-16 06:21,2026-07-16 15:00,Sí,Escaldado/descongelado,ESCALDADO,Pendiente,346.0,0.0,,,2026-07-16 18:30:24
SEM/MO/00835,[PTEC002] PULPA DE GUANABANA GOYA USA UNIDAD 397 g,Units,,4000.0,0.0,0.0,En progreso,2026-07-16,2026-07-16 06:21,2026-07-16 15:00,Sí,Despulpado y refinado,PULPEADO,Pendiente,264.7,0.0,,,2026-07-16 18:30:24
SEM/MO/00835,[PTEC002] PULPA DE GUANABANA GOYA USA UNIDAD 397 g,Units,,4000.0,0.0,0.0,En progreso,2026-07-16,2026-07-16 06:21,2026-07-16 15:00,Sí,Homogenizado,HOMOGENIZACIÓN,En progreso,39.7,0.0,2026-07-16 10:00,2026-07-16 10:40,2026-07-16 18:30:24
SEM/MO/00835,[PTEC002] PULPA DE GUANABANA GOYA USA UNIDAD 397 g,Units,,4000.0,0.0,0.0,En progreso,2026-07-16,2026-07-16 06:21,2026-07-16 15:00,Sí,Pasteurizado,PASTEURIZACIÓN,En progreso,192.5,0.0,2026-07-16 10:01,2026-07-16 14:13,2026-07-16 18:30:24
SEM/MO/00835,[PTEC002] PULPA DE GUANABANA GOYA USA UNIDAD 397 g,Units,,4000.0,0.0,0.0,En progreso,2026-07-16,2026-07-16 06:21,2026-07-16 15:00,Sí,Dosificado Automático,DOSIFICADO AUTOMÁTICO,En progreso,200.0,0.0,2026-07-16 12:14,2026-07-16 16:20,2026-07-16 18:30:24
SEM/MO/00835,[PTEC002] PULPA DE GUANABANA GOYA USA UNIDAD 397 g,Units,,4000.0,0.0,0.0,En progreso,2026-07-16,2026-07-16 06:21,2026-07-16 15:00,Sí,Dosificado manual ,DOSIFICADO MANUAL,En progreso,211.7,0.1,2026-07-16 12:14,2026-07-16 16:31,2026-07-16 18:30:24
SEM/MO/00835,[PTEC002] PULPA DE GUANABANA GOYA USA UNIDAD 397 g,Units,,4000.0,0.0,0.0,En progreso,2026-07-16,2026-07-16 06:21,2026-07-16 15:00,Sí,Etiquetado manual,ETIQUETADO,En progreso,120.0,0.0,2026-07-16 12:19,2026-07-16 15:00,2026-07-16 18:30:24
SEM/MO/00833,[PTEC032] MORA ENTERA GOYA UE UNIDAD 397 g,Units,,700.0,0.0,0.0,Confirmada,2026-07-14,2026-07-16 07:34,2026-07-16 10:18,Sí,Liberación ,LIMPIEZA,waiting,50.0,0.0,,,2026-07-16 18:30:24
SEM/MO/00833,[PTEC032] MORA ENTERA GOYA UE UNIDAD 397 g,Units,,700.0,0.0,0.0,Confirmada,2026-07-14,2026-07-16 07:34,2026-07-16 10:18,Sí,Desinfección,DESINFECCIÓN,Pendiente,115.8,0.0,,,2026-07-16 18:30:24
SEM/MO/00833,[PTEC032] MORA ENTERA GOYA UE UNIDAD 397 g,Units,,700.0,0.0,0.0,Confirmada,2026-07-14,2026-07-16 07:34,2026-07-16 10:18,Sí,Enfundado 1,ENFUNDADO 1,Pendiente,138.9,0.0,,,2026-07-16 18:30:24
SEM/MO/00833,[PTEC032] MORA ENTERA GOYA UE UNIDAD 397 g,Units,,700.0,0.0,0.0,Confirmada,2026-07-14,2026-07-16 07:34,2026-07-16 10:18,Sí,Etiquetado manual,ETIQUETADO,Pendiente,21.0,0.0,,,2026-07-16 18:30:24
SEM/MO/00827,[PULP010] PULPA DE MARACUYA 10 KG,kg,L1952608,10.0,10.0,100.0,Terminada,2026-07-14,2026-07-16 08:36,2026-07-16 11:44,Sí,Pasteurizado,PASTEURIZACIÓN,Terminada,1.2,11.7,2026-07-14 18:19,2026-07-15 09:27,2026-07-16 18:30:24
SEM/MO/00827,[PULP010] PULPA DE MARACUYA 10 KG,kg,L1952608,10.0,10.0,100.0,Terminada,2026-07-14,2026-07-16 08:36,2026-07-16 11:44,Sí,Envasado Manual,ENVASADO MANUAL,Terminada,0.6,31.7,2026-07-14 19:07,2026-07-15 09:28,2026-07-16 18:30:24
SEM/MO/00855,[PTEC019] PULPA DE LULO MERICA UNIDAD 250 g,,,2016.0,0.0,0.0,Por cerrar,2026-07-10,2026-07-16 09:21,2026-07-16 10:21,Sí,,,,,,,,2026-07-16 18:30:24
SEM/MO/00837,[TOPP002] TOPPING DE PIÑA 20BX 2 KG,kg,,200.0,0.0,0.0,Confirmada,2026-07-17,2026-07-17 07:36,2026-07-17 11:20,Sí,Liberación ,LIMPIEZA,waiting,12.0,0.0,,,2026-07-16 18:30:24
SEM/MO/00837,[TOPP002] TOPPING DE PIÑA 20BX 2 KG,kg,,200.0,0.0,0.0,Confirmada,2026-07-17,2026-07-17 07:36,2026-07-17 11:20,Sí,Lavado y desinfección,LAVADO 2,Pendiente,9.9,0.0,,,2026-07-16 18:30:24
SEM/MO/00837,[TOPP002] TOPPING DE PIÑA 20BX 2 KG,kg,,200.0,0.0,0.0,Confirmada,2026-07-17,2026-07-17 07:36,2026-07-17 11:20,Sí,Pelado manual,PELADO MANUAL,Pendiente,200.0,0.0,,,2026-07-16 18:30:24
SEM/MO/00837,[TOPP002] TOPPING DE PIÑA 20BX 2 KG,kg,,200.0,0.0,0.0,Confirmada,2026-07-17,2026-07-17 07:36,2026-07-17 11:20,Sí,Picado,RALLADO,Pendiente,35.1,0.0,,,2026-07-16 18:30:24
SEM/MO/00837,[TOPP002] TOPPING DE PIÑA 20BX 2 KG,kg,,200.0,0.0,0.0,Confirmada,2026-07-17,2026-07-17 07:36,2026-07-17 11:20,Sí,Pasteurizado,PASTEURIZACIÓN,Pendiente,24.2,0.0,,,2026-07-16 18:30:24
SEM/MO/00837,[TOPP002] TOPPING DE PIÑA 20BX 2 KG,kg,,200.0,0.0,0.0,Confirmada,2026-07-17,2026-07-17 07:36,2026-07-17 11:20,Sí,Envasado Manual,ENFUNDADO 2,Pendiente,24.0,0.0,,,2026-07-16 18:30:24
SEM/MO/00838,[PTEC019] PULPA DE LULO MERICA UNIDAD 250 g,Units,,12960.0,0.0,0.0,Confirmada,2026-07-17,2026-07-17 07:37,2026-07-23 11:02,Sí,Liberación ,LIMPIEZA,waiting,583.2,0.0,,,2026-07-16 18:30:24
SEM/MO/00838,[PTEC019] PULPA DE LULO MERICA UNIDAD 250 g,Units,,12960.0,0.0,0.0,Confirmada,2026-07-17,2026-07-17 07:37,2026-07-23 11:02,Sí,Proceso Manual ,DESPITONADO,Pendiente,3062.6,0.0,,,2026-07-16 18:30:24
SEM/MO/00838,[PTEC019] PULPA DE LULO MERICA UNIDAD 250 g,Units,,12960.0,0.0,0.0,Confirmada,2026-07-17,2026-07-17 07:37,2026-07-23 11:02,Sí,Lavado y desinfección,LAVADO 2,Pendiente,344.4,0.0,,,2026-07-16 18:30:24
SEM/MO/00838,[PTEC019] PULPA DE LULO MERICA UNIDAD 250 g,Units,,12960.0,0.0,0.0,Confirmada,2026-07-17,2026-07-17 07:37,2026-07-23 11:02,Sí,Escaldado/descongelado,ESCALDADO,Pendiente,648.3,0.0,,,2026-07-16 18:30:24
SEM/MO/00838,[PTEC019] PULPA DE LULO MERICA UNIDAD 250 g,Units,,12960.0,0.0,0.0,Confirmada,2026-07-17,2026-07-17 07:37,2026-07-23 11:02,Sí,Despulpado y refinado,PULPEADO,Pendiente,540.0,0.0,,,2026-07-16 18:30:24
SEM/MO/00838,[PTEC019] PULPA DE LULO MERICA UNIDAD 250 g,Units,,12960.0,0.0,0.0,Confirmada,2026-07-17,2026-07-17 07:37,2026-07-23 11:02,Sí,Calentamiento,CALENTAMIENTO,Pendiente,392.7,0.0,,,2026-07-16 18:30:24
SEM/MO/00838,[PTEC019] PULPA DE LULO MERICA UNIDAD 250 g,Units,,12960.0,0.0,0.0,Confirmada,2026-07-17,2026-07-17 07:37,2026-07-23 11:02,Sí,Dosificado manual ,DOSIFICADO MANUAL,Pendiente,272.0,0.0,,,2026-07-16 18:30:24
SEM/MO/00838,[PTEC019] PULPA DE LULO MERICA UNIDAD 250 g,Units,,12960.0,0.0,0.0,Confirmada,2026-07-17,2026-07-17 07:37,2026-07-23 11:02,Sí,Etiquetado manual,ETIQUETADO,Pendiente,388.8,0.0,,,2026-07-16 18:30:24
SEM/MO/00839,[PTEC003] PULPA DE NARANJILLA GOYA USA UNIDAD 397 g,Units,,3240.0,0.0,0.0,Confirmada,2026-07-17,2026-07-17 07:37,2026-07-18 13:45,Sí,Liberación ,LIMPIEZA,waiting,231.5,0.0,,,2026-07-16 18:30:24
SEM/MO/00839,[PTEC003] PULPA DE NARANJILLA GOYA USA UNIDAD 397 g,Units,,3240.0,0.0,0.0,Confirmada,2026-07-17,2026-07-17 07:37,2026-07-18 13:45,Sí,Proceso Manual ,DESPITONADO,Pendiente,765.6,0.0,,,2026-07-16 18:30:24
SEM/MO/00839,[PTEC003] PULPA DE NARANJILLA GOYA USA UNIDAD 397 g,Units,,3240.0,0.0,0.0,Confirmada,2026-07-17,2026-07-17 07:37,2026-07-18 13:45,Sí,Lavado y desinfección,LAVADO 2,Pendiente,136.7,0.0,,,2026-07-16 18:30:24
SEM/MO/00839,[PTEC003] PULPA DE NARANJILLA GOYA USA UNIDAD 397 g,Units,,3240.0,0.0,0.0,Confirmada,2026-07-17,2026-07-17 07:37,2026-07-18 13:45,Sí,Escaldado/descongelado,ESCALDADO,Pendiente,257.4,0.0,,,2026-07-16 18:30:24
SEM/MO/00839,[PTEC003] PULPA DE NARANJILLA GOYA USA UNIDAD 397 g,Units,,3240.0,0.0,0.0,Confirmada,2026-07-17,2026-07-17 07:37,2026-07-18 13:45,Sí,Despulpado y refinado,PULPEADO,Pendiente,214.4,0.0,,,2026-07-16 18:30:24
SEM/MO/00839,[PTEC003] PULPA DE NARANJILLA GOYA USA UNIDAD 397 g,Units,,3240.0,0.0,0.0,Confirmada,2026-07-17,2026-07-17 07:37,2026-07-18 13:45,Sí,Pasteurizado,PASTEURIZACIÓN,Pendiente,155.9,0.0,,,2026-07-16 18:30:24
SEM/MO/00839,[PTEC003] PULPA DE NARANJILLA GOYA USA UNIDAD 397 g,Units,,3240.0,0.0,0.0,Confirmada,2026-07-17,2026-07-17 07:37,2026-07-18 13:45,Sí,Dosificado Automático,DOSIFICADO AUTOMÁTICO,Pendiente,162.0,0.0,,,2026-07-16 18:30:24
SEM/MO/00839,[PTEC003] PULPA DE NARANJILLA GOYA USA UNIDAD 397 g,Units,,3240.0,0.0,0.0,Confirmada,2026-07-17,2026-07-17 07:37,2026-07-18 13:45,Sí,Dosificado manual ,DOSIFICADO MANUAL,Pendiente,171.5,0.0,,,2026-07-16 18:30:24
SEM/MO/00839,[PTEC003] PULPA DE NARANJILLA GOYA USA UNIDAD 397 g,Units,,3240.0,0.0,0.0,Confirmada,2026-07-17,2026-07-17 07:37,2026-07-18 13:45,Sí,Etiquetado manual,ETIQUETADO,Pendiente,97.2,0.0,,,2026-07-16 18:30:24
SEM/MO/00762,[PTEC032] MORA ENTERA GOYA UE UNIDAD 397 g,Units,HF PB 174 26,617.0,617.0,100.0,Terminada,2026-07-03,2026-07-17 09:45,2026-07-16 12:28,Sí,Desinfección,DESINFECCIÓN,Terminada,101.4,165.0,2026-07-16 10:16,2026-07-16 10:16,2026-07-16 18:30:24
SEM/MO/00762,[PTEC032] MORA ENTERA GOYA UE UNIDAD 397 g,Units,HF PB 174 26,617.0,617.0,100.0,Terminada,2026-07-03,2026-07-17 09:45,2026-07-16 12:28,Sí,Enfundado 1,ENFUNDADO 1,Terminada,121.7,75.0,2026-07-16 10:15,2026-07-16 10:15,2026-07-16 18:30:24
